data,Palermo_SPI1,Messina_SPI1,Catania_SPI1,Enna_SPI1,Trapani_SPI1,Caltanissetta_SPI1,Siracusa_SPI1,Ragusa_SPI1,Agrigento_SPI1,Palermo_SPI2,Messina_SPI2,Catania_SPI2,Enna_SPI2,Trapani_SPI2,Caltanissetta_SPI2,Siracusa_SPI2,Ragusa_SPI2,Agrigento_SPI2,Palermo_SPI3,Messina_SPI3,Catania_SPI3,Enna_SPI3,Trapani_SPI3,Caltanissetta_SPI3,Siracusa_SPI3,Ragusa_SPI3,Agrigento_SPI3
1951-01-01,0.7805270817883803,0.8684083138597928,0.8144463884649761,0.6781456215416571,0.6033877806869852,0.7745437093947597,1.4475693618283803,0.9683712793316366,0.7858242369280112,0.4172829652327562,0.48701789843979676,-0.2368322997587938,0.08763180415514647,0.008986455596271639,-0.03346224439828417,-0.4237232900117554,-0.18019496954740644,0.04159462663881665,0.28962485419822837,0.2234059526157051,0.10382729756773938,0.1648530982295181,0.2843484555765006,0.2069462658415388,0.10329175793814296,0.15063439512011634,0.2203673534870263
1951-02-01,-1.147574261020411,-1.9780426521097305,-0.8643413468614124,-0.7616479481500685,-0.516692887695644,-0.5790464539484125,-1.5501044794780703,-0.9391801876025311,-0.641771569306637,0.6838156995681073,0.720858359912638,0.0035054546053848354,0.19699118897205997,0.15381915870905494,0.18765163648749766,0.30873549982315485,0.1830915280892325,0.30530924769050843,-0.061445612204822045,-0.3721030184585543,-0.35021933048595616,-0.24331685813680595,0.14701997920105334,-0.18095325933392314,-0.5814683700299573,-0.2913007730176683,-0.0853196508645377
1951-03-01,0.18214314403784684,-0.2116143076309738,-0.4645401596976549,-0.23310839609481382,0.00870909382947544,-0.06426950977741668,-1.0355127451631232,-0.520309257134115,-0.07054752510743492,1.2408078711536186,1.4219670446624855,0.2715832327869289,0.6473439347537902,0.4756453085960789,0.5955469558808919,0.27041337731821613,0.49962196404362,0.6726873487407133,0.4954425813672055,-0.01961801064404276,-0.8536257561645972,-0.5211214615308987,0.18101726366145304,-0.028639044583384003,-1.2127735670130708,-0.374585909768939,0.19397307858483828
1951-04-01,-0.043921135156193634,-1.3373393376977623,-0.09618225438660541,-0.33032011157169444,-0.03450819331946686,-0.4082689823755315,1.3051659979296928,-0.8103140031266077,-0.048684721212608514,0.67700921327618,0.40165905594415385,-0.3427349738915727,0.0014844698175912646,0.338162083482791,0.17966370220180725,-1.0255451239140425,-0.2615473063641115,0.1749974799851144,1.6077357927187457,0.9628625620560474,-0.20303477074800125,0.12214459171507548,0.8859628020636863,0.49606879403944104,-0.3917006450278963,0.21424842390064905,0.7323953131503048
1951-05-01,-0.42758974078913076,-0.9393074810600514,-0.7630913248533855,-0.9383244285562324,-0.19449005126716806,-0.7229946270751979,-0.8924215216271405,-0.6959560014149963,-0.4599135780332812,0.5824154275243211,0.4201936835048018,-0.5191672124982547,-0.2753180573858104,0.16030989121600978,-0.12386522392356863,-1.0913709592227692,-0.46990371591847585,-0.07845993681545411,0.5694241918678209,-0.43273869359965167,-1.0351838242650853,-0.7810193291219785,0.2591437880366511,-0.26254823531539057,-0.9370264367739833,-0.7404968398327083,-0.02670627001927103
1951-06-01,-1.0019792015675275,-3.271698040415743,-1.5043266930274926,-2.149398830566403,-0.42202589987713884,-0.620641529734346,-2.589197975509532,-1.7474944074087664,-0.770168337386294,-0.5128560372460566,-1.293621990825859,-1.8818344293980978,-1.8831044193186481,-0.4567865572093601,-1.3417409482679339,-2.8061808653482903,-1.809656419333695,-1.0625839768888643,0.07466053495410999,-0.41337045987942955,-1.0813947507757036,-0.8568934292497983,-0.11990294467427097,-0.5219849639158595,-1.0397267812083186,-0.8514874587858343,-0.3507549690490883
1951-07-01,-0.8319367498834767,-1.6386319644985825,-1.4384551798860694,-1.7669533178371772,-0.24047435711273174,-1.1200053766356666,-2.342174263950737,-1.5066081855051698,-1.0114478004623,-1.2090236975215511,-1.8082896384027451,-1.9132354945894154,-2.030188448617258,-1.230226267259738,-1.705903163849407,-2.410356194362723,-1.799143343991627,-1.4910947181605232,-1.0585317762227096,-1.3278686228799739,-1.2357123420048883,-1.4321781576226176,-0.9272059375027654,-1.25866808689613,-0.7674295106446148,-1.0914468490491713,-1.1317003303584583
1951-08-01,-0.2731187063251413,1.2197306112936683,1.6243839168570233,1.9637847120564007,-0.43382454788969316,0.30256270187000234,3.3125768765442536,1.0387256609831843,0.084566260064714,-1.4621355965118985,-2.0002647657402615,-1.721830459391287,-1.787423625511209,-1.4902082893977757,-1.3743799419201392,-2.1940793023321477,-1.6769701223497446,-1.540272177909386,-1.2818926413626806,-1.9353495599788562,-1.3048452275633777,-1.516126919334369,-1.1654374282690865,-1.2840595647647661,-0.8762286760381659,-1.1314663937842915,-1.251447986968197
1951-09-01,0.5078549596706566,-0.895957771009626,0.0798720358554535,-0.3000804429448113,0.8262479924143418,0.39800818157471657,-0.5275378977937422,-0.025223442785450755,0.3334074746130905,-0.2363172385760987,-0.6213008149240082,-0.1636094808591326,-0.2802129994458699,-0.386684870008474,-0.22581358943190818,-0.12422858060836597,-0.20197759456178874,-0.519677308777795,-0.6721691732344675,-1.0146417864680084,0.1558384590563232,-0.24200323737204527,-0.6104386415666991,-0.3416908226569614,0.5095790161583532,-0.1503805844920736,-0.7113697530713471
1951-10-01,1.6329235149460024,3.1989567159177117,2.7119479942618088,2.619653018634248,1.527952229132019,1.9635221656773936,3.368204669157297,2.718742816755959,1.6794538850888618,1.0912516621508468,2.0141639090856462,1.622453160098391,1.6209165352946404,0.9055217565164736,1.273208570696436,2.0046033962688323,1.5744572454105223,1.0273673210129048,0.9336192948282033,2.73202814547002,2.3965511724861948,2.2011839878088737,0.6612549411008636,1.1738089423885518,3.0762967473126284,2.0180578367903053,0.827704132266476
1951-11-01,0.942722895280254,1.3814900947642321,1.1881709269288796,1.1002493633800272,0.8486149911950195,1.1459274822819816,1.703128080391945,1.5434094090968973,1.0120961878259707,1.3894511524537672,2.807051035171942,2.4497027909177285,2.387602166950869,1.274216687656399,1.4228733214006684,3.1158559929393634,2.095324360566332,1.2848084321850213,1.2435642605949393,2.7794344979596426,2.350178598433502,2.1350092092991444,1.1112519034501513,1.3289839386219704,3.0598778259857617,2.081659767324525,1.0993290774535025
1951-12-01,0.3441743731760386,-0.13501157840313752,-0.26212210433262545,-0.03374923201339196,0.379852328298404,0.014370270065725707,-0.04104854699330941,-0.14446108885299805,0.3340640426713185,1.4373163212411693,2.819474164877414,2.111720804866278,2.1233818915889007,1.238838164438952,1.292860415298773,2.789280976817303,1.9277618353421977,1.3383216693831574,1.5951298047275435,3.066142588843577,2.5893136748218892,2.2990349835254795,1.401539863100203,1.6953966876171147,3.2125978794377175,2.4297719766638872,1.4548227656389356
1952-01-01,0.3713504058745119,0.002979676721101481,0.18834817635893233,0.15477419908990597,0.5248317218256806,0.49332659694179765,0.22658185684789184,0.22627602177767023,0.3727559906532139,0.6964741610956525,0.35089466761342425,0.017235887229673622,0.07313634469160857,0.7351943535325164,0.49204448576330057,0.052168975339762044,0.19002605274298115,0.6405945392438163,1.61025564402354,2.8757699819522142,2.1070789152474503,2.0457914172534024,1.3944519749640045,1.522798208023486,2.6959328487224536,2.044832690602782,1.4687953100841173
1952-02-01,0.600108337650446,0.8497182569096824,0.8437475188534953,0.9170731347066446,0.5308164485251763,0.4790679806592071,1.576577669400584,1.0052607488841419,0.44701294726295576,0.7646503580202493,0.5475440080997352,0.4766991674577047,0.4343762458032966,0.6278770657840167,0.4565957579232775,1.025642167813187,0.903976625531395,0.5389715927302924,0.8121149961852988,0.3383036459502788,-0.07771946970900687,-0.07956920730172044,0.6985877242102053,0.28046665268182036,-0.11135091021689314,0.2154614592692411,0.4820368947847834
1952-03-01,0.01623780886666141,-0.006270718346845155,-0.0773268472926904,0.12290894676028365,0.18985266366416673,-0.1954435967548546,0.2033096177538857,-0.11331845981598443,0.0034483997226269028,0.6224743727778673,0.5160440545958722,0.2044898573551974,0.2013201677526621,0.6037625352665603,0.2920734270799376,0.5041180428545801,0.4687075646368065,0.4258503666391797,0.6455207204863752,0.21485467428492186,0.14773000704679137,-0.18087463188677397,0.41220571913372367,0.3233866112604962,-0.053798006685883,0.20208863143114686,0.4183469795494421
1952-04-01,-0.8504301945327853,-0.6545239253709615,-0.217497523821054,-0.10514628340822106,-0.19021368719833873,-0.45529595933430406,-0.03104404977930511,-0.5774963162854144,-0.32601291322524273,0.23857771751587611,0.39158693922237975,0.025573253846574096,0.15269733692941412,0.3623882529884219,0.03757678893847768,0.3794057656002762,0.3193182263124971,0.1775072005383191,0.482634866714368,0.26723061731524395,0.30665279686784663,0.09196686819225443,0.4501159981687196,0.36180726488281234,0.31875701157331726,0.3173791749155246,0.3939401726894005
1952-05-01,-0.9143292676832339,-0.4585515706108469,-0.5944477897136934,-0.5878763668385785,-0.8761033543621704,-0.8228031897347129,-0.6930639276496117,-0.823995124420946,-0.7924376778228662,-0.48735506651963373,-0.34135825804942854,-0.5170946469176972,-0.445492782974122,-0.2623459010389895,-0.41133859047491744,-0.5298592870541871,-0.5544102753840947,-0.28927800415446925,-0.01527813405388713,0.516805015765964,0.12902307841940716,0.0120239114680581,-0.005596946168420868,0.16517260734138173,0.36407125685081176,0.2898331457867443,0.09197356393646375
1952-06-01,-0.13218785055063542,-0.5681531647787126,-0.10575505479269258,0.5354524939125688,0.475422189055488,0.21375387405652393,0.14523777919538977,-0.09974673363080629,0.29436014222535756,-1.175646761799647,-0.8356076908398824,-1.0123468138247582,-0.9676458782862742,-0.89023631359028,-0.9554645765223893,-1.0642724067231322,-1.0917698242244003,-0.897744870315255,-0.7522664790012462,-0.09057107289768948,-0.170174659836525,-0.31359050664924537,-0.4878517430502809,-0.27096133136677236,-0.12174897091443006,-0.3612608756719297,-0.3976500087787578
1952-07-01,-0.742147677461433,-1.1179676774939946,-0.4896315957327923,-0.6914077865824392,-0.5609702509454195,-0.17633522887022735,-0.05432674655914668,-0.1164635153921959,-0.3121728514699857,-1.8153857178058173,-1.1319607666970941,-1.6271332096444304,-1.4190606007114166,-1.864264983113317,-1.6207568857244854,-1.5921535990372655,-1.461877728731646,-1.7022279456841756,-1.5977530284724268,-0.9879085550158446,-0.9666020487026856,-0.88583334174561,-1.0129324648738538,-0.8797079712242518,-1.221358727768807,-1.2130034238616856,-1.0378418806300511
1952-08-01,0.41496520190229647,-0.22290501765157258,0.24148232007509252,0.3449558163478541,0.06261087732909358,0.536629460751075,-0.2605428377320901,0.6394604998868236,0.23582980743659773,-2.1909805297389133,-2.298367407564042,-2.181498865286509,-1.9171747735602394,-2.1079800912982503,-2.2530607307785586,-2.574787520728763,-2.3899099246270397,-2.2055433204223642,-2.1291993830266316,-1.4171800641256438,-1.2488117966070416,-1.20284728582944,-1.9881178695767532,-1.6135240047359756,-1.8386856772959104,-1.8963698231415942,-1.827884471410706
1952-09-01,-0.5537545358441912,-0.5071298112883817,0.20776648202901277,-0.20180876175077242,-0.7025059732030007,-0.21982953694835428,-0.36921082006619554,-0.3374252850473705,0.3634140186765359,-1.77103470456313,-1.5338051482240016,-1.8087816098932217,-1.6778491166256584,-1.57233126722616,-1.8971876886315937,-1.9242324386915262,-1.7036395555286739,-1.7971876809489744,-2.314400430867603,-2.0199468683663007,-1.8295235766989384,-1.6518783806424162,-2.2422017524634996,-2.1202672212865776,-2.410699566539353,-2.2641374579054774,-2.2682532777980033
1952-10-01,-0.18544441240022877,-0.026685649750892035,-0.3747008247281795,-0.40321604426933605,-0.21740389609123423,-0.3616178863840331,-0.6144189626844099,-0.5629199427389602,-0.2006010448306681,-0.9846827480417215,-0.7583948442491217,-1.1298089540367526,-1.3131706897316344,-0.9757118221520805,-1.229252636036484,-1.2094597141228116,-1.1534814422874782,-1.1251186252678427,-1.3487346606529114,-0.9897573493895555,-1.2568145106313149,-1.170623533157487,-1.3154991801919356,-1.3563067438379155,-1.7636433662018394,-1.3509544507099713,-1.4096962822250658
1952-11-01,0.6088158758549623,0.5430085033826505,-0.22171612673931995,-0.34612029712969117,0.6568420893086956,0.019607444799883796,-0.40356622952775595,0.11349766080071963,0.5593971136025854,0.2751507391014565,0.3382180617477828,-0.3869356363819243,-0.6168386584445508,0.17177362771694957,-0.4106865941375224,-0.56577911541076,-0.3014399777193462,-0.03660150473359765,-0.25342152158628195,-0.00840106439262167,-0.6736386410727296,-0.8818429916111203,-0.24416761499468775,-0.6777397874799019,-1.0716325324230753,-0.7396709119653426,-0.39674497296989514
1952-12-01,0.3475555551771931,0.3683772000287581,-0.19996028836676016,0.0418487014716252,0.3818395646013062,0.19224208541503585,0.08398647064862656,0.23156837731280225,0.39460358874208584,0.7070717420603924,0.7228009038173598,-0.033181504989505464,-0.14469520044028641,0.594847595525715,0.1535993294098226,0.005085140450528283,0.2308329407750182,0.455076591305013,0.13395606451992992,0.3349191330206579,-0.5794212635614014,-0.5689379223769003,0.07478362016032879,-0.34836996677598925,-0.6751389128929751,-0.3095918147248684,-0.07767232751134057
1953-01-01,0.7849123262547416,0.43260842142712574,0.7662208238100991,0.7466911759227839,0.9824712959360455,0.6968681635736529,1.2671978704040452,1.0237835297464717,0.6157575439386214,1.200772491680354,1.0033136374773954,0.47601823997850945,0.417456782864308,1.167838721136834,0.6483615110287854,0.8466641113259011,0.9456679511793776,0.8679426893786526,0.9210146579749977,0.8443480785968176,0.10421993318188988,0.13302083826601957,0.8849160015382734,0.2017841284098582,0.27954954167104723,0.5126434913648001,0.41129181194864844
1953-02-01,0.3528246709116354,-0.29894741446530626,-0.34208445816729016,0.15574736410288223,0.6596015248254888,0.5176110805827335,-0.5400006375193697,0.4703058184169015,0.6450585427214388,0.9766514418595735,0.4101420317313244,0.34194232331775504,0.29014552817425676,1.1151694915527,0.5758979323047165,0.8088091138483645,0.9292031890050524,0.7744919349158739,1.1815616833635523,0.7390308575150067,0.13813748388857872,0.09771821115146646,1.2762988495872505,0.41710567122319675,0.46809331185857156,0.7439305315257152,0.7859782114026623
1953-03-01,0.030370535871884898,0.006941117348268105,0.44876730587459,0.47831807006814453,0.32006711910464264,0.36349157723321757,0.6211151106762908,0.4439796230423396,0.40841051920724364,0.9687267469052833,0.7291431214205164,0.9484616161631316,0.8735909103892889,1.2378700091304597,0.7750905289210581,1.5179439325071467,1.1558885781923471,0.9152011042294089,1.0234789554898278,0.8836152029837676,0.9472839061535537,0.8017851041994422,1.1060826076776777,0.5942795818035697,1.726267184391456,1.1308484354804706,0.7971424911122537
1953-04-01,-0.6754822304193165,-1.1066760384731966,-0.7123248775933296,-0.5213162820001954,-0.7671840896590825,-0.21069929419781047,-1.1974662421704507,-0.5350872107037147,-0.22722443677212462,0.3281222264597663,0.2130351861621447,0.7989210753032883,0.6285568362509482,0.39090242825423477,0.3516124286050163,1.3199380391849096,0.6009079929591948,0.5257893719777544,0.553787275922145,0.3991233084831714,0.7337092067056985,0.6327673845073292,0.8023894859680863,0.29676266373824495,1.5134249844481267,0.6473694300935792,0.48538945225280555
1953-05-01,-0.05887616663446844,0.14684007641850702,-0.041096169174744374,0.10326587449274,-0.283816396001647,0.10122839826152866,-0.3466848564563473,-0.7346680037089083,-0.04133268008605662,-0.007564200371315208,0.6347070432789047,0.7713739907242274,0.7187703491406476,-0.09995295014545372,0.28942982062157185,1.1725121847234683,0.33070523571761357,0.1886691212073783,0.005160329337872598,0.28328009175710545,0.46780570665978166,0.5531537440067603,0.040455539611115,0.1338989391652839,1.0998584567862129,-0.11294183600155604,0.1852465415194119
1953-06-01,-0.6593915690909379,-1.170558650056147,-1.0581370755551518,-0.6478503390738023,-0.6430241179482674,-0.6547831810254874,-1.2427473869628223,-0.7709732242804648,-0.5638213130251889,-0.394737703425269,0.016212038499609328,-0.2571608734456435,-0.011567816444130331,-0.8550191061232334,-0.2699414722598932,-0.4300045506168084,-0.6064443206629915,-0.4746834030784901,-0.6110973509204246,-0.0836572188877608,0.24215685541974447,0.2307870782356473,-0.6877701039561502,-0.28841261160517745,0.7481724087900428,-0.21620800263232234,-0.4681669045068471
1953-07-01,-0.0767365809388522,-1.740212314232818,-1.127821145689337,-1.236741584127357,-0.3472525298289225,-0.5792743087882172,-1.3762546248435978,-1.0717433925539,0.2799002055048326,-0.881637097490368,-0.6600777691361621,-0.7731766856815361,-0.6223893814195718,-1.3217994722962894,-0.7512103965050144,-1.016438465201803,-1.1085823332040297,-0.9135590474070359,-1.4854028820626441,-0.6335172224526971,-0.667184784428727,-0.5020087402968731,-1.455731668762158,-0.7235385659057928,-0.8497593234618419,-1.081121195689102,-1.1084745795068154
1953-08-01,0.7689102977587314,-0.11188584617341313,-0.003308062357906725,-0.2520371471473088,0.5470934159082997,0.07045954898401434,-0.37664633475076,0.40790976085310526,0.2822976732822322,-0.16625119851222936,-1.8062178574387056,-1.1078846869974721,-1.2672494499034357,-1.0337487366470761,-1.0904566756278007,-1.460213457906938,-0.8912045280637511,-0.7647132928954932,-0.5250487749222568,-1.0131635254508657,-0.6927217279755792,-0.5788753926397653,-1.164652858567936,-0.8013158636375857,-0.9810448148956527,-1.1318375275529533,-0.882903645154815
1953-09-01,-1.0959565649483671,-1.080133921389447,-1.0720615579745927,-0.6846257271557341,-0.2018392391983561,-0.6323468244089631,-1.2907204511392536,-1.2498353304776069,-0.6150982301471148,-0.04949525272927755,-1.886829557553216,-1.2406062940576794,-1.2990771950407778,-1.1470311019861148,-1.180070957014748,-1.5477504705355671,-1.3574889382142896,-0.9090847082374808,-0.9546430092069167,-2.113016802431589,-1.4555368932574226,-1.4077383367461291,-1.3575694374436091,-1.398448642791218,-1.6837012107906268,-1.1771083929807464,-1.2812272472893724
1953-10-01,0.7593536601168781,2.0885853320623653,1.8938734275386948,1.714323999167513,1.4000505503836151,1.1975256930138236,1.6459169136694674,2.0501633318115604,0.8104637377602315,0.5974310340421414,0.8874867333089628,0.8456846411769636,0.41423605472419595,0.43010844527759406,0.2127332602787954,0.8393301082989141,0.6950090125719935,0.143307432676492,0.07843155866255318,0.47377678957124997,0.6121964745893069,0.15593448985663483,0.06689041076416702,-0.16084129353844506,0.6218922585976228,0.6727094570379382,-0.2935051479465614
1953-11-01,-0.13087421195902968,0.010367067596209957,0.28072835261420265,-0.14943909760191615,-0.19236979448732117,-0.14565531653628508,0.1259773293937393,0.10717736783080165,-0.17641109562200571,0.3583010510157789,1.016951626321227,1.0375683799304738,0.4404450186419506,0.5211652309145999,0.3034702361485389,1.2611003339516884,0.9159972147445459,0.15964272880884375,0.2748673892309589,0.9412594943289707,0.9677016570364098,0.40977241347728377,0.4665170192139056,0.12446726624519083,1.0477941706372575,0.8419437979514888,0.014449994497444529
1953-12-01,-0.40501205341296137,-0.12183188626315704,0.035291377739012246,-0.08674862110808117,-0.39733335237626133,0.020581966855969983,0.1614314024216469,-0.1372406836290841,-0.12192794514532126,0.5231308876287699,1.359135934501476,1.27084506187773,0.7153460902847489,0.695560658859394,0.5785747871208047,1.609269624289101,1.126717112398561,0.3860020256656694,-0.3033562267618235,1.33647120438016,1.0489345832765016,0.48181492052215086,0.4886846875363225,0.20527495975040597,1.3665893078900857,0.9203416832609673,-0.0563198837663854
1954-01-01,1.4599640497608501,1.188192763643176,1.0980758624418674,1.3643612778378065,0.7497588571937591,1.1607522118410865,0.4675215606744399,0.779253529205608,1.2225206805194166,0.9884480707759624,0.4202932108097458,0.25997855551508764,0.14132648381716753,0.48699098926858436,0.512283640476422,0.49529674956110387,0.11760280054665542,0.6754456394693098,1.180145102028654,2.0973763143544355,1.6147437289190334,1.169847685675927,1.3762845838235882,0.9836271106656584,1.8611359842881205,1.4034999377293393,0.9108214850983991
1954-02-01,1.185181362332955,1.3550303760839633,1.1844094703624193,1.3119710228424406,1.0677172138802715,1.265336556117215,0.9168324389883884,0.9293362625423793,1.3972584597438604,1.548261478464182,1.0911611063755318,0.5981502976410782,0.8615482430882833,1.4612121861597922,1.1582808595769716,0.7326517073263832,0.5952017569559158,1.4116452834314348,1.2624420385158222,1.2133019627474262,0.7139562344648631,0.7355910225390153,1.4181611565689713,0.9016892034571696,0.7481686806956754,0.43718500952155603,1.1463530574896859
1954-03-01,0.18196747374579333,0.6164974831462022,0.3294325345277854,0.44247857175782546,0.14027822235414308,0.3854534063940332,0.10146714086652797,-0.21746645943339016,0.42497639322973707,1.6000672576134425,1.534813773437129,0.8234016421006871,1.1488939137181327,1.4365383217784573,1.222028413423959,0.6359658847177106,0.7179970730935907,1.4055489439519062,1.399560665380911,1.4340260552457196,0.640553712044815,0.894053873501721,1.3076763154292301,1.0272067804260916,0.5613652960500335,0.3793141789346761,1.2606164922908014
1954-04-01,0.579615414652044,0.21701028277708959,0.6899211744000489,0.4857422118804168,0.31027798332005946,0.2768216036273283,1.073875502449991,0.47060218123259545,0.41491331336044257,1.15194332353214,1.3071888761860984,0.9330339957988026,1.0302827095441391,1.1423530463241953,0.9408595840916533,0.9916239763547439,0.5978661718740629,1.029965545684748,1.7434557754319753,1.7136463612369335,0.9908312910629216,1.2375354439483406,1.4875433151961175,1.2298924795810549,0.8994359775828178,0.7495695871080277,1.3890559471455184
1954-05-01,-0.15921920044959598,-0.2429159528346036,-0.2527697167198121,-0.21672339708206623,-0.237608527038539,-0.4289725723345284,-0.44604918305042546,-0.9341327048680602,-0.3196374427647722,0.4229351589855502,0.609955178768007,0.3957646090538379,0.37141397466082027,-0.029811846826491996,0.14861050994104488,0.5067549799659861,-0.1315064978478961,0.08324833836606521,0.8903583099813839,1.2013301481068033,0.6991897702127259,0.8106791892876992,0.6278946246492193,0.6652745298838687,0.51168156060473,0.2594904912301915,0.7767001368109016
1954-06-01,0.12796699470247835,-1.1931835415742058,-0.39140369754708815,-0.5394423598061734,-0.15504323500032594,0.15505094964335076,0.0683702074463057,-0.0512300882653955,-0.04646442881132073,0.0033162143781154483,-0.4324009468897587,-0.17661479031846264,-0.13879851735282012,0.04340816693549481,-0.38979303056424836,-0.010368255958963114,-0.3595271147195401,-0.3218849169484186,-0.042819414140254246,0.3571901532797313,0.10519114601100411,0.10008181784496502,-0.6219440444774543,-0.19864850596178693,-0.0465957105862797,-0.6161314829904048,-0.3145685293605839
1954-07-01,-0.6950136034847151,-0.7899150168942591,0.2930577661438282,0.21535606483299963,-1.2102055247225274,0.27493356055630036,0.19914404929013896,0.2813105892988985,-0.16678304448613462,-1.4726633475040016,-1.5257180855934878,-1.5734612700790638,-1.361360973739776,-1.5173680168816635,-1.7594371256871526,-1.7432903268590667,-1.9615817497231367,-1.6941010866640382,-0.4139885081852174,-0.5981019162321255,-0.38011736224052245,-0.3248295906490185,-0.720866650564706,-0.6229551427494003,-0.4858382704168752,-0.8078564034634932,-0.6928055993798106
1954-08-01,-1.0837729715493811,-0.6369747753544628,0.08285781611890201,-0.46529060645733195,-1.709913613135158,-0.5645349156807367,-0.3417100256980601,-0.2644190061098495,-0.9380018186892684,-2.6651012055627565,-2.7972290202180203,-2.3550495167693084,-2.209277867415646,-2.3630909269610334,-2.5477258793176842,-2.385306841380684,-2.184516216289101,-2.4370371929735275,-2.088708334988407,-2.341653003134539,-2.101321288781573,-1.9864015326931355,-2.0537781362286336,-2.104915938420598,-2.462868872860249,-2.4437702256820106,-2.1109159218843976
1954-09-01,-0.8449105113843578,-0.88424786987441,-0.5799845021320269,-0.7034929390910254,0.08904749340060998,-0.6517439755595152,-1.0202481637671432,-1.2097361904578319,-0.9478889600581298,-1.9686209016938558,-2.315114403591714,-1.82832348611962,-1.8397069328949716,-1.8679571682251936,-1.5213850929477784,-1.8422168019730718,-1.4766843021777325,-1.5070404765337173,-3.0816221764594887,-3.0777048907879094,-2.4045595613800517,-2.3352010849226326,-3.1667196110813767,-2.138337689295996,-2.7979030934305875,-2.510420731898677,-2.5027139746860194
1954-10-01,-0.6161535768080951,-0.09060458922095707,-0.3091981778059357,-0.48193928877199543,-0.46173991846382745,-0.42068095257953836,-0.2814983063974379,-0.17995954638849646,-0.7591400409464059,-1.3174770077056923,-1.2043571191944067,-1.0609574966515545,-1.3029009516185002,-0.6946445940133047,-1.1407381600168536,-0.7688250797770416,-0.43207842955699544,-1.363130746195728,-1.9782960788358617,-1.7186783674354191,-1.4565304365782363,-1.7604695798962084,-1.4156396566276304,-1.5216069266155048,-1.2075048840873412,-0.884815733901338,-1.930057062696707
1954-11-01,1.2884818523209582,1.0923885376730202,0.7557284519030826,0.7907937158722029,1.2860398422658783,0.8120262768166491,0.9463633479795974,0.871224780710868,0.7877824503303255,0.7831850291780059,0.7429182388580913,0.28581837557540724,0.22165586077190577,0.9590459006140567,0.21156036938425277,0.4322053399825885,0.3922709874335052,0.24883554377343034,0.019874979140637797,0.25924487792840306,-0.16599889046761485,-0.4134584918422212,0.40976899410175466,-0.3619093980854011,0.12257634443907701,0.1833313001976537,-0.5387180946590708
1954-12-01,-0.0012709176083391218,0.7777380395732538,0.5640985788999875,0.452367154308566,0.10263072675794424,0.24685269325788026,0.7472449151139516,0.6573166311353873,0.1281935857372135,1.0052097926898216,1.4595831838203994,0.7944197490353575,0.6559830214627809,1.0617515935356434,0.5643860787783505,0.8510778769365878,0.9648245765983714,0.5592490772896478,0.36646867660587296,1.1381425129208016,0.4533397851577614,0.09912557497875964,0.49474531367414,0.07081048738920437,0.49052076558067326,0.4239298709038365,-0.2199156427648717
1955-01-01,0.7751974472709916,0.9355599726161338,0.8682133425797688,0.8255812274967266,0.7209098096883673,0.7927898572529019,0.8615462096508046,1.0701844356078025,0.7313747221965564,1.9913707187634286,2.4388807371848626,1.5673679303513701,1.5188451921288926,1.557981137552916,1.4561385441042505,1.3526205329018404,1.4820642316272492,1.4485621447141008,1.6259173202169044,2.3953027508960534,1.2828120250247383,0.9795436173166683,1.411021797454134,0.9323747291665783,1.281229745249169,1.385307816756254,0.7762028464067945
1955-02-01,-0.2763634190259934,-0.02232986134815821,-0.09111281441524739,-0.06066991410516715,-0.08662063164781998,0.06736062347030095,-0.1023506341357588,0.38117256704462893,0.10551186151296493,1.4700741710688154,1.9682094838040627,1.2225623178714793,1.210826288637007,0.922594191775663,1.1856541611636873,0.9456491009726183,1.3092332594311995,1.252694545849891,2.0671980401334493,2.585739132131028,1.4611342949255286,1.3165221444255757,1.6001514956476708,1.2913416282648047,1.3019783003599164,1.5484472745760327,1.3988499675156936
1955-03-01,0.06358350767967669,0.2607243674341365,0.16579952430088488,-0.2087627309640332,0.13916933713140384,-0.07441834491683895,0.9143601327988108,0.3144369245400574,0.06370533598065552,1.4204715126726082,1.472402555304427,1.0704094755249123,1.0851139335244622,0.8694606137945282,1.1582184544682863,0.8938719262399281,0.9936742595682254,1.3233506692222887,1.5722398948138858,2.1268341761037526,1.3221913574243667,1.1433036488430013,0.9284382277649867,1.068611999688912,1.1368364511692084,1.2963888919077857,1.269549791542989
1955-04-01,-0.3173322193858458,-0.06487852069070611,0.12546757652776316,0.049253801086147436,-0.5652981685412434,-0.20554789574038126,0.6274075472350683,0.02503077918247138,-0.24389108995205086,0.7284917972301976,0.514951814094273,0.545948342006507,0.5331058443578509,0.40427056219977825,0.5312389408353593,0.6381721317428699,0.4851040339280415,0.6830306857262017,1.50355592581777,1.5855910859809685,1.0654180931216712,1.0462658456380076,0.7537855851073649,1.0422708843409836,0.9784189936525134,1.0185079853658732,1.2325111649782692
1955-05-01,-0.9750478034517279,-0.2014153466326939,-0.5515525684379451,-0.5763681726100028,-0.9353314683339888,-0.6079415704130217,-0.8058020969389128,-0.2958696903998627,-0.8103415041462442,0.2490909234824084,0.23447439687105343,0.3519080465137017,0.28939892646205906,-0.12012765815716721,0.2623448528822095,0.5311418621156389,0.04299907875112716,0.2944869015097301,0.26988744293063843,0.2480613662664123,0.10932649466033438,0.09278674316197194,-0.109933219546031,0.16711519211530684,0.15073783960750978,0.032015784713574226,0.31803127140686255
1955-06-01,-1.2537694983992036,-0.7164924654711531,-0.33607572605312647,-0.8521927249992824,-1.4212691101790222,-0.17405717078340996,-0.1560217248660692,0.32121745675568786,-0.10595995889488717,-0.8398422817032207,-0.7248961063149977,-0.7333395326568363,-0.5704601226829589,-1.3206179331714467,-0.5964054509232052,-0.6956647391271435,-1.3326756666075288,-0.6709844490750204,-0.2572001940519433,-0.1553026022399149,-0.05520185258559307,-0.07805144735461642,-0.6452664163069146,-0.20477986556345604,-0.07585139232818966,-0.5487849937073584,-0.23431969113939904
1955-07-01,-0.27540778843856806,-1.0018521903194357,-0.7717383604436353,-0.05441854780023638,-0.25291709396474626,0.20375245402943432,-1.069970975331898,-0.6743878422513521,0.03409599245793473,-2.285718020199269,-1.6702244238783694,-1.8157362026060035,-1.7504977648739988,-2.2874965914384253,-1.80108895089331,-2.2655410890724035,-2.488615687699676,-1.9765347759101952,-1.3706703534803861,-1.4571935172438006,-1.0796461191617686,-0.8789268221547282,-1.7043185557989449,-0.9654737060523826,-1.1733729665100963,-1.7790764815717763,-1.1120101565258136
1955-08-01,-0.5897402341379048,-0.16425574641739507,-0.3162074127923115,-0.47155124314791286,-0.9646325367553902,-0.8121542477522543,-0.6771948858054113,-0.4757148814913771,-0.8323535018912547,-1.99048542106283,-1.497992640982499,-1.5934166392306641,-1.6474033248001667,-2.0960343644645314,-1.8035717104136764,-1.816083652434018,-2.0098580382118336,-1.9164531155952118,-2.040738624959831,-1.4133632742445563,-1.2828088943861764,-1.379329693132114,-2.2411997380075808,-1.6396731160558602,-2.1044633156436126,-2.078781921739523,-1.9235045718120156
1955-09-01,0.6670544114169228,0.9015501124627837,0.960294284955989,0.9705049863542043,0.5563512037745987,0.6704132449198896,0.6871815311598249,0.326959175788374,0.5171747991978534,-0.1496846504964272,0.03485395645341241,0.0991817930097762,0.028712516954193176,-0.23879824801063343,-0.206365019377895,-0.11828307316127414,-0.3450772138904629,-0.2936969511661486,-0.5452795816412771,-0.3600002537521561,-0.14326983187994738,-0.2249590786461243,-0.6029558127788014,-0.497101050799887,-0.7485933351591068,-0.6403367104859365,-0.6059611833608837
1955-10-01,0.968613477101155,1.1058007091316437,0.4874885208052771,0.6415820599382124,0.980514377343989,0.30776423187635915,0.36541440715385387,0.7856533554061037,0.4972097889609209,0.8491405422235324,0.9329591590853443,0.6427801605308668,0.6142150426944945,1.0265831128227785,0.3883366646971047,0.5504851002819885,0.6195805692948357,0.48250541788263196,0.3621541418959628,0.2979444164314697,0.2275972526553647,0.17545134490730754,0.5425686771000914,-0.18392684489398564,-0.2349565886526718,0.07222564396787585,-0.02907639192926405
1955-11-01,0.25391103854793384,0.09723898489194288,-0.18040618457498656,-0.012934076765370508,0.16864596293421208,-0.04174551267011544,-0.2287380188680268,0.23167553534207116,0.15296196603855072,1.0124369724252458,1.0689132134598422,0.6932499896090006,0.7350114362560073,1.0435187609734813,0.5603496945246469,0.4315144073363563,0.741789962859512,0.674288591707912,0.7918266935031382,0.668325326677649,0.3204889952464758,0.3692339872484808,0.927299479631581,0.18544940503252236,-0.1716343799763543,0.4024542163992893,0.36522976815498676
1955-12-01,0.019261753458719905,-0.20032095251191986,-0.04246075967487311,-0.13652395337249626,-0.04563703494830288,0.10019893730331503,0.4669183971626022,-0.04202033012089901,0.2055725202361097,0.7737864120948943,0.6084739242948066,0.09131376438876045,0.24773330207291994,0.8166585185037916,0.3158662429614009,0.21190748815253022,0.6871468698702796,0.5410324085646195,1.0107541560652111,0.7696008976657912,0.3883199713655734,0.4399796424989636,1.2215907258507843,0.37190553839473206,0.07298043002970436,0.5914948866891034,0.691703889758678
1956-01-01,-0.8727557036522159,-0.21001323150102807,-0.03417012004052441,-0.12318638389865268,-1.2071480499718723,-0.4174351779747756,0.060791469412534216,-0.5660636725424948,-0.8216898471297028,0.1856085242769727,-0.05831392430884703,-0.0743894398837058,-0.002922357182879997,-0.01320948109452792,0.2183144352429763,-0.09791635586971058,0.12243978025100996,0.22845642104651193,0.7199429492194247,0.4863671237676566,-0.08870982720339876,0.10150083110787661,0.7836783030931044,0.13000208996573964,-0.2184035965199067,0.5401740206588554,0.4911332922060823
1956-02-01,1.137026648588783,1.195514271848872,0.7420936329507327,0.9122581478945075,1.1016333531195244,0.9669236098094477,1.321301460257127,1.2801261426424788,1.1158069303121598,0.9940914399237377,0.8784794503358063,0.5703796429188984,0.6874106512833706,0.9703569450575288,0.888079297056371,1.1130549880855771,1.0535551025343768,0.9720657830026107,0.9897658913877362,0.7006307368588325,0.2304112301936719,0.43294963797709535,1.0236507529143353,0.73842138775886,0.6650177034389817,1.0519109806745728,0.9832110674299361
1956-03-01,-0.5645151650120057,0.5125334199390306,0.40830936648187327,0.35036025989734154,-1.0898333061164183,-0.14344817973384222,0.9112497313068347,0.20646465228281757,-0.6632016235148568,0.9841633969883667,1.2117271037602384,0.6954658412634728,0.8671347531454765,0.7815849094567137,0.7659231162886065,1.310167995812836,1.238013186551243,0.8023995452303211,0.746093486372964,0.874740433123559,0.48349620008259847,0.5667464331760498,0.4872242146982233,0.576494672822448,1.1681729424866059,1.16597011831799,0.6668114071026134
1956-04-01,-0.8851364010603433,-0.6015243628547429,-0.9555345745123036,-0.8060352616847698,-0.9466579493431709,-0.9574148333266594,-0.9151529856681697,-0.9737700727174653,-1.0190116371510465,0.706201051025305,1.0688459327729762,0.5143337680629588,0.6391567768177909,0.4480097829916417,0.44541881461923216,1.0425154297509576,0.9156647066591103,0.49593649241563253,0.5237636979762123,0.7548140543565898,0.3448967726908126,0.4188598682795829,0.4228902357490487,0.30896146937619523,0.9799683850395964,0.9815641268657121,0.301145994784351
1956-05-01,-0.6439946702967807,-0.8496804167392523,-1.1187366146161712,-0.940214567838576,-0.8427102720741011,-1.0200006113433577,-1.3549059617408836,-1.128070853372108,-0.8136171412506666,-0.6611007496854537,0.016869176557470313,-0.35929754875148984,-0.31449046942723513,-1.2046889503930431,-0.8527312595498526,0.13131504177990613,-0.42241651404950487,-0.9801811717187487,0.27692474282307494,0.6212600723960519,0.11574789859031488,0.21118422782055266,0.11067118403419988,0.046453852856987554,0.6254490239145699,0.5022656441467002,0.008107678363677321
1956-06-01,-1.3681182184244032,-1.2942168295889411,-0.8300041418988457,-1.1900049541246203,-1.3612346352496578,-1.5123566046524073,-0.6877310805985316,-1.0940694386272678,-1.549278158493711,-0.7604714910586837,-0.7218141720237502,-1.1107313727428951,-0.8953213673656611,-0.9457511385787409,-1.239094797542088,-1.3746347230194447,-1.3917791562617858,-1.1063675383294211,-0.7150133187540725,-0.09125101093119475,-0.504890289905254,-0.4637665756584259,-1.1167452046634254,-1.1963747343628068,-0.28282295293103976,-0.6726686732272882,-1.4142855106198275
1956-07-01,-0.8768022281547809,-0.4967118419956306,0.1417250981912628,-0.14161819695202665,-0.9528027200758918,-0.5263835208460454,-0.1101525016905756,-0.11412066641287161,-0.9194823299938559,-1.3057505545834223,-1.5790727898709336,-1.4116410761601002,-1.214621971545822,-1.3940165638923645,-1.3354695163104469,-1.8479074170558416,-1.8335555042490104,-1.1879884433965493,-1.0676247687693177,-1.0690208413925106,-1.4705718593490626,-1.2678788809388604,-1.2635331596826855,-1.7726523185064424,-1.8088989486663305,-1.9554537110935057,-1.922629423803561
1956-08-01,-1.0406738694229354,-0.8143008898558375,-0.407729635157335,-0.36982667270529374,-1.1916786676698905,-0.7143963495171853,-0.4396685888179604,-0.06867754231273637,-0.9855701391044723,-1.9462033954139826,-2.1817270882773934,-1.4049877531221122,-1.5273468006222597,-1.6084333970119788,-1.4541537466366126,-1.6628482289078954,-1.8227570601281402,-1.509797672113475,-1.7884286343199518,-1.866150817608464,-1.6166096956538907,-1.502155609128959,-1.6296875206141075,-1.8633592024310477,-2.1546221291424135,-2.1989073479451196,-2.0303246618528323
1956-09-01,-0.12391398108524837,-0.10205411940691875,0.45207821709187995,0.2685910628346443,0.2459103547536001,0.407584056588153,0.5464827739109409,0.5198291799447954,0.3512945363947995,-0.6360417292170035,-0.8772661745202008,-0.18392321234876452,-0.3363530035659629,-0.18740348045750416,-0.10142258948384815,-0.34520322193518893,-0.26100597307193657,-0.06262133344214899,-1.0939008294927581,-1.284662291338337,-0.608123714062047,-0.7783601370737723,-0.5064327037440317,-0.5422583770760957,-0.6955967812017091,-0.6224963573275963,-0.5750568384348799
1956-10-01,-0.7290386027316108,-0.4008884967174348,0.054113797065395645,-0.2360619690797486,-1.2822117153983992,-0.1944494666344079,0.07028773766316418,0.4458662539899605,-0.5650838301710145,-0.10849364978067726,-0.30518776675792036,0.11975120584058789,0.03881918847406467,0.25579764333250027,0.2654010786705867,0.2451378605924466,0.4208970707598966,0.2955644393459604,-0.5391144230596724,-0.692911528697215,-0.2627434927072807,-0.37958810472806737,-0.22162377017367305,-0.18495191351434614,-0.15621369821777054,0.15246625312447892,-0.13463556585201736
1956-11-01,0.8847514732114519,0.7196536512138729,0.6534484768371848,0.5860209303286626,0.8763625958511847,0.49707785049005315,0.7403708604840221,1.0610096086813963,0.5102218986718436,1.0174938171916394,0.8803124010703958,0.7962386304688563,0.7829278437127484,1.2566777812106873,0.974816286671918,0.9394916865869614,1.2579316307354524,1.1392991617502195,0.6119879802674505,0.48659619288374756,0.31440766446213253,0.33644775158086115,0.9572728712413956,0.4250437313066148,0.566612274933469,0.8407043033424829,0.6732515199321678
1956-12-01,-0.2652997648973929,0.128818659949304,0.5076279799290474,0.11908852095140256,-0.37788956504413257,0.04213038387521977,0.4134390685686155,0.9977968907711906,-0.36454261388928466,1.1131525167875165,1.0069482256887599,0.8023681649149422,0.8013150508319918,1.3680285946915371,0.8312963444300648,1.0245881563864665,1.4307877984694664,0.9914792240040857,1.0195105103399376,0.9207042119486607,0.7917911903956756,0.6978069213892701,1.381746499206776,0.9483579166346087,1.19620134007517,1.664886079254867,1.1821854328497863
1957-01-01,0.4136013632852474,0.5880235980594027,0.7857993217225718,0.7179899223949439,0.13920903219199177,0.6070798416412859,1.3165605296402065,1.1779678229852302,0.5407569292916747,1.5138178332429266,1.6476559514433093,1.2152376981634467,1.2315092829652592,1.4615974226252024,1.2418799470198478,1.6846336964154192,1.8683491578336395,1.4636127084825254,1.3361786680867254,1.310399529896997,0.943455408324875,0.9426144896904374,1.3244225852087719,1.0494880869309346,1.5275803465000202,1.7787615546601356,1.313464466188631
1957-02-01,-0.03227127037756522,-0.8197749726941773,-0.17080075009645088,-0.49104970770689166,-0.5861407043335936,-0.3849432041579673,0.5122044728655776,-0.06646900051932142,-0.16745646863950123,0.29353878537490324,0.644437085054879,0.42712000585469984,0.451478836069833,0.12577649807191732,0.3316189634993537,0.9794303178948849,1.001299905983699,0.3935046967463212,1.1771927690045987,1.2031751548772014,0.7291946240130971,0.7592186353723572,1.0233404591743955,0.8629704218616658,1.2089433564669139,1.4441555576517402,1.018889317578259
1957-03-01,0.7020853852320048,0.3740005952721837,-0.2584016884487062,-0.022966737259887817,-0.1013192186570749,0.38995642361005367,-0.6262596259367315,-0.3429555406948651,0.5114925639665341,0.40762545342190915,0.575665694340525,0.21128098427299585,0.30148404909556914,-0.30117321012437026,0.41026850920789554,0.7507521108988826,0.5262628274652138,0.44064917963090067,0.28326732271475275,0.555623862850071,0.11322110865672634,0.10787518980221332,-0.44477172987110847,0.18961235258244316,0.501364598127482,0.6768309911551503,0.07217056511477335
1957-04-01,0.18473787853618567,0.21385958752890802,-0.0592500803183627,0.133557491341097,-0.3270921702601395,0.041638869192540055,-0.40824434418653116,-0.14113435743663894,-0.009909240143413864,-0.19243379220558143,0.0835854211049523,-0.7796522419447277,-0.45435529052112483,-1.1492352244433908,-0.4999143821640317,-1.1406907482868678,-1.1448648223987203,-0.6631090381531018,0.07695178091130533,0.05492801462106163,-0.6109952168507614,-0.33416323557989014,-0.6627219374570146,-0.22406116005967391,-0.723566026537964,-1.0317062042179825,-0.2730498092404932
1957-05-01,0.2723076745034171,-0.15542139081589604,-0.13147107356293025,0.12892603798144972,0.40367897732193425,0.16570406822321018,-0.45105199283180464,-0.5868736641830019,0.17072973700686706,0.3344106194644972,0.2902010946722121,-0.40791021981801995,-0.132591135831065,0.049882007642071007,0.08831868552549368,-0.9078913556044181,-1.0289219771161935,-0.02232957156091193,-0.4939607264814011,-0.7225083045263914,-1.3106971056749517,-0.9649461445674425,-1.0286298689937226,-0.7400814092231301,-2.0380273540211347,-2.382399315089849,-0.9603681258449938
1957-06-01,-0.822295488366187,-1.1079199726675122,-0.7155919683427691,-0.7836347328864631,-0.5931258593684203,-0.7974896642138402,-1.404737822801263,-0.9024756222848864,-0.989874361820198,-0.1608250901983764,-0.302850879524897,-0.7391036883897132,-0.43669762296380155,-0.16816548089596495,-0.2813180528693689,-1.2755019513651762,-1.4643690550775197,-0.42890232882359264,-0.4351153315245351,-0.6702197958316122,-1.4032939313096697,-1.0074583603453,-0.7331411411240876,-0.8017772051412894,-2.3863706614603966,-2.4792223784620364,-0.8796224137421212
1957-07-01,-0.1160346663304832,-0.8814330633062285,-0.5442243688264747,-0.6462641468579379,0.1255533637571434,-0.560175920744712,-1.0703629764642353,-0.7860280203653125,-0.4768160741622816,-0.971152877706613,-1.5315508277609098,-1.4992112200252632,-0.9790649088838272,-0.7075599612264867,-0.8441268071487231,-2.0464155842709695,-2.0120142431272936,-0.9398145693249327,-0.9548259911158953,-1.5572698981134083,-1.797106425018787,-1.2293692018083957,-0.8588666266909712,-1.2556967442129314,-2.6863441030270625,-2.9927812239338207,-1.4467942252300994
1957-08-01,-0.7949995057793473,-0.538889791111752,-0.23334804138614818,-0.9047105384437171,-0.6451747301622192,-0.8575941849272948,0.23883772598299083,0.1909896718011165,-0.5462639237082932,-2.0271138249124103,-1.7041035607636692,-1.5912380121646172,-1.4697618896669484,-1.8332622414360926,-1.9852372547650985,-1.755958270596708,-2.012596772757569,-2.0157839791118435,-1.618458309730689,-2.46136326038899,-2.578833528472677,-1.929431457878727,-1.4022239855831766,-1.5725597160820515,-3.578719430205103,-3.6978466931106038,-1.9541801668101597
1957-09-01,0.0014863978535965613,0.6873352138438357,0.4609167867458537,0.4648780313087301,-0.03341574710354037,-0.38986015859465845,0.34699955886975703,0.010071962919615691,-0.3862571577057853,-1.206887800348394,-0.3263044534998075,-0.5930240964749628,-0.5553858062945048,-1.7526788202776569,-1.3996693890980723,-0.6015953002396542,-0.9505800300767656,-1.626120396408991,-1.970599737299759,-1.6646062882344612,-2.419052906721582,-1.80941598030047,-1.998542145874657,-2.328691491547668,-3.2959363844544667,-3.0664344309382354,-2.7166180609503288
1957-10-01,1.0691777189607163,1.59232340198779,1.8320921438621218,1.4195777830482152,1.1788803282928817,1.1639232373727961,2.1390212400526516,1.7738568030627562,1.1880977296417083,0.27746128554810745,1.2263629762215376,1.4168591055930293,0.7141570225833136,0.3892659499250492,0.42780603991534416,1.922792763552283,1.2179048672921395,0.44774890413672724,-0.3602657198142329,0.45595569108931827,0.5891094405461823,0.06813803246269287,-0.15705409650326463,-0.2384479679549929,0.9235163453942137,0.2975128988999163,-0.3545241873039101
1957-11-01,0.7776203108839677,1.1052082500281633,1.425864037839214,1.0727714993999822,0.8103814548229716,0.9756959008409365,1.3803953498536292,1.3397716968332496,0.7675895625845459,0.8058292502624835,1.9929998679948961,2.19432895456687,1.3543537195316109,0.9477614859155721,1.0459984842023822,2.6559986931770845,1.9574140289615345,0.9755409317110031,0.3120194825500846,1.5118262716907231,1.8143023130813618,0.8235098644467453,0.3943085319224425,0.5810000940932248,2.2290998952960246,1.368395442821387,0.3882297586936217
1957-12-01,0.8128931534095942,1.0417349490794499,0.9431469152774783,0.8122201516133329,0.870692033638149,0.8655502631305576,0.8230760622671649,0.7491707180671175,0.8473170058395578,1.2602137955367299,2.082408755217485,2.3776600800674945,1.5073490164202967,1.60377021515192,1.5852868714361392,2.810523318559125,2.103599941971674,1.569549502903099,0.9766167213280087,2.2621568129518153,2.2086750844275853,1.4129383241859457,1.2480580976060303,1.243781043719669,2.5178665628014314,1.7945061654196999,1.1723981274460384
1958-01-01,0.6098147028178713,0.9326883342220239,0.6464932578467377,0.9362793761999594,0.5038241820720569,0.3641351155274594,0.35055935975687774,0.2768070203307389,0.4062201350008415,0.9898851998317675,1.6257823045200408,1.510677997011102,1.3199393873007566,1.2559990418169056,1.1212402798257926,1.3523257312055783,1.3138134780991284,1.0771383694478955,1.4076551168049634,2.5252890768231704,2.6316865131904983,1.7611084479457024,1.7375696788770445,1.6685673750059122,3.1406465079029315,2.38724628125312,1.7029306629053567
1958-02-01,0.17882900950116998,-0.0674760406089308,-0.1974681295425154,0.013097316248990265,-0.11052010498357669,0.04306455085191225,-0.10462667695751328,-0.04070224180275849,0.04626882534474523,0.7503796797679267,0.8096341456159974,0.42611983584353985,0.7129857602134649,0.9044196204824684,0.6723560700603842,0.040256576620672634,0.31768845804466334,0.7462268433509729,0.8981228580690005,1.5391906520790979,1.4668927034563695,1.018336357752989,1.0190100992349724,0.9668028372652221,1.5882745700324694,1.3891215877381364,0.9226307951717718
1958-03-01,0.6501720868522639,0.41552380304500824,-0.11798931738961857,0.21756381950355175,-0.018022190985972433,0.5901227939808307,-0.15987026124248835,0.20758671228319722,0.6138154444714347,0.5783284080080557,0.44398622947413213,0.03714489539699619,0.4018706730717252,0.3164799446047812,0.37132701609069846,-0.026819877878009237,0.2777114482865685,0.4540700278527418,0.6718838063793895,0.7480821404650987,0.2655519646751001,0.44734465901288156,0.585330297021384,0.4811110740611921,0.0017495917685636988,0.5130261833526496,0.579771293639906
1958-04-01,0.30297654255656026,0.4345393655652344,-0.09915927485185154,0.24761730954514544,0.11027909933798447,-0.11174587148962681,-0.20876060559256385,-0.2877995925458786,0.08442969630575033,0.4544460149287946,0.07838001987558633,-0.4084093897685541,-0.14123478406077364,-0.07853595807833622,0.1139682196170722,-0.3282094769010122,-0.2759427172427922,0.24812979103360247,0.4295803231638565,0.3177004336669605,0.052322670060124095,0.16954544889482667,0.0985907501095313,0.05849869910773914,0.043381879490006256,0.15740934098300907,0.0958022859017804
1958-05-01,-0.5857260544493417,-0.6792804294289273,-0.7115032007875044,-0.9428491945534431,-0.7327448312564767,-1.256912798998164,-0.6813640165315408,-0.37868436914881387,-0.9821497520841673,0.2268026475640597,0.2912592214607536,-0.5138421946446118,-0.3231906659022158,-0.367888938531859,-0.5829994788162658,-0.6702817987949625,-0.34280580656893683,-0.29725075592063854,0.05844204007161544,-0.30980545078466765,-0.5653311430749077,-0.5125902640856372,-0.7141355146768856,-0.46623829835041053,-0.360850404002532,-0.15431719440213174,-0.5469468301752367
1958-06-01,-0.9686875962720305,-0.9643494867230228,-0.4007749561040251,-0.28072016750532974,-0.8218914996760689,-0.4757092172002314,-0.546811682971013,-0.6659934752651638,-0.4577978443893027,-0.5266113386870879,-0.4453586642833975,-0.9244312207815362,-0.9897653739995907,-1.1343055319969206,-1.529353933536034,-1.0329511046021724,-0.9406409086175047,-1.3091378214282001,-0.16953323549819557,-0.4921934222728783,-1.269890750965578,-0.8920810657871487,-0.9719014204019145,-0.9458413111389223,-1.3376083806027819,-0.4829913829749375,-1.075259176166264
1958-07-01,-1.5292783579442628,-1.7638862719216963,-1.470755420589332,-1.9250867119120258,-1.5421213342893203,-1.8314064409379325,-1.2681390907293162,-1.032436125218791,-1.8989294036371973,-1.5129464690346481,-1.6255533478961754,-2.0649327471651224,-2.167034517678192,-1.9673970568025565,-2.7399009288978,-1.7537997918053976,-1.3574531125712257,-2.363504029035453,-0.8015881207307269,-1.087304814331708,-1.6992699507321225,-1.2343879967702247,-1.3882108042861656,-1.607902212553514,-1.9341923558918876,-1.1574889740158367,-1.8638811744695478
1958-08-01,-0.5566951995226419,-1.0703455034924954,-0.7415835340882543,-0.9652206168197521,-1.0979343078559776,-1.1757100616278777,-0.9031449634299946,0.11430801995317345,-1.2539623566559173,-2.3974652612340748,-2.584785807522562,-2.3830907398210734,-2.3979382227977086,-2.666300798687177,-2.91198084563287,-2.2196299606316003,-2.2465081264862437,-3.072097806810583,-1.9913866316702669,-2.1966310406510883,-2.4177383330235904,-2.044761282364749,-2.2103015242776674,-2.369673529924583,-2.186408216355938,-1.7606492476656257,-2.5639488206834797
1958-09-01,-0.32349909367050905,1.1367295976754423,0.9327461779949104,1.2388634481327692,1.5681501622095306,1.4581795147731773,0.5484879106120597,-0.828206112846655,1.591417769207873,-2.026467883338024,-1.794028051546334,-1.6735822386246044,-1.4802266709616385,-2.101776815983062,-1.948428521451633,-1.4091364692193566,-1.8670737536656374,-2.444270927951021,-2.1744041926961084,-2.696819056947547,-2.5012380517730417,-2.048506424169514,-2.5718697235667816,-2.320514885284389,-2.0400285100859312,-2.248357660680837,-3.0409854216222665
1958-10-01,-0.06984664755859765,-0.8060777447277202,-0.11520328448811662,-1.0497051561147768,-0.2202525295261349,-0.9331933557208743,0.2577149964851887,0.07916860613889233,-0.6120003949884821,-0.6435804442894634,-0.5069378069699734,-0.35393623581908573,-0.6518589377747727,-0.6239948336229951,-0.7379701019256316,0.0008051321718542798,-0.4625921780943354,-1.0556917321612769,-0.7784981278572558,-0.8455163991338415,-0.6871273412812793,-1.1078139963396854,-1.0774789809021765,-1.446307046508861,-0.3141647176594835,-0.775447635852188,-2.0157459514061493
1958-11-01,2.0214934288448445,2.68619068136794,2.4258645729633144,2.5728549560674097,2.397058110447228,2.72836551677646,2.2079846319084955,2.101035952200512,2.565947063343669,1.2184660521975923,1.8569629465856567,1.4948863053917372,1.5437439238469217,1.4089094747789652,1.8399089232672377,1.666350389638847,1.363870999544342,1.6465319177927922,1.0188376832526769,1.8245126659611621,1.4633524896399988,1.3165464166176182,1.3679094262496245,1.2152982991987844,1.8343384539680212,1.2993281931546383,1.1354511915109096
1958-12-01,1.0442149098550346,0.5294137326010444,0.9247797858451773,0.6307583751843956,1.0713520389179396,0.550822439354407,0.28963565165510685,0.904455052428843,0.8439467597037528,1.9510223207156383,2.421159541329911,2.209183456567112,2.1879034227182688,2.242395954239672,2.453595436663786,2.384459869851259,2.0683645018607897,2.4593927235088895,1.717502764764247,2.2601061554660897,2.006783927835475,1.9532756610855537,2.0104497754110264,2.2153631569035466,2.359474089134024,1.914187086972198,2.183954792433334
1959-01-01,-0.039168884986213674,-0.0659183955842151,-0.17597498537386563,-0.3438100563585374,-0.31153204261025935,-0.24862333835840486,-0.0834034710864898,0.10482746892262201,-0.02043978673934071,1.7871985588209052,2.3013258520994664,2.069716729944614,2.2343994158109663,1.97864294355441,2.6211412810847117,2.269144368081186,2.057496690853483,2.527405559065034,1.9997469645317547,2.343507535855659,1.976279656349021,1.7769416234748874,2.131695837512133,2.0836904958655826,2.3101509554784365,2.09717080203784,2.2655727156822265
1959-02-01,-1.0448175969273854,-1.000669645473765,-0.5534063273045119,-0.764544560940033,-0.49615981649698365,-0.823100420745783,-0.12920963896403773,-0.669599299853515,-0.5263714745009741,0.33408499030619193,-0.2550717203937176,0.07710780080021745,0.06269469525963484,0.39909925122051876,0.5555680442860299,0.436196421303356,0.7028934648529642,0.7083386408717492,1.565457225101439,1.6885376208261451,1.5795926714196755,1.5278259626941977,1.8839034273025799,1.9539688573863212,1.7788167891623916,1.6539654798934915,2.348985647140174
1959-03-01,0.4684032226195107,0.7819624939372958,0.5177220541838853,0.6394483258890891,0.22238842226690322,0.5021402148154757,-0.23067538495672152,0.015562058053514257,0.28309155301408023,0.004891382534895054,-0.048424970239349566,-0.2016510331424067,-0.2927285966115579,-0.013833520711326737,-0.3675948815628481,-0.32201822456618906,-0.13009800816310108,-0.19111096955219442,0.5124743234468095,-0.31006562742380595,0.01579032539080656,-0.08855358920115405,0.4059015590406014,0.27852800449755977,-0.03266745393210921,0.31524264474394004,0.7993113823959547
1959-04-01,0.6855784255421074,0.628774786174432,0.45592480620944625,0.24844510438255782,0.34911901309671584,0.16653143277472704,0.7245739830604341,0.39465460140713693,0.32056800615843045,0.426946901240553,0.30005102009222345,-0.008949565724449667,0.0708082509128731,0.3367453491922416,0.05077643496437375,-0.07144327685762189,0.025529878343202476,0.21261928705241753,0.49782452126299426,0.0757729970957449,-0.13004257742603242,0.14225715547859455,0.17753366859870293,0.23700235137136322,-0.1482703744468164,-0.07091066048539788,0.4601319359843432
1959-05-01,-0.8599787742538341,-0.2756203999880143,0.008494485841916876,-0.11168911782624248,-1.1892971328691344,-0.663017798706789,0.48469024669862193,-0.10894686170608005,-1.0976329727562213,0.9621911290599503,0.9564250716551651,0.6353169895062545,0.8732303042675975,0.7699168957072385,1.0287829015550296,0.6911809170525723,0.4340034901794326,1.0895126598522638,0.1682987079273783,-0.1061273630253214,-0.02686156404153595,0.11352271992889901,0.009404211814336002,0.13963030516831176,-0.05579605815354371,-0.2601771682091703,0.2286771608036269
1959-06-01,-1.0543489732616387,-0.7890609727161976,-0.500045830177424,-0.6347644954089503,-1.3936769436468603,-1.2403160322410636,-0.7068500105793594,-0.6889869213506582,-1.5977466922042287,0.3553116079693658,0.2999193298503782,0.21279196269722495,0.42265906472957293,0.053634803402369494,0.5770762981672481,0.5349447151035911,0.045800859178551014,0.36497823799945445,0.17926141520503494,0.28025822024696256,0.10529851834946174,0.36697542812599515,-0.05135773230331538,0.44558862148815054,0.018919873481652742,-0.3108455014948039,0.2926107154096678
1959-07-01,-0.7283363260524967,-0.6401371982589222,-0.7053714690469067,-0.43760968032551467,-0.44651067786029347,-1.120968647549735,-0.6503480468641268,-1.0120038853789945,-0.9391585006531113,-1.0559917324450416,-0.7400017889918641,-0.6949538612161222,-0.5589178954197288,-1.4832388789849504,-0.7076792070512685,-0.4198005442545949,-0.8497306833721999,-0.9597497359819325,-0.21868905981051137,-0.06124482266669019,-0.22735943448225246,0.08830094058326442,-0.5084327909446255,0.07564559400171672,-0.13623762201849138,-0.5673263298422959,-0.16082045792394292
1959-08-01,-1.4316888317389693,-0.5822319710065583,-0.5625806177885343,-0.8606265587309453,-1.5670561235401248,-1.286377303490051,-0.4279622579842907,-0.3727142976859318,-1.6247828723174984,-1.6559792624755312,-1.0977692162877721,-1.406702869716404,-1.335071160837016,-1.5302185720969321,-1.5990583561338327,-1.7661385238817096,-1.6783572778191869,-1.4616858656416785,-1.691770719272256,-1.2248483664120535,-1.0350982390949517,-0.8986634122109024,-2.176010391944541,-1.3519682485531463,-0.971102342078232,-1.4928593850032443,-1.9524459794459277
1959-09-01,-0.8421156675654795,-0.4841488693485969,-0.12887376666271827,-0.16176927946445296,-0.36158164724278136,-0.6675000481722028,-0.39679431681836025,-1.0580342693021447,-0.8234196207945002,-1.2919836483984006,-0.9497085972825344,-1.0058354414772737,-0.8723150798572089,-1.0773187534229949,-1.4389908463032943,-1.45200213545897,-1.7237893303350218,-1.4650776697981456,-1.9368883772571022,-1.5681036284581313,-1.1416417081149666,-1.045958588415762,-1.728005881871504,-1.6414072179362134,-1.5818056537327305,-1.8778219807010166,-2.0182596867823865
1959-10-01,0.7807339123829398,0.686763982013849,0.8238989804453917,0.6597940258873634,0.9492728298953328,0.9369236176053211,0.7960826148676021,0.264941868569973,1.0418276267037208,-0.046299540339263666,-0.06755120141396424,0.04074147907616488,-0.07163138770015413,0.32445931743671275,0.09172250610013742,-0.1980943203562317,-0.6926591163339643,0.18535158075806768,-0.5987931016776308,-0.6586502866803471,-0.504791550853798,-0.5150361159922545,-0.4453808164301825,-0.6020752586356822,-0.6804080911085753,-1.0972259319414293,-0.6694906365845477
1959-11-01,0.5281201651506233,1.2379577135382456,0.6945498195444411,0.7794318603709124,0.5214882389192446,0.7523073798030535,1.0994037700072574,1.1030899785616577,0.6200360936711725,0.52743457205192,0.7929934266922601,0.5593722256634758,0.5633034282124532,0.6936490258261869,0.6368142461668689,0.6129024724825538,0.4280517307040147,0.6959236661304756,0.05411092158012996,0.25822870361261235,0.11398454108672548,0.08616179356410143,0.22798046316599194,0.1533743772216794,0.1539804330277469,0.019317329845073596,0.23638260709486783
1959-12-01,0.5367878555471208,0.49726289728158857,-0.06270356968354988,0.4398712486606572,0.5041107566418634,0.4470240946680948,0.22794560250814422,0.42930097484846136,0.6920019366813346,0.9594526367985311,1.0908491597836276,0.5745515893987547,0.7231673239331267,0.9006230078934478,1.059123889665229,0.7653989328067434,0.6832530895797159,1.2519930651871893,0.6580517761661793,0.6924114269767079,0.31610448957516346,0.472637744581096,0.7600704316144601,0.7721509453483218,0.3946485088495719,0.2851270185945006,0.9948647140187806
1960-01-01,0.9455693672706659,0.6861846766616323,0.7551240345397848,0.9568289349088307,0.5503968149289851,1.1580441336090301,0.6961984612127506,0.6918871955166918,1.0820249814689955,1.0676289379182957,1.2300620947052403,0.529900178593481,0.9342715077996017,0.6614208447206381,1.198879561575518,0.706894350397742,0.9825357299491849,1.1953919466474983,1.2633277226304853,1.2733411652496063,0.6064224524031485,0.8867277523206496,0.9269894230583225,1.375784289008541,0.7986316560502942,0.8480208751697071,1.5279194752432959
1960-02-01,0.22003973177446248,0.1927798777710256,0.7023864683329014,0.4362819000284578,0.18933734577376532,0.22994156542993127,0.6428826656385509,0.05803034256328884,0.3518748321890128,0.9027654255115534,0.5883279882986964,0.4378071232652599,0.5811240110084587,0.5792738990397678,0.9228780168781108,0.4408885532779995,0.5165984082557907,1.0330906698654168,0.9319701165176865,1.2264559308961418,0.5335543952858759,0.7177872308676535,0.4711112849239083,0.9424914314667624,0.7301148695552039,0.8252806693660042,1.0490361091648834
1960-03-01,0.6170996473442752,0.8034306128206959,0.73709113901513,0.4442166555319833,0.3509408251512007,0.16350022218690277,0.9724606640724838,0.4256215578608687,0.3923957042590933,0.9219523436070802,1.0025558176631566,0.8443739867068351,0.7654050340947994,0.6454012008581491,0.8374004205007928,0.8862892291033863,0.645730136489937,0.8586923205368059,0.9718194250496566,1.090823021413127,0.5231584444013163,0.5527168137172438,0.5115810662250477,0.7678835543530945,0.6215600449987839,0.4847141555106709,0.9016766276230371
1960-04-01,0.5911215007092215,0.42190399705382026,0.3798287623310239,0.5120843058784181,0.2857141702485922,0.3468741541848452,0.564149440832969,0.4832092828527865,0.464187103051788,0.6492978728898463,0.9207779556897544,0.617592658086041,0.2931069568654796,0.5365034286013258,0.28318744245972877,0.7410133319387693,0.42651032719954934,0.5077995617712213,1.0180487439048538,1.1832440887589053,0.6293910385641325,0.5446258233084342,0.563373323342174,0.7703859291047849,0.7512725948107605,0.6043816759234908,0.9452423931292768
1960-05-01,-0.08092744191290586,-0.07647169151252671,0.10501262994004902,0.08585304475688504,-0.6281100846406367,-0.14873152064911446,-0.029661890077794975,-0.5254333460492122,-0.487216453823718,0.680732524718385,0.9801789882466223,0.48298667040777865,0.33610461470691416,0.31865842236573455,0.26745282676284765,0.6327792340788562,0.35249006040824976,0.35598438185196773,0.41948591108806965,0.7088374396968832,0.3944097794752815,0.09248528388117641,0.14734750183096199,0.15459712148162894,0.47194892028245644,0.15371136783993658,0.26743007374158734
1960-06-01,-0.9873799724629815,-0.6610672566513378,-0.6818863433773769,-0.4324603490179229,-1.2154496457906654,-1.3694151401101455,-0.9034221080300482,-1.3609971213088476,-1.0638966381787516,-0.031424408005805295,0.18836806902658715,-0.05971259639381575,0.06024225789648264,-0.36398896104439316,-0.20454093616264465,-0.09304284110641078,-0.24918062616721054,-0.29565166210531324,0.2917631576929155,0.4940083478588656,0.17795867467111395,0.06444415751504631,-0.10951183412619296,0.04672220809852248,0.29513536971830107,0.07568340141304655,-0.034597558027514526
1960-07-01,-0.4145309442154524,-1.2447142398801796,-0.23600513504039553,-0.23497233516401633,-0.00474183186366225,0.13389559345974766,-0.4050149959248379,0.2028854305146744,0.22083861626358844,-0.8548674431654958,-0.5855128352836467,-0.6906021172418749,-0.5581845705768249,-1.4489211903646253,-0.9369413256104979,-0.7539328958136141,-1.1428149610413292,-1.4397372800368413,-0.32703927750123085,-0.25864248742540197,-0.32874027376942616,-0.36398099302865444,-0.6324519401722898,-0.5567886168593006,-0.3861596106699064,-0.42021921881060037,-0.6942649256666905
1960-08-01,0.04624579837869304,0.646380451760872,0.16537280582182876,0.22844627674445103,0.36295019202403156,-0.14453582860555433,-0.24839337015869603,0.06245032288094451,0.04033140275011388,-1.8930088419873357,-1.9900916711598788,-1.5708914937864868,-1.319115907036959,-1.8761236317387808,-1.986844244608346,-1.6577362237809279,-1.858151508721313,-2.1472100635398457,-1.2538996448625517,-1.1818477813840529,-0.7448105640536131,-0.7240770858875448,-1.6076389788951773,-1.0374519403787539,-0.7949994272449399,-1.0666646640424784,-1.7599117180317223
1960-09-01,-0.49815254454717806,-0.07405387294663691,-0.391471057944648,-0.38194707350682633,-0.17381862967941472,-0.574610243835423,-0.3713855624708983,-0.4596694591819812,-0.3281773719794011,-1.847707451132182,-1.3825686653463647,-1.5510848979565934,-1.6328348446148901,-1.1709141064537183,-1.7736702539769544,-1.6156090063541935,-1.6788362827087413,-1.4431879422949545,-1.735179798037921,-1.343829211905573,-1.1699145559842923,-1.1784908244124253,-1.2139849776667697,-1.7980292932504613,-1.201448080434975,-1.2158657477770238,-1.668938651745828
1960-10-01,0.4745620509829417,-0.1383955297667257,0.08947537638927676,0.07674959725512398,0.10874941011253444,0.441929590910458,0.0670330115320266,-0.3007056029431309,0.11293919647144418,-0.5299880207991992,-0.5131953800196491,-0.6979428738240123,-0.715597287556858,-0.2610242358277866,-0.5970097067200345,-0.8469943248559751,-1.0177087817836359,-0.42363554554850397,-0.7294320204413487,-0.7953156047454184,-0.7690169913370719,-0.8908078734406251,-0.46438124335933867,-0.8294299644105744,-1.0273977820791804,-0.9493931868689598,-0.709744528620844
1960-11-01,0.35119703874622027,-0.21796143793153752,-0.12699388815906254,-0.008431125615292703,-0.006766961186377767,0.30621601717391145,-0.6472733193803382,-0.2658977852879838,-0.12947690347698498,0.21794893159525353,0.15485647498227642,-0.088258385109578,-0.07177465991961524,0.12777877361676868,0.09118720655444885,-0.3598769078891797,-0.23039709629135668,0.11910449504405332,-0.1299179360672083,-0.2459169273404164,-0.34146510311457196,-0.44710308095405377,-0.06734611472786474,-0.3549837060835426,-0.5707594191336322,-0.46664922882539,-0.2457434621283151
1960-12-01,1.2283593258880212,0.8971620368600315,1.1028855868938956,1.1393094289243464,0.8966288730060769,1.4553929319432686,1.2562253945164716,1.2005161337238257,1.326710150389083,1.1088430653997419,0.7654795812580754,0.697729023664916,0.7690244874259589,0.7568561924059003,1.0219651110582841,0.6541556201535812,0.7316373729636904,1.0356495272265462,0.8266145243583625,0.6957760110471827,0.45385478224959347,0.4750034853299332,0.5906061529111702,0.7154117589360638,0.4380504722523133,0.4890106092557053,0.7794570772398135
1961-01-01,1.1915437077889734,1.4784506656223664,0.6556094202796104,0.8299800935473757,1.041518619645334,0.6104485485704654,0.665213458477513,0.8581771458931221,0.95676286103225,1.5226673909769879,1.459450996947986,0.99102581894983,1.1607771112463683,1.1723787594287944,1.3120393351485722,1.088414064650939,1.2000622061980253,1.439999061675826,1.5987126365297908,1.5013630613607711,0.8085577507668311,0.9538182643078484,1.0605060865586615,1.3604247935228837,0.8568924340114418,0.9744339280390326,1.4593314139175138
1961-02-01,-0.2562826049373758,-0.0434748252516551,-0.7592800461207782,-0.8592214763818978,-0.29406015246841616,-0.7592988055760219,-0.7089398323351161,-0.41704911297345293,-0.6824321281689125,1.4812866484646703,1.5525853425623424,0.9664561910137102,1.1576698908011436,1.05555010580181,1.2385516770656735,1.1198419746245842,1.202567587009055,1.4183712213236639,1.2495602506698515,1.38751306648714,0.604626020086657,0.7487760533037866,0.7484970141990906,1.0277945567473905,0.7313342438505683,0.8079291002426533,1.1170488766096731
1961-03-01,-0.34341134886447566,-0.4595062032078493,-0.4252294068912255,-0.39093584660741815,-0.783328539434741,-0.3039934181856775,0.2558270677583785,-0.2662698813658835,-0.4306470787908481,0.6604265127058733,0.8969655116433326,0.15853449064695968,0.30690884473742885,0.45371994441460084,0.20518474308970833,0.4523971103103488,0.31250091525860607,0.47382324688897137,1.0890669386823257,1.2477785495595555,0.5539949049372594,0.6386121013526567,0.5188850813754979,0.8695299027909685,0.7949364556407722,0.6709801189472221,0.8914082418563115
1961-04-01,-0.29756304810029444,-0.1536395145217325,-0.54333334266247,-0.40257792454439795,-0.7355047400621918,-0.4864069891241912,-0.2786787527171887,-0.45828842210348486,-0.6866113995007472,-0.3147586091041638,-0.27191114701753843,-0.6464742046622857,-0.6431990131786284,-1.0752944433654779,-0.6508688076160105,-0.16903213859452926,-0.4060185931870617,-0.6185994917084384,0.4197196665696462,0.7508754162082574,-0.004737501298169655,0.09449640493698926,-0.18872300979685336,0.06797348588615025,0.18014308676091295,0.1484657492639357,0.10165454994438348
1961-05-01,-0.9074174226215629,-0.8996765206036784,-0.6182454532707626,-0.9023433156856098,-1.0023301012296806,-0.4708054779596369,-0.8984649798674211,0.20244067004933666,0.6412458645631556,-0.5352789690431319,-0.6289038033139686,-0.8836759873859727,-0.8025695735617623,-1.1481406183638827,-0.7789377647674336,-0.24323960246999068,-0.8112615899080572,-0.8638975658946471,-0.8348230811078581,-0.4447229662496539,-0.7050716513246427,-0.7202542244039859,-1.3073557351165475,-0.8588832986138738,-0.41519607483144694,-0.6681861917278326,-1.100455078465326
1961-06-01,-0.9786873675706331,-0.9650587590336993,-0.7373344705193903,-0.4715999747913091,-0.7985638498005878,-0.8793795191211095,-0.614889664766264,-1.0007489032713581,-0.9500177893068298,-0.8153581493479006,-0.7196003922599523,-1.0739670471725982,-0.9133032090804547,-0.8951429292895847,-0.8754288965166516,-0.8379029391935487,-0.9166309685376338,-0.9688337399193095,-1.1110552200684747,-0.9487866637987853,-0.7607806351655111,-0.6991379479218783,-1.4744351052116214,-0.7927834860147667,-0.44238558235434805,-0.8922922900646408,-1.2484275235550728
1961-07-01,-1.0696990386363454,-0.7980824833988515,-0.5553964775915106,-0.4106853372859899,-0.7204214532814976,-0.8645467564360425,-0.4688250434022247,-0.47740358030409336,-0.5543320119268991,-1.4091486091843037,-1.1737797318042453,-1.2476509398653217,-1.0345746362028772,-1.1617174184900376,-1.2235022999728915,-1.2358833273101009,-1.1436996112841402,-1.1299452876837057,-1.3922110858706855,-1.1232333274183093,-0.8626641650977506,-0.7040965906613469,-1.4695261321386006,-0.8730242862262034,-0.8306901639654682,-0.745619135828032,-1.1902638664698912
1961-08-01,-0.4919513597942952,-0.6821771781749947,-0.5046473083669021,-0.45532792041564196,-0.6326029214353074,-0.6567967545846968,-0.16048337587946965,-0.059370619386314265,-0.6364846589621145,-1.661878686503227,-1.2588222361985664,-1.272958376897569,-1.089259666654635,-1.3416550061591703,-1.4525606187628834,-1.4204195965558226,-1.1853373934423304,-1.2991082966868348,-2.1125350997320433,-1.702500983503312,-1.1215570809904132,-0.892431027162783,-1.8761344167170935,-1.3839705492434544,-1.1366127039631122,-1.2355885888110696,-1.6992784457386665
1961-09-01,0.10772597757425116,-0.6620678599564207,-0.13211538604403283,-0.15939720931228443,0.13508582328804591,-0.5526691854031954,-0.03473511214686876,-0.0029320470368244637,-0.2879056397477423,-1.8099507610376342,-1.485692511840039,-1.201379555645189,-1.0137133863522576,-1.50466145040665,-1.563364571999207,-1.013019684138516,-0.8072279200625385,-1.2995513978071356,-2.2957359154147,-1.8772189195923468,-0.9607661917031307,-0.6713149730589771,-1.9229908130286808,-1.5155646764619832,-0.8430121504497632,-0.8212572874964317,-1.5675480635660999
1961-10-01,0.3818919861755411,0.12246720557028302,-0.38246873514029517,-0.2582389488167092,0.6439288770588094,-0.2129300706548083,-0.17362185718820608,-0.188107603839376,0.20141663260734885,-0.8983343385590454,-0.8444647680666689,-1.0359744358376768,-0.9398277151576905,-0.32524569516986307,-1.5025935624301254,-0.806602662334263,-0.6783346005774646,-0.8079627480233529,-1.2385776303541227,-1.2604140332459173,-0.6945453261742125,-0.5115341543052576,-0.6137887197320873,-1.0025166488306039,-0.632470193086697,-0.5306798444920882,-0.7698357358221622
1961-11-01,1.2591860444690774,0.9371306574892784,0.23728877724349032,0.3455151761248706,0.9633968643034354,0.7216986191655045,0.3762249602662504,0.6297840172883917,1.1473201448163826,0.5436270729820794,0.22603848951383015,-0.31237525058128934,-0.3035990241491828,0.6854519558336319,-0.320813434724091,-0.009435781718124666,0.09180350570449594,0.32209156927245797,0.025168201875849713,-0.29163162962961525,-0.33535150204312686,-0.2726661131950002,0.30672125181024945,-0.34445949673112425,-0.29710783330630713,-0.13281363027030332,0.10380684009455343
1961-12-01,1.0027458169585428,0.7644071596234383,0.31507776378295793,0.2814744550993433,0.5124961530286675,0.46671026047574526,0.26981342718553025,0.47434278765298354,0.6658982859763352,1.0257014416929422,0.9119443319135196,0.15158485071030356,0.0627252245466635,1.0181873127267274,0.19897148817147373,0.22071232522460035,0.3112595886734955,0.7662165178698823,0.7391577256564317,0.5185340166450984,0.06735734471491346,0.003210866924014496,0.725023173865251,0.10536382239300679,0.11007221357456516,0.17794137029246443,0.6251790578426171
1962-01-01,0.27528046160425557,0.45186594982097084,-0.2466373090213858,-0.4666083643225211,-0.009200290774515387,-0.47316749401461583,0.0685910717221599,-0.04079942614245819,-0.4373837492282066,1.2596454014457845,1.1338256349867264,0.2715217319405134,0.14758416724785858,0.8456762490567826,0.34807323951420466,0.43533635275022264,0.4361496239609887,0.6843185181083833,1.2468363629397736,1.172355254243245,0.15550163713185705,0.03830768219048685,1.118530570974272,0.23448936409370416,0.262232519657939,0.1888573175306954,0.8029319381636009
1962-02-01,0.31009072832909534,0.3435943224863847,-0.05677156235740997,-0.09614321081868023,0.004374615818593671,-0.005944545673764765,0.025589525957298503,0.0140176214090745,-0.14906688973802845,0.7359577377960724,0.9423079687146639,0.138995659625585,-0.03636338360883792,0.4098316466456357,0.017110701697650634,0.22937688738342027,0.16827601040955742,0.05544905559518917,1.2710634440916833,1.2759148847164263,0.1844668353092489,0.053742468689674874,0.7625954370199919,0.2650511377707709,0.294891035200426,0.22515429371181941,0.5980919327895077
1962-03-01,0.6058506754477623,0.8804355183171234,0.2583178791009143,0.11971080112506251,0.20757860687050542,0.03373368613530965,0.4602248999351822,-0.1520618796578638,0.17486580480982672,0.7688870173367481,1.087070711028863,0.37881862714634246,0.17250486856178726,0.344917928729344,0.09724651304526631,0.5966357345189778,0.14144137809106896,0.21467106435925531,0.9680118703824517,1.3213481132165494,0.32210856075434724,0.13106472177921705,0.42583683770877834,0.1385530184853113,0.4404960305767372,0.11538899753436532,0.26502660418989926
1962-04-01,-0.1978599050853077,-0.2675891759902584,-0.5949046205442133,-0.348462020615718,-0.15372246128882727,-0.3311255111016706,-0.7067151879112921,-0.7888347630785986,-0.4435532611517452,0.48377818308874093,0.7084054135363196,0.278732854235482,0.1759682416710995,0.17743240332430335,0.04123037848002601,0.39436972250963953,-0.15222020698657443,-0.028009100288628495,0.5582241863346966,0.882595436018531,-0.01968592086589237,-0.10951691076022878,0.13208266121232046,-0.22306922427026887,0.14040608943688507,-0.17900854710898648,-0.15605475689024526
1962-05-01,-1.0061355070241005,-1.2321756106805561,-0.0529161603870045,-0.1840933823361579,0.3530851512105085,-0.21165247205119378,-0.10955827856838032,0.41278789052323256,-0.46821199724557555,0.06474285108817261,0.24608693832913078,-0.09492158259048805,-0.11244385531220412,-0.1169324262435197,-0.2549491269508337,-0.014617197195354873,-0.6450251814710095,-0.1781419937881399,0.146412812044069,0.3015103871256062,-0.21097709666140765,-0.23292896914714928,-0.14109205851618395,-0.3383516038067391,-0.11923358352640705,-0.3671789186753634,-0.37072621693228197
1962-06-01,-0.9968186750402586,-0.8000092809862183,-1.3386279806358408,-0.9578917804885376,-0.9922026609898705,-1.085112548012693,-1.2995053838640456,-0.6837274040234056,-1.3042508035847526,-1.0640735587766093,-0.9355945557638002,-1.0335117150659607,-0.9180737190533559,-0.9744296515726207,-1.160570824110256,-1.195410972756057,-1.4758374295655015,-1.2753283034561333,-0.26955481441885465,-0.12059570993336877,-0.4070779034440592,-0.348555167059753,-0.3686670127771419,-0.5879034657987944,-0.3920903478157171,-0.6900083231874284,-0.5765995294735174
1962-07-01,-0.35712784560919475,-1.348095132391874,-1.3347347283662137,-1.091311581915783,-0.5693765703455999,-1.1137157391507273,-1.1823760136716444,-0.30277449758924535,-1.4508385285547476,-1.7244182706438993,-1.5917365200548288,-1.6026139280387393,-1.491657752399665,-1.5764914281770008,-1.6111998261101657,-1.7473057283173414,-1.9536978395688052,-1.581772909483935,-1.5437998219795157,-1.7392361768757005,-1.2913916861655006,-1.1200826830862052,-1.1504136125342066,-1.3722300308708697,-1.5530189909283354,-1.4418404877530357,-1.5930952868948365
1962-08-01,-0.3350386770847483,-0.8633897144667443,0.5921274109656034,0.34555198177475804,0.6226059527512783,1.1876897944505131,-0.43755760699714247,-0.16116445215641617,0.7738282877669124,-1.7195863364581527,-1.6423488938049278,-1.5912090373935968,-1.6134513731067426,-1.7155177498802334,-1.7961773270926806,-1.5069781868292298,-1.4537160853085491,-1.726156516212395,-2.2833500284961703,-2.54913673359843,-1.7217083572827978,-1.5719757164650678,-1.893681074184577,-1.8468127687171867,-1.8745419577960079,-1.4249566584997784,-2.127889159398201
1962-09-01,-0.314473542780831,-0.2895721911902566,-0.40254160289241786,-0.4628596575708417,-0.3598718000615757,-0.34569310192393654,-0.5299668793056382,-0.06258038070867714,-0.5526059067899337,-1.2914814341002554,-1.3020869197820837,-1.476620005698783,-1.549132013164131,-1.4227531376905986,-1.6224934771702009,-1.170350267275069,-0.9686725739863394,-1.6722978271605258,-1.4541241358182244,-1.5961261381893683,-1.4143732441008998,-1.3469220735058456,-1.4330482788802452,-1.5768675036300706,-1.2826639037748997,-0.9820655932746871,-1.757270638413284
1962-10-01,0.8455301751386864,1.1157547658550364,1.471080471504609,1.3004338501715722,0.7774579478289548,1.1314590800668005,1.3426844424047946,1.0892609354481442,1.1470256152227343,0.09943003480186896,0.3032865254416831,0.0897419976036832,-0.05876707987048418,-0.11840253820498861,-0.1319762917398686,0.2132378631673446,0.21667666354275852,-0.037517784733774005,-0.4322056592000582,-0.26786076928682867,-0.022022778138907656,-0.22928379846966185,-0.47645247287679854,-0.31250737744785867,0.03541797287196503,0.05043360771815901,-0.3109157364734371
1962-11-01,0.3663251307377338,0.6508545554770981,0.8152345884859202,0.7932231561245106,0.8251889985648869,0.9039158582182817,0.7277356510661749,0.8779126561657367,0.9744603072048664,0.5776377632413874,0.9283334129494767,0.5708724146731842,0.4235424835601619,0.5449744863824608,0.4419153660355738,0.7220244449027966,0.569465191248869,0.6096603814954047,0.10860019046075493,0.31052525777260737,0.21698851659658686,0.017653487572255672,0.11594635928858946,0.04296230906986398,0.3125094640191943,0.3367923631876535,0.19841381374351863
1962-12-01,0.6684866922910985,0.6380781142782235,0.09009285005653268,0.3269853356355905,0.477854974944392,0.3684019901276725,0.18781485732295658,0.20939419260693395,0.3758352704562671,1.1593977095290757,1.3444663042866218,0.7088501142456105,0.7032677741307763,0.8789545225084143,0.7730366678216306,0.8271193868620018,0.7593517416302179,1.0140564817417976,0.9673870475091901,1.0147047843610975,0.4493992643138303,0.44609543951966935,0.566056475157756,0.49768199143633024,0.5645974787707702,0.5752920828802737,0.7432085622262424
1963-01-01,0.1574780892133561,0.6102509050824569,0.4134992497689912,0.02164206267306213,0.1465128897910983,0.056043837560682805,0.5238051713877666,0.04961492217972934,0.007352783242248952,0.9411959198876613,1.0297447157347264,0.14741818388341627,0.29633190641873813,0.5824357923469003,0.4513573562855807,0.38283227304493656,0.31112969304957144,0.6027392426809367,1.135288468872761,1.3379458817988377,0.763436050951361,0.5934091484691575,0.6522695633993661,0.7700973265840928,0.8782136126092096,0.6796700647800644,1.0959270371869387
1963-02-01,0.6141578185192971,0.5023897789630867,0.5541463889874092,0.6374826429592493,0.6220244719435772,0.8427403882294091,0.5507887043514469,0.40962395055685924,0.9139459732806607,1.0221106687118784,0.9281781819416611,0.1657700474611172,0.40453847407427573,0.5276500034596247,0.6350871920945781,0.3201017727138002,0.2036721091609814,0.869622295411474,1.04487639378411,0.9438911852502166,0.2291146879895405,0.2828800059608512,0.5345418585631576,0.6299119600266488,0.4702868833733872,0.38506516047640343,0.9734731770738289
1963-03-01,0.40598058510251067,0.3053298629211798,-0.0045655269352845775,0.07609854974538874,0.29571621681634896,0.23996869060384643,-0.09937996700609754,-0.42624821455898165,0.3413619693226513,0.5907216651289864,0.6499796814754888,0.18513186493936093,0.2711999480211317,0.3559464934607051,0.4458439139260986,0.26707164824227125,0.050888419226673295,0.7201620613282927,1.0747759615695929,0.8544063781758389,0.09774036222692882,0.28313309305238743,0.4212495526526905,0.5235041692717918,0.23835074392888783,0.05873133960271502,0.8476898738826942
1963-04-01,0.19090118032069284,0.24085569837282253,0.1912839709488252,0.014332070543907496,0.02797396730794587,-0.08406547115832194,0.15367238905085234,-0.4535871182362385,-0.1131688941660986,0.544122882079365,0.4691747916237212,0.13071079860421866,0.32703185496920845,0.3195596859967886,0.4641059659961667,0.14269653075009003,-0.15777264985476616,0.7282732312351711,0.28632122729233744,0.4188193365367267,0.05962965880450318,-0.016590188652716484,0.04017255693116099,0.22478873503262184,0.22812304236075626,-0.1421630134364601,0.47160753191786225
1963-05-01,0.26857009491339334,0.16172148682849677,0.2401622536285423,0.69605007945957,0.2131254350953813,0.46909035081766265,0.1872865487660829,-0.12446776863787071,0.15726714266649236,0.16569423774487757,0.1885312992162528,-0.11805523930054919,0.1203910610937369,0.009585069775924738,-0.06726292954515835,-0.13989881942666857,-0.5561253070572897,-0.0022569730477772533,0.45587329130213616,0.3660566883196929,8.182109103885972e-05,0.21564429001522614,0.09959152738992491,0.3143386756590486,0.03616189328779885,-0.19223943489436815,0.3695250891751002
1963-06-01,-0.7759269051986958,-0.8714791410549154,-0.3697461527559202,-0.4617439058957532,-0.5431059509277518,-0.6066237051983424,-0.24392650650456235,-0.5064064402341759,-0.7926971039789982,-0.16627679634177597,-0.20101721245609544,-0.32044333935814995,-0.10840702723101488,-0.21248792792548368,-0.30746676467381573,-0.3740383782070494,-0.6609850905383425,-0.37429826475236516,-0.24631428834782565,-0.23317783482872886,-0.32417339735757744,-0.27018813871444103,-0.3457614662294713,-0.38016481335159513,-0.36796113938788144,-0.661839783105547,-0.4205665590361402
1963-07-01,-0.320697001164579,0.47743710715669285,0.32053588778416275,0.22235169044133715,-0.48287229582330876,0.0906613311459301,0.42012740465683457,0.13634875048924364,-0.8469112676204502,-0.40022019238168244,-0.25616874166358766,-0.23048582199149148,-0.14019821864104023,-0.4673313080416782,-0.31251121062976717,-0.14539693620403393,-0.2782954145276736,-0.7864296681562598,-0.30877894769613234,-0.05229274938059346,-0.02771589258365374,0.03216501861668146,-0.4041161998798798,-0.035106415078719214,0.05728018137579885,-0.17749121191916784,-0.5043518157846176
1963-08-01,-0.35056254383694957,0.11516266491545592,-0.30145637082594967,-0.46940134765065544,-0.23701692032129884,-0.6314066340430254,-1.1460873227405837,-0.4892575729846872,-1.1615756189431479,-0.7155419340225605,-0.37235318475151225,-0.4830359284518147,-0.678704721616316,-0.5920693963744637,-0.7566912359611505,-0.5955707013299951,-0.5610494735526901,-1.54661225687206,-0.626352800727925,-0.48237018863479775,-0.42702847213074974,-0.3579137523622568,-0.5586495493009751,-0.47683697002081715,-0.49968424283065016,-0.4594995218377582,-1.0732963013804704
1963-09-01,0.26194676758365065,-0.21930609300483186,0.15535369058238707,0.39567700567201575,0.44860598102011895,0.17387189259518415,-0.02906382917527174,0.010535987749342375,0.1642404229562889,-0.2559456143196613,-0.18875290952020177,-0.20060932655406177,-0.2263788637716654,-0.11701179106205173,-0.3559565193433416,-0.15554603326605096,-0.22567549039410545,-0.9297260237658549,-0.7735737970759792,-0.8899083699216735,-0.6289055822457249,-0.6092774312350796,-0.48613821218649583,-0.5557687577254102,-0.6265900565347676,-0.610805911351146,-0.9450792880827065
1963-10-01,0.652233195167362,1.0251380053559405,0.16735902808594208,0.21870120862979475,0.517730744001219,0.3788972385060761,0.2004952045782847,0.47860372950837765,0.4426341530323305,0.14950621229542815,0.4010610243706305,-0.25406229871526004,-0.26503233878545523,0.29743525418405975,-0.35840818155163007,-0.2565738860772288,-0.015406331666502994,-0.20471968204792307,-0.16975257202842958,0.2714161056993135,-0.10409172267757064,-0.26289557087416665,-0.0875071238724589,-0.2939577919703956,0.04734533234073128,-0.026497805577223702,-0.36504116471285514
1963-11-01,0.1789458448635487,-0.31640463431589233,-0.8941055738294207,-0.46314819717071987,0.4140498251308083,-0.20582102451038042,-1.492374766909831,-0.9687160736965914,0.026265856059561266,0.3432427904632881,0.24089101335216512,-0.2547129482477946,-0.119017892498961,0.44053395421557623,-0.042397360944855966,-0.1820100274547094,0.11451117042990434,0.1986031604792885,-0.03143002889006904,0.09147124672356653,-0.3609333691127575,-0.4412811843759275,0.16490219824956806,-0.4644017487494247,-0.4287598754750027,-0.24149259966878878,-0.1807814336011937
1963-12-01,0.5062688279297674,0.5387492586197123,0.39460550140655143,0.6739582372724966,0.914912481634481,0.6978792584207674,0.1677910669913871,0.15535982759963543,0.8612494797177965,0.613289078041187,0.8765486414276589,0.2148106078142121,0.2716533940073122,0.7783733005713684,0.29382892456749776,0.2704289885694383,0.33067919089959535,0.6189294390823741,0.31450265575855935,0.6041708438844771,-0.0009018440198494448,0.07368115607415979,0.5216784099876108,0.0326312927411042,0.18422826010240909,0.05132234193427714,0.3096107358647304
1964-01-01,0.5184344645289956,0.6223946407764906,0.6144790683111137,0.46207932504235005,0.6026442687640523,0.3835529855001379,0.989265551448272,0.38711041757808057,0.5039680045687628,0.5235680194306174,0.6611898164830704,0.5265104597872388,0.6025375130925225,0.7076040468448295,0.4653151053136209,0.8297398236424636,0.369384031446726,0.6561129913707257,0.5741866901440857,1.0810009141540773,0.6211077689037835,0.3875549697321266,0.693295575882229,0.18006408260037893,1.0298188552422016,0.42678153753883574,0.43842916308132185
1964-02-01,0.2900847140363482,0.5231483728841858,-0.2476013785405746,-0.31346501829496565,0.29467001616461447,-0.09238890370396946,0.18612928630253203,-0.1563270343751493,0.17007869558891353,0.7172271647669676,1.0261562973106995,0.7142808193454806,0.70445327362474,0.8184328482406276,0.5495921853265734,1.0428981757732896,0.49682982215345595,0.7838164996166533,0.415467458458069,0.5777083202837462,0.49428914585547856,0.33786269600123414,0.534453041576103,0.1887038329306686,0.9246142314678288,0.16506865650759955,0.47873585990188083
1964-03-01,-0.06707475688391831,-0.029977172193109358,-0.9009225063614811,-0.3434362554739006,-0.021776491221658565,-0.2648442464774639,-1.174823560427624,-0.7836154305923797,-0.024438395226793017,0.4383322480387557,0.6717662575784525,0.20758543095834597,0.22684342819780123,0.42963416277074606,0.16730094660985145,0.46430246322668295,0.0997537572658217,0.4349676703175428,0.4134608940166228,0.8071420159966728,0.5623756676694117,0.37524650877229526,0.4707848056042017,0.30811869207195647,0.9413152236709625,0.1665541967646235,0.5393578733908247
1964-04-01,0.4787557673174729,-0.10827067979059068,1.0578188474905275,0.641044296104094,0.16711297457879706,0.0038513537745831807,0.992931449393,0.2744909142145443,-0.08141861147257229,0.3381595812257259,0.3895713885377278,0.4532226071257958,0.2246857188855832,0.323966090773526,-0.030006501931708385,0.15116203028037983,-0.038954083334030096,0.2235774859555343,0.2670634937190849,0.6115809560360679,0.7810607151142523,0.22178843380766783,0.19211743393241357,-0.11642543884202433,1.1675865892926938,0.13348074286443995,0.0746412818118692
1964-05-01,-0.6223474905761852,-0.5279400235243372,-0.5228961007345554,-0.5474620208745196,-0.9590879722497527,-0.5069522798183271,-0.6652765113913868,-0.3701171904946255,-0.6884555190534666,-0.1861497160760711,-0.176125493811094,0.2999106133872755,-0.0683547018824131,-0.2637583723401743,-0.44475055833057336,0.15099457765317273,-0.20545755310059455,-0.34673439763237673,-0.20321037521279312,-0.1550424889294293,0.09888218222611121,-0.3174617390154652,-0.2725232293077289,-0.38292100950400276,0.21823836407278727,-0.33263640206931644,-0.166353818074222
1964-06-01,-0.8659535346462189,0.006849137046744719,-0.46317136487211613,-0.2572098573909257,-1.3895229699292728,-0.2778148309283556,-0.9902219833601069,-0.7968295416621031,-0.8083961279194782,-0.43067631083998864,-0.31706647714295405,0.3530669958779105,0.037276144362555504,-0.7101672198256792,-0.5749312015255953,0.26978208772927004,-0.4022136359459403,-0.7855558093974252,-0.5166354276188153,-0.21220160460359258,0.2479319645114887,-0.11008642955088149,-0.7972897138952694,-0.4856342088644958,0.07575429170321746,-0.43104769691092776,-0.6260383452014411
1964-07-01,-0.2619798990266907,-0.48094637778080135,0.3693532535564512,-0.13492076215514734,0.24607128985373053,0.5724135844832291,-0.22330339864560655,-0.3354900544147187,0.5784454739398223,-1.243814211839216,-0.7199325416205057,-0.7038722961206239,-0.6461178461849191,-1.850254775409909,-0.93132186842649,-0.681597035208519,-0.8533079839941394,-1.314506639489011,-0.79237641161707,-0.7233631448393845,0.05470186315141051,-0.25938597738433994,-1.1712076843385792,-0.7464673616689858,0.030969496182046845,-0.5095527432535942,-1.1065387990114823
1964-08-01,0.41111357823659533,0.21681470693689545,0.6886730184642672,0.675077973909474,-0.2086319284172515,0.5493950146328297,0.06520815822255804,0.26640064251930184,0.2637901565127823,-0.2895253850523612,-0.40024712172412213,-0.320686359122126,-0.025069055873150843,-0.9687858394870693,-0.06009384246481149,-0.6526171247375858,-0.3284628446714554,-0.2347696677506345,-0.780989664748597,-0.8509366559592458,-0.6394890207896758,-0.29398738698578775,-1.4539332185521814,-0.36439235201414977,-0.7875787289469723,-0.6052597280957795,-0.7594244968656128
1964-09-01,-0.1201554011097151,0.12555119170782622,-0.08622255429734188,0.016066050234488434,0.25158481138654437,0.034629998366423186,-0.5779227621846245,-0.3393960559184757,0.06729160577320512,-0.39994613632252507,-0.5630652048552919,-0.35170573440864106,-0.19169308543620997,-1.089777164554659,-0.3414215283451484,-0.6705338631366701,-0.36841502826596273,-0.538010559889592,-0.7496924325610823,-0.5473073166049697,-0.6342342220740931,-0.2574023307527903,-1.4241277955783656,-0.37827248772285493,-0.9286826739002851,-0.7187482840623814,-0.8228702786706125
1964-10-01,0.43959435860342627,0.44340363090058954,0.1970029732669063,0.4483755901229034,0.5273693859482775,-0.08900943583370592,0.07542503883652431,-0.13080988361545234,0.04982551863922956,0.13655444150946489,0.13461465980479312,0.17891533350122238,0.2626980297451549,0.08255190781236725,-0.01506933235870027,-0.2863643585306283,-0.13569862073599603,-0.07124623122801224,-0.1770927829294484,-0.30079818839101496,-0.5270982276848292,-0.18846294038285769,-0.29454715953056937,-0.3426078968898047,-0.6433237414491927,-0.5279929325242952,-0.39783628263664406
1964-11-01,0.09242243356470642,0.7587548036795694,0.6062202954902205,0.47296858851779966,0.2375519879250327,-0.11935347130114836,0.009887644387845855,0.339634061488061,-0.1750943269239755,-0.21491258585709194,0.6628284613911236,0.18574799576192932,0.052617356573124247,0.2560055584477308,-0.7561204776370454,-0.2380542024412473,-0.4320363858230197,-0.49598105381912927,0.13691538612621812,0.6468595862286021,0.1539226606073237,0.23270068639847044,0.0559317628730963,-0.06757924043970166,-0.5609345473025859,-0.18020142354286475,-0.10657839667381845
1964-12-01,1.024781598467132,1.1823863941112314,1.131412700912287,1.26420664286141,0.8041119715954868,1.0895125531236038,1.2578578791986184,1.205953647612569,1.120761593327806,1.082143135347528,1.5898882581526974,1.0972096947308694,1.0530121216929829,1.0637073085048252,0.910546978574325,1.060851957543941,1.020386625834972,1.0721061663403855,0.7080542336694559,1.3922824372523008,0.6660038045330223,0.7125752550843418,0.560030441758041,0.5151275612256319,0.5130180613321622,0.5054543342204453,0.6923240406044913
1965-01-01,1.00737620482306,1.3982987841319314,0.9947629422554158,0.7848248671604019,0.8008897011528605,0.619768645883562,1.220756984288644,0.996434042239542,0.7936219554627195,1.4785334325873545,2.038282078761037,1.3816316243632238,1.2423782950855908,1.045376850301923,1.112508919790072,1.4366890354296131,1.3430658017279784,1.3358646063165613,1.3671682628990436,2.1149753303412933,1.2033632544310244,1.1638527077096732,1.079656420024295,0.9338701398981302,1.2567361732561004,1.1611346855673488,1.2869310890872754
1965-02-01,0.3826705655305939,0.02708256578658956,-0.20321379187334357,-0.27161493611512466,0.5145811163778234,0.07307092133151906,0.5174868732152458,0.4518741140385753,0.2991923062263495,1.5877212584383782,1.710680176345904,1.0264383556854442,0.9665704648563138,1.2320487319536066,1.2403173638254494,1.4050097024621777,1.4537379424696024,1.5275935751548642,1.484211820115747,2.078618777844664,1.1047325694985408,1.0421984810998308,0.9994799425531281,1.1057621432665252,1.1277121522275977,1.325231094064051,1.3298538287999726
1965-03-01,-0.12877512814186998,-0.06557035643454129,-0.2436011076607292,-0.3526317695179914,-0.1632177609434855,-0.3442354561190761,-0.21506452310815852,-0.5654071940048498,-0.2997854818849744,0.8438095229591531,0.9195453838873238,0.19702136949423465,0.061135869054513514,0.7045759169462633,0.44410951395724474,0.6693746293541407,0.7106462198099649,0.7403490234096095,1.489387734011637,1.666004513770906,0.7729751499898639,0.7882887554054671,1.0415827991853124,1.0488745278372145,1.2282761697073563,1.1440834854379556,1.370512402657443
1965-04-01,-0.3252687611937699,-0.5107626732976822,-0.9830731942232077,-1.1232630275134614,-0.034090889222520404,-0.45950299994241334,-1.3268197763340468,-0.7782100049115246,-0.2693109928141208,0.13151930611110577,-0.4213274627603372,-0.9228617763839301,-0.9134497299059875,0.38262871872817905,0.0983231210388986,-0.4763106704586531,0.046339602021209764,0.3006756454183534,0.9320042051022006,0.7604611146598798,-0.11294551283343578,-0.07301381357153748,0.6477623639974351,0.47939143961920117,0.3141816099923823,0.5373051417399348,0.7314998907603443
1965-05-01,-1.1786538103977913,-0.940109914755984,-0.8085403503245864,-0.945116741517092,-1.010472022028234,-1.0365847172275582,-0.8068180237532053,-0.9356817708424668,-1.3426150023843288,-0.6055545516771509,-0.8131726110120033,-1.1532399432860398,-1.11233592456249,-0.4375681937084253,-0.5011395335039883,-1.0665930480314438,-0.5833223823005753,-0.3934557209441093,-0.06492329410152953,-0.6922776351415146,-1.0855551548697913,-1.0031899238081745,-0.0013246066471274747,-0.23390502436283492,-0.5651595915774784,-0.20700102118570682,-0.11229613590237594
1965-06-01,0.02744955978907646,-0.5579665292092308,-0.4372342356792767,-0.28017390310514595,-0.07806533951070614,-0.021702528090850513,-1.6707686912237052,-0.8112006887076134,-0.41548463741777486,-1.165809623157798,-1.2625808871961912,-1.688791189887145,-1.4892556545695446,-1.2526689348058293,-0.9859013225016637,-1.862390151219099,-0.9010328579844767,-0.9488384006792759,-1.1133455308469864,-1.4848759814712145,-1.2219700491910963,-1.2153699050960716,-0.9213651688523551,-0.8138528420665834,-0.9592138093102263,-0.8502364330036791,-0.9072002400421093
1965-07-01,0.4046515463844198,-0.3637859355388417,-0.8219084137568369,-0.4409283169416847,1.146437450992165,0.31045917928395417,-1.092010071999016,-0.8066630361110405,0.20474835287405085,-2.0891561868386446,-2.1702687572899455,-1.8763873837235807,-1.6567446755051565,-2.3091799855747306,-1.837127511234802,-2.0590005390297565,-1.5456982497879534,-1.9903226345128695,-1.8122983190321154,-2.092340738391712,-1.524791837200638,-1.661201786548315,-1.7187720728332585,-1.4801291927830331,-1.2634262043716076,-1.23306207022915,-1.5646361216982032
1965-08-01,-0.3647223819222114,-0.3443308707338897,1.0380732680267895,-0.1863507068285453,-0.2273734242726938,-0.6715970149402523,1.8627508889890863,0.48123331350057086,-0.713122538453731,-1.4961919316093306,-1.5896575682544873,-1.1022420777368915,-1.1248601901075097,-1.535273291603396,-1.4133393080753143,-1.2314676938501719,-0.8586126895395317,-1.446475737989958,-2.0232819432431506,-2.627582867523069,-1.3452268103150982,-1.743637243867063,-1.9611314513393738,-1.859637836135046,-0.7622179344595448,-1.0315226875460906,-2.124618023158158
1965-09-01,0.3386787291677078,-0.05548359961427499,-0.3805601905288623,-0.036939402617223345,0.6721569202649349,-0.3749502716949869,-0.6823455265079691,-0.3535939808411322,-0.343904605357159,-0.4702056020075397,-0.68709602696555,-0.6370019831240366,-0.7499883485836971,-0.25271397650213234,-1.0021951671273326,-0.7753945752461148,-0.811323571594895,-0.9658451731013513,-1.1156296674078485,-1.4606411607355752,-0.9957317432349624,-1.4815913262762554,-0.757789000443152,-1.6732359994574255,-0.8490735381082056,-0.9890867286507105,-1.6415000084118965
1965-10-01,0.5882085766352778,0.7369959414858634,1.0648678987079692,1.0287191013115846,0.5295333857413727,0.7003354208067475,1.163096974101911,1.0776954478208813,1.023308221885914,0.4488970956070331,0.510094280892313,0.6708332955432955,0.4032298003925822,0.600140452427871,0.1257283703370577,1.1393150929321176,0.6220975664115882,0.42575351697634717,-0.28048913822296007,-0.22552895285381508,0.3529748388924648,-0.28030971418093664,-0.08178937860795413,-0.5395974927528387,1.2442394001429613,0.3711998786648057,-0.3166926005899358
1965-11-01,0.20512149743751312,-0.33082463163139353,-0.3079552366369729,0.55188175716614,0.4117667176378839,0.32954647620860644,-0.6562556818564974,0.17268376315478962,0.6441582364416538,0.6174942257689755,0.9052480319268014,1.3138074483888231,0.7186352454924688,0.8100059413070783,0.526621896377413,2.0298820656770737,0.9189865097317392,0.8524764261213431,0.2356708713679009,0.5029076948992767,0.8099755482994685,0.2691347337294119,0.382492814765661,-0.011488498733843201,1.5829815863270047,0.805111857680227,0.3245369595465132
1965-12-01,0.6189665278717268,0.40476021505385107,0.3406771342600774,0.14161593495166494,0.6482782620844018,0.3013599299290219,0.8592075985784673,0.40806173850134253,0.3304333600417237,0.7884548123242929,0.9742195077150702,1.098005859315515,0.7422364112056551,0.7826912190927889,0.7510016599945791,1.8262853111077804,1.0397035483852288,1.0244341488327446,0.6107413716440836,0.7824912102979555,0.48416820896654134,0.2792331965683988,0.7378878083528948,0.3328080441836504,1.0716085288746366,0.7876816986268655,0.6304136532758479
1966-01-01,0.7543685555124968,1.0145076470889356,0.2601781883647805,0.6478331966634056,0.5852359277002119,0.5884794301262445,0.2908425061932221,0.2139427720075223,0.7802235907573791,0.6508100634564753,0.7164851847311511,-0.3335050585867686,0.24180147463241247,0.6608611718982644,0.5752779973530157,-0.33007346549214805,0.13429589062993755,0.8233712639246924,0.6780938284419151,1.3275559753230846,0.8025207147708132,0.5641525799223701,0.5463907037268335,0.6229833387716299,1.1265972295771969,0.8857582706764254,1.0074261241796574
1966-02-01,0.21969791019998156,-0.3764343333806707,-0.3891586513144942,-0.15988182679347007,0.015518789801586365,-0.06663746349269427,-0.20785533067600237,0.3528135328974938,0.09888945670307693,0.3730993897122855,0.3840215263173318,-0.702559595327036,-0.15216463443594133,0.26064383456563067,0.24869766554308442,-0.7441767250589719,0.09964895192426064,0.4226581080810829,0.5345179380726551,0.5048633145562753,-0.5208432520668875,-0.13250270135769002,0.3771037457620817,0.2775224932415968,-0.7713277778768035,-0.07781531671438947,0.5645152998391592
1966-03-01,0.8503493113063761,0.5329413881484298,0.3292436470052667,0.4570030391512072,0.5127531539298622,0.3517615920975679,0.14234425722775282,0.28708100858174795,0.12060736739802023,0.6406061899923959,0.5395043436354491,-0.7182617036744999,-0.012454405247321781,0.28491361998289866,0.16699613891654505,-0.7102527459194468,0.17519797301296727,0.2852946403641371,0.8386126262964448,1.0386967707675419,0.03925668607360838,0.23345905092785016,0.38056063761490216,0.3441060549227853,-0.2115343591913484,0.027138974226882003,0.4115817612302897
1966-04-01,0.6975432656773862,0.5525467523808645,0.40803317129113975,0.2848493599760436,0.7014508401725933,0.1744241239251697,0.3316344686728331,0.27292045930285475,-0.0978729560293388,0.8356131180503287,0.4992184902478824,-0.08365929632322254,0.16655985194552747,0.4942616852026288,0.13286127576610113,-0.009215985186430353,0.1304431299953533,0.024153630436187675,0.8992549915014237,1.1371838782976498,0.43396298121206384,0.3273273716770163,0.4778664373487334,0.26147733191619105,0.4502471011261296,0.11659836892921456,0.1846165683789131
1966-05-01,0.37122761307549984,0.42417193358119026,0.7327762132175705,0.8472370621838792,0.3219859046952227,1.0256897437193973,0.21281147642281684,-0.4744628406214493,0.5137974281677044,1.0595000879196377,1.129978242576789,0.5952495556381407,0.69738287328872,0.7156894866607822,0.5936663052916887,0.18155617590937076,0.04351280590336275,0.35019222236394765,0.8574920210724171,1.0155575914529638,0.8506382975835346,0.5881901345924345,0.4551415279600635,0.41290571911097296,1.0598275989148596,0.19745436441045622,0.06066040027153106
1966-06-01,-1.307965411258293,-1.389305050975606,-1.4041101882731626,-1.3147661905085075,-1.0558221548199773,-1.2304052999314397,-1.4978168390280129,-0.8366099867575347,-1.5074288865528607,0.4232461983980683,0.5075716962899993,0.6249242330041128,0.5031628042174412,0.29578683978332043,0.38197727222727146,0.40671488912190246,-0.6831074527201022,0.14458980184024986,0.5903026872098129,0.8044430340731615,0.6887882841307645,0.4054427496248529,0.290239969494677,0.17334560226547754,0.8013697956201828,-0.11685938714341276,-0.24067136826625352
1966-07-01,-0.09852927997449416,-0.8444042743732911,-0.5492410846840213,-0.7057358653423482,0.37459149235703276,-0.3864830816134575,-0.22374992275099082,0.1856730526104653,-0.4367131105214354,-0.3351191972523453,-0.2625382408974195,-0.1854007301310373,-0.11385254734579953,-0.3814915038709651,-0.011741575636982558,-0.7446101976522203,-1.6716687151290088,-0.20378643358653448,0.0052278993880203566,0.16540798860090736,0.42576311823026636,0.15517782513163583,-0.016960523400207123,-0.018292417289447208,0.4058585366286709,-0.6857696694531882,-0.46310415745401473
1966-08-01,0.5676752945118477,0.2471482066691448,1.4370529138481705,1.5294035441349758,0.5417089785565391,1.353538164855635,1.332323821054557,0.8401928495148786,1.2031031563925136,-2.3306838762716353,-2.7351405594722333,-2.2127349320205503,-2.1432009202733653,-1.965235235081003,-2.063627712099934,-2.0479784289176965,-2.05671807245023,-1.965844547512108,-0.920330648833377,-0.8806245406785028,-0.20194661441656697,-0.4093226269184474,-0.859810058780433,-0.45246415199019757,-0.21918054987270377,-1.5809853644557081,-0.9189633904489043
1966-09-01,-0.15668458045806416,-0.11741416274328514,0.12055408484926168,0.19117721718174652,-0.16183212683033762,-0.09249088418091068,0.04318297903191202,0.11810621169566049,0.002341625078215242,-1.4645728759494983,-1.6531451282115484,-0.956534732341715,-0.9597446583166879,-1.0788652089371227,-0.9713772056326045,-0.700899211899933,-1.1050506904290591,-1.146918609457196,-1.6985042764976006,-1.9889065951365408,-1.2885245971559212,-1.4187637383408545,-1.454051610288057,-1.435764762390056,-0.9780000831261115,-1.477235756082342,-1.812603278758737
1966-10-01,0.7458186563020759,1.0395175145481124,1.2254458280008498,1.182259305692045,0.660224049890911,0.6018508722247864,1.115383154709692,1.2637788596295292,0.9277691100742734,-0.05199981893676307,0.12134980915848441,0.6120829725931627,0.5712750040903396,0.13423954019438344,0.41936064403267787,0.6671070538162216,0.24730138392376072,0.40389599084104383,-0.4516916814849249,-0.487040614812489,-0.0810855851946396,-0.013832555824705878,-0.3804192344764935,-0.1478131080682184,-0.12168407043009802,-0.06582205630623536,-0.21459120238784665
1966-11-01,0.8398066248435965,0.5042374697211496,0.908206142310315,0.9681884384215881,1.027578728289645,0.86497492034041,0.5410267555563992,0.8738781024520277,0.9224190484283844,0.6828451897567173,0.5147228161164795,0.6420995237408973,0.8312568443022956,0.8943581900743126,0.9505345669937998,0.7211660991812735,0.65300262491138,0.8486846234121355,0.3691622320670603,0.12520489384662264,0.25091666387709055,0.4034135421643746,0.5228971465742479,0.5616887425728074,0.29749434914060113,0.31929850184245606,0.48721799048958736
1966-12-01,0.666355981446103,0.6392640509321043,-0.23807738701311681,-0.1389496038301166,0.5578154737547788,0.12886915485255773,-0.15872907532982716,0.04086036650542724,0.31466233869705845,1.036210218927431,1.1345820029815996,0.816132543153447,0.9291053213366193,1.0966113088683789,0.9829988172767385,0.8798347314629793,0.8619307464774634,1.0938199819950996,0.9185297205593937,1.031985141436943,0.538701829990624,0.6711791384833037,0.9885565478013103,0.7878062637821065,0.5908689503669092,0.5844928970226663,0.8109341450630321
1967-01-01,0.5585720834855847,0.26728999973080175,-0.12312451788379215,0.22214142822843033,0.13377734056471655,0.4042236467200654,-0.08139891625793767,0.2400610569440644,0.5311106327887128,0.8731488778718689,0.8625231481716678,-0.001793513690051148,0.2899152662585745,0.8460078282363129,0.5903872716102715,0.24027415122553997,0.459744086585982,0.6739693519483169,1.1588845642526182,1.3215469538806432,0.5980736461010535,0.7583810070885183,1.132806736806008,0.9418786001349504,0.6714110917163257,0.7618488950191895,1.093963923607694
1967-02-01,0.7092415307258718,0.6726697373725474,0.7470075128091894,0.7567573353501518,0.8541091066712662,0.6435476246570363,0.9687883211048296,0.48032492216572226,0.6764937197183306,0.8437002655217578,1.173135487119733,0.5152714651365699,0.4973935283462143,0.659971929982884,0.5333004492737375,0.7412191746501886,0.5150514100328346,0.6726527854360471,1.00568384034639,1.3035024082188762,0.4895225546926799,0.48433703880782336,0.9872511078389402,0.6766726409740679,0.6109884630185664,0.44655122775907463,0.7921217301356718
1967-03-01,0.12187008721158733,0.16666073048117988,-0.04628632586800852,0.2196287205457216,-0.26235587981025393,-0.06714528242045195,0.1139538665181931,-0.18850253796018474,-0.2596093779399837,0.6588232010373257,0.8571605058217008,0.5610929298530938,0.5337083528954915,0.5175325154231623,0.4311688324273353,0.8014337695193621,0.43928979950919317,0.5490362625163595,0.6062732254816299,1.1486082232860197,0.2419651255777366,0.16323459193840972,0.3995851566885391,0.14838397622648683,0.4194585691547575,0.24890155248300877,0.3682967722415924
1967-04-01,-0.13825436377674702,-0.14877692764866032,-0.8460956926053621,-0.603128345720007,-0.435556130957641,-0.6227639874964852,-1.0180240556073423,-1.042682454099123,-0.6850733003230572,0.4347003126899507,0.7266051490340709,0.3034623760549272,0.3657221508933615,0.3534496935693421,0.13008303443290675,0.5516902296187723,0.0787210541298193,0.1942180487961226,0.42159528360105425,0.6513513047036533,0.2151256689383078,0.22689957894168084,0.32681015217198356,0.2354526870785523,0.36221211564822076,0.16567541219595538,0.37005902895993176
1967-05-01,-0.7876544771455091,-0.402583942824529,-0.48728988170480037,-0.5167791256978458,-0.8208135628756745,-0.898099300034402,-0.7053571254743223,-0.7261519434881953,-0.8830663998251049,-0.2993117541488505,-0.09103240557207298,-0.7223743343088875,-0.5229297414727898,-0.5235496922358119,-0.6834769983666181,-0.5403397489428003,-0.6952136497449324,-0.7226649589717647,0.05926512217353733,0.34703952348991435,0.029238595508259326,0.005666687000719567,0.003887436514969806,-0.09607823635156061,0.15825355129716454,-0.019030082357153727,-0.03468109526003278
1967-06-01,-0.7845579619635369,-1.0861849878021224,-0.4007030839349753,-0.45197463520996417,-0.1722993419920635,0.04789146537998755,-1.1245130624008934,-0.5092881275624814,0.309711773041162,-0.8368301124777074,-0.6912127915622343,-1.1127291626622886,-1.0204219262216994,-0.9111669855339849,-1.1691292175713623,-1.0060427364713458,-1.090512636510623,-1.143934878754512,-0.7425608982135442,-0.5755551487489534,-0.8474459762361726,-0.7050718079380849,-0.8457759666688959,-0.7903061327257185,-0.7330980547693702,-0.6225982330782565,-0.883316868448465
1967-07-01,-0.40189751132914736,-1.1195536064089255,-0.8349580515203398,-0.8872720347227848,-0.2616348588884396,-0.667193954582966,-0.946823735053621,-0.17625671068644447,-0.8131726471925981,-1.8399830775365094,-1.4118711015289704,-1.3424002051486081,-1.2392400251222635,-2.0204453391062773,-1.6064674921626412,-1.5271560796688022,-1.6240021136799299,-1.7837271764766323,-1.1887169286833825,-1.2017851770924415,-0.9545507654440735,-0.9300627780416754,-1.1679795374964157,-1.0404570749158946,-1.0765159968246347,-1.0174967069501821,-1.172039796115698
1967-08-01,-0.3056235196151754,-0.5486013628343078,-0.42981482838216173,-0.5775536891016243,-0.8422757374203731,-0.610668353933167,-0.3139145485540601,-0.6880253943860878,-0.8325166905937514,-1.8694007749299995,-1.8051441985004535,-1.3505359280778524,-1.6135788942628193,-2.208508066471757,-1.7011715427626295,-1.5727691520773148,-1.8890944820952553,-1.7871689694655593,-1.782537675490424,-1.7075569310845893,-1.0647378595689745,-1.22460429313982,-2.0041258758040383,-1.5024259649374694,-1.4757858332480889,-1.2860022404290348,-1.7382746713427917
1967-09-01,-0.1712898127796997,0.02129412599862679,-0.11819870384769514,-0.13472871560809488,-0.11005320372185776,-0.17514384490984342,-0.3080261216594835,-0.27594618079523675,-0.5036998885398287,-0.8481709165441571,-0.8182150699800961,-0.7349311533139897,-0.9934031829570527,-0.9781952067472817,-0.9391182606854107,-0.9821181304736665,-1.2304971787454075,-1.0454722643619467,-1.156081883182765,-1.2906413362789482,-1.023043775636336,-1.0823845890068162,-1.3151456814972873,-1.1092613195724719,-1.3841800844203882,-1.2784036823435325,-1.4215881888798372
1967-10-01,-0.475255067942972,-0.6012908400752343,0.31697689387240763,-0.10479220420597002,-0.3739590484816672,-0.11545445462866749,0.7334434440039305,0.31530319037834487,-0.0909732187354928,-0.38668620388798197,-0.5716411678867476,-0.15050720080771804,-0.6079244848968808,-0.3995183178876892,-0.4821312786949365,0.1831318109484143,-0.3039870599790805,-0.49634838955639987,-0.7495033506451577,-0.9730069570794778,-0.3683678164517712,-0.6758775757740769,-0.7873824999644902,-0.624735322063423,-0.13506245480167503,-0.5014349305948426,-0.7669711215921687
1967-11-01,0.44758052411962956,0.6404042582497861,0.3891113278609718,0.5483833360490883,-0.008431509304333128,0.4563117158592658,0.6273855331472062,0.30647379370269723,0.5310339751653143,0.2893553940832566,0.3119833767914218,0.16659324806041326,0.012003041226260926,0.10187252366444095,0.1415843906516935,0.491198900254714,0.19229674713438474,0.22121389982316247,0.0013755736207051782,-0.07783543727843158,-0.07167666281797816,-0.20104772189833245,-0.2710307001802879,-0.13875826522482845,0.23271316380811746,-0.053378529286798024,-0.12557095770796659
1967-12-01,1.082984965530989,0.9159492794924998,0.7110186979638206,0.7416167097208822,0.9810362249242988,0.8087154172486597,0.5824020778258325,0.8990068848558498,0.888743008388094,0.8078052423424371,0.8029115781008479,0.507620501254709,0.39623735781837716,0.5990816566644239,0.5350433718559425,0.8494357039380229,0.7121916744061288,0.7372500734826362,0.6580277906830406,0.7268721750445292,0.291194302162801,0.16915040319483324,0.3970992727687138,0.25212383637165375,0.6556237976505156,0.38344697529353156,0.3531768749200842
1968-01-01,1.127201849910962,0.9013951355377195,0.7450951562129043,0.6109422365560911,0.6702745400067306,0.7020787676578752,1.0420519992611217,0.9514243908836227,0.7919135533017517,1.495001733242224,1.518235322715083,0.8410757502159647,0.8430552375463909,1.1139753999987074,0.9320766102691431,1.0037680426996338,1.0889257674100081,1.1149662200471429,1.2816814534782925,1.2442593405045659,0.632221594923466,0.47694089780080934,0.8555192759102259,0.5929404453298477,1.169424188305137,0.9737540893471999,0.8325361028118992
1968-02-01,-0.11121674820038124,0.43641953930302996,0.16329657048485818,0.26020553381979483,-0.3446244636985645,0.05607413771691022,-0.028797423635623993,-0.18010150161153862,0.12785940949194954,1.2606030834504856,1.4188866814319525,0.7962942232936406,0.7699253814493151,1.0295592893846781,0.7813233699503261,0.9121573970788471,1.0288993450947579,0.9554491976233687,1.2781672493663794,1.525952943877386,0.6203012626822434,0.6423684513250544,0.8762972319692702,0.6461023296024144,0.7727802806976302,0.8195595297682492,0.8997627587842087
1968-03-01,-0.2927930435831234,-0.2746390930467738,-0.4949426964388012,-0.15442647945790342,-0.35809075931710155,-0.24379204294971368,-0.7834334992883396,-0.4677513419433742,-0.09704025314589657,0.800917612795637,0.9419678359351757,0.2966077587386246,0.42773874872837375,0.5137636275390594,0.41140085920646474,0.4240916131262278,0.3042375680780566,0.5570879641020996,1.031159416969794,1.2309829027024892,0.5088843784899059,0.5191535931652217,0.760757038177519,0.4901725831258693,0.6547542066028474,0.6438486042050268,0.6810184166044444
1968-04-01,-0.7138202283958839,-1.228448436591915,-1.100108218176857,-0.7893522290547487,-0.820272473984977,-0.5737280030206782,-0.9758892499339686,-0.567281017264457,-0.5933735820763296,-0.3558731273831263,-0.13191812956086946,-0.5074047184539379,-0.24976127644300747,-0.20919828941715604,-0.3238200536059649,-0.5545826125485972,-0.7113576513752772,-0.16678322591049752,0.3250915876054652,0.561030842807535,0.10481651401574538,0.19140493585002427,0.07730909859009563,0.09993513061290782,0.15978716238686683,0.1131221207472458,0.23733696370350893
1968-05-01,-0.9634551786879565,-0.777479731702475,-0.7580119181635684,-0.8707557292907938,-1.0943355860677355,-0.8976390407106479,-0.8586323347654754,-0.7773149049925583,-0.8871432682937923,-0.33847578162256675,-0.5451850076409605,-0.9791684144342593,-0.7862148467360763,-0.3939835397411268,-0.568614341361375,-0.8813026062255309,-1.0986552943039491,-0.32087691405082475,-0.5272717418711178,-0.2843797302825726,-0.4522244687219683,-0.2645939760334751,-0.6537011749631101,-0.3804115475664686,-0.7045526467102081,-0.655926676714696,-0.3412629930680076
1968-06-01,-0.03818164625371738,-0.11743242044617992,-0.47531000785567695,-0.26788829379018025,0.2306719827946735,-0.3417060597727476,-0.41148321431649,-0.20011284019450087,-0.1409653669614964,-0.4171509829982233,-0.3837809851062893,-0.9514065456910616,-0.8853466834408228,-0.36207901404216436,-0.6758462535110485,-0.677807281456419,-0.8403646530788069,-0.4362840125698598,-0.3712669269616456,-0.5809022630066346,-0.7069173880069036,-0.5020900280999919,-0.4392437528831365,-0.4712710206557257,-0.7523496944352241,-0.5710199164775754,-0.38534059648027613
1968-07-01,-0.6344311054586032,-0.6515473160622849,-0.11773702903385833,-0.5367057198917353,-0.6548359229314406,-0.17451369647041445,-0.5385906315698512,0.484840820412794,-0.5945843128569251,-0.5335179796383825,-0.5892237575721515,-1.1358401309714863,-1.1799955235481643,-0.47649947197261017,-1.0368307312809808,-0.7787820375878001,-1.064015960417731,-0.7080927740586052,-0.9482669626975264,-1.2947158874517464,-1.0950212656613092,-1.0319809596725744,-0.840179046014153,-0.9318118029490698,-1.2293042514044912,-0.9532905653377489,-0.8992347191310932
1968-08-01,-1.203288443071826,-1.9040425635238918,-0.2294977111166541,-0.7818893827888129,-1.3975313239405467,-0.5512183890206206,-0.32242480523312206,-0.19246529544597957,-0.5741019122958338,-0.7857516171892123,-0.6412542018520032,-1.271627650287365,-1.2583148353553093,-0.5031311129860534,-1.2196061545268286,-0.9042548221291534,-1.0954728351335306,-0.9180167133306673,-0.882330174775769,-1.1188946018453925,-1.1404382937467203,-1.1228910583621148,-0.8313499326552557,-1.051245206756534,-1.2202529126289352,-1.0470331482632311,-0.999151749027254
1968-09-01,-1.1960386252150108,-1.152134216426078,-0.6201632648813992,-0.6329021970309429,-0.85729029093719,-0.9746643011155256,-0.573047204327881,-0.6337738026142037,-1.2750560835764193,-1.7515425103910118,-1.3654085555298192,-1.3790147028673048,-1.3654862368140102,-1.8053767823051272,-1.644524950059159,-1.1740117175686384,-1.5144557014021571,-1.8355618758540715,-1.1600263222881657,-1.2378031366253064,-0.998690962072696,-0.9427996792490143,-0.8937456432839054,-1.07424595204725,-0.9629775663421625,-0.8846185837866943,-1.2635417409605258
1968-10-01,-0.3261160638257862,-0.5921422231480183,-0.8295484905639001,-0.9893546487491337,-0.45734950492938936,-0.9783497004292334,-0.020811649917069706,-0.6861434123477411,-0.7942948785729678,-0.9692349711173698,-0.6506183219756194,-1.0184052960389378,-1.0146404468191246,-1.3968580575213658,-1.2138270096836494,-0.5349543955714448,-1.0771014990145071,-1.3718543701490227,-1.55575375586882,-1.6223974427955286,-1.1072212048142318,-1.1796605325923493,-1.7972355742209587,-1.449455459960638,-0.7761881944608274,-1.0955214709732575,-1.7868174813366997
1968-11-01,0.6531360528315115,-0.08656553380031665,-0.260689013200906,0.021483496430924027,0.7020958200002682,0.28618365242263444,-0.10287658112323246,-0.08865389148340604,0.5021199136078721,-0.02337783813193629,-0.12731141327221504,-0.4804196749465444,-0.3528935405013332,-0.007664317153376338,-0.28997681119290725,-0.13430994158356155,-0.39741755765728176,-0.19586543442368737,-0.47573792524772696,-0.5953929895762733,-0.6108465019336488,-0.529111539004404,-0.4122112306783649,-0.4778189350200924,-0.508117871742833,-0.6080419100347282,-0.5289713634843981
1968-12-01,1.1759028674560836,1.4614218540599255,0.646006533237579,0.6550978997435289,1.211893225972236,0.6839001848001325,0.8281210809391546,0.8026278345007253,0.8948414821489733,0.9873190882066991,1.3139365434877432,0.34692655770926856,0.3799880452486755,1.034754496380737,0.6253496154399977,0.710712675562779,0.4528560304228281,0.8083462012263963,0.8241686570435677,1.076950272612543,0.1581697628659282,0.22756467856416288,0.9014152035124303,0.48977832672639193,0.44216585272030173,0.2618360287063039,0.688702505851461
1969-01-01,0.7598288306229459,1.2312385300011432,0.5176722082402679,0.6144614366282528,0.6099881528726431,0.5759994578473707,0.6850994265934292,0.6420306261678735,0.6463871573361805,1.310469195654364,1.4198829681861012,0.5216364085625086,0.6469831080574968,1.2821299107785529,1.0073893607923272,0.6102033055017737,0.6744818474688282,1.2004542548874466,1.2840207477110461,1.5606123908405254,0.3637602305295924,0.48965126856561675,1.1433794698389574,0.7889695153405659,0.6555448721997327,0.5264956318057341,0.992953414812028
1969-02-01,0.40567598960405654,-0.15983915568328427,0.03292004065927053,-0.07920235006314354,0.5812646780803689,0.12035278736145938,-0.054043978617225985,0.3752742333516735,0.2981993803067103,1.2059481977053494,1.3656999912401484,0.5838663964680718,0.6073157610160129,1.0572031723068016,0.8647249783634059,0.7442187819945062,0.7916694093990877,1.0253629554396502,1.5361110146871242,1.720882961036006,0.5330809967064529,0.6896967110689916,1.5473888680961232,1.0308412409621064,0.6600122704148422,0.6827542931702785,1.33139962453916
1969-03-01,1.0335207968011755,1.0737503440169598,0.7082576813770887,1.0865301910030913,0.820618484059295,0.9395494541205857,0.9067988888070696,0.810464196831582,1.0475402776507161,0.945724750256334,0.7149618548980679,0.47056496940166004,0.7439174539850926,0.8202228919422747,0.7066739434381987,0.49214033552176784,0.5967158036511069,0.8565501642215638,1.565280817172244,1.6671452776290052,0.46108212589815434,1.0328140857270534,1.4149931260973458,1.1068257612764296,0.3995988136379618,0.8321715765605772,1.349971307004542
1969-04-01,-0.4037008855657651,-0.2963693802249192,-0.6630212272314499,-0.5519987225355519,-0.3315890214709157,-0.6232098326524028,-1.2535370584190413,-0.6596985372562546,-0.6496446002889106,0.6623992404617938,0.6822177736976676,0.37253885911395246,0.5603122910378511,0.6663802268588938,0.519881452471468,0.31118644856587213,0.4192046071321978,0.6251906643152583,0.8118134475073167,0.45940334443483827,-0.10912894858451126,0.490918538665667,0.7009804915391764,0.5179255068932415,-0.41349694538061504,0.3479693734189334,0.690031675480389
1969-05-01,-1.256572917828743,-1.1146781912351829,-1.265227217853403,-1.075647559724107,-1.2570704666121988,-1.0856889250717305,-2.009995797718619,-1.124220622952541,-1.3033858138860408,0.31954131233203575,0.5630421718560069,0.16174967783686933,0.438817793887217,0.2350152941242726,0.27144425942188305,0.03114282196173505,0.19925803148505317,0.29124771053513065,0.257877691898749,0.06086846567215895,-0.3093402209618706,0.19490156836448413,0.26814484370195457,0.09334111355492716,-0.5689580178538786,0.0546418038772882,0.20778633765497817
1969-06-01,-1.2958429025410783,-1.489020839943244,-1.1679276759914121,-1.106797346202034,-1.4428827964686517,-1.0115516135574099,-1.057503908719973,-0.7845307019031722,-1.2874099416141713,-1.0677174727811576,-0.9339345210903482,-0.8982534506027978,-0.8564060822147067,-1.0376811675366104,-0.9506442379375238,-1.3090736034635349,-0.8682390446263242,-1.057205837275824,-0.17254448670965403,-0.22221346131546774,-0.45759542982040247,-0.019389718459178938,-0.21278029843714166,-0.20230286519332955,-0.8002898626255757,-0.259961032130987,-0.20541646245400227
1969-07-01,-1.2073479960257631,-1.2353777141859512,-0.9170656474186385,-1.1492254456079467,-1.3108036998887909,-1.306921148312361,-0.795363355457169,-0.7178384395750878,-1.1593360280890896,-1.611678514603743,-1.489353621436889,-1.3417950257329532,-1.3363472786307002,-1.8978236748859736,-1.4559286175177537,-1.328119874970256,-1.336827970825868,-1.6609165944739361,-1.5028468753401725,-1.8742352125361537,-1.7664791015657308,-1.1681874055176344,-1.4300921506682556,-1.432955537569847,-2.508624561050192,-1.3335559960734638,-1.6588076857708478
1969-08-01,-1.267348813697869,-1.0233875429459147,-0.8039347811641963,-0.8914594290468142,-1.2682104853298481,-1.0239404652941073,-1.025089255064306,-0.285204571452539,-0.7318260400874361,-1.6502437159911911,-1.5368994254253407,-1.333359348698659,-1.2007420461887666,-1.8293970212075668,-1.5490039903591766,-1.393045745256666,-1.5892318974685118,-1.7034816311128946,-1.8744426975448845,-2.3228181471102416,-2.0269023808226856,-1.2153082691658632,-2.062579039650586,-1.5848551463864722,-2.6900029368617786,-1.7009023531323912,-2.013684509915895
1969-09-01,0.5297113680657641,1.1287200976433027,1.4542235342602756,0.8035492615116102,0.3769337288683383,0.6389557875143268,1.9240452950193083,0.44109954999752443,0.49355292508122195,-0.38513805037885357,0.035571764849395636,0.5948843043848354,0.04982882061057853,-0.44467417247668517,-0.1500014063094678,0.9512092640195163,0.004287696631915997,-0.4152714403109182,-0.7310230177764432,-0.4704284811312278,0.11928780858642644,-0.19396935766818943,-0.7068835347604706,-0.4597085537101927,0.32940963056512224,-0.3648019535305528,-0.8521248531849072
1969-10-01,0.6066535610853196,1.0478829462466481,0.9199281051223849,0.11275646247406497,1.0698392990676502,0.32077224864516835,1.2975044299308003,0.7723084861624014,0.6277556344910227,0.2689422783166134,0.8686060913740665,1.2362520925480334,0.3956519278496112,0.28350724030216323,0.3274343536316988,1.6224118981979092,0.4284781190442901,0.32894533790060443,-0.1760898711925723,0.27706243524042545,0.7542783803499844,0.07287278407334616,-0.21021530892032875,-0.050074345904354604,1.1573923293929427,0.04365166961457688,-0.18830328923481124
1969-11-01,-0.621625914969834,-0.8293836628450162,-0.2981249019358732,-0.4842998237713651,-0.547802938593659,-0.2437129796213424,0.1172432505361037,-0.5020241741471814,-0.08267139083751861,0.45055690803251347,1.0232753542224635,1.388802252211449,0.5687736870996407,0.5329172639851381,0.5693367841695731,1.7250213823129712,0.6459689167451996,0.6445675654779267,0.11482565998787683,0.5629113820764571,0.921698110366891,0.2435355315607779,0.17988503446772988,0.21150039056276626,1.3661623527568618,0.28471964369447245,0.21013796343916444
1969-12-01,1.2220675850900895,1.0888885952834229,0.8251829548035327,0.9263654692579147,1.3129713698064882,1.2081724499728392,1.361268670763925,1.3022825937337354,1.3286431965249414,1.0776350090714464,1.2092550741364336,0.8078035793443401,0.5858832217571791,1.3379501828881792,0.7637285727208475,1.025944373855234,0.8983228581316899,1.1009486451435042,1.3277725410575816,1.8612991718540093,1.464910699826289,0.8640682469235326,1.529503105125116,0.9705680199800302,2.1431803211020286,1.1630119834676644,1.1862198108339517
1970-01-01,0.4480009242075439,0.05330131036041249,0.2750464662596595,0.19441215422790178,0.3761656563783083,0.578754973529924,0.41422846068996183,0.3330806631074128,0.7794414287216074,1.277006661584057,0.9865039871643312,0.3357579893486838,0.6852839894848143,1.4255161284541946,0.9731444984764491,0.6118286166869411,1.051640313743167,1.256130880010722,1.3177343579446505,1.4584293327007358,0.6374208008698817,0.4928631396491293,1.4569743032702676,0.7909981125611193,1.01669836656843,0.870849010572268,1.2202112674424772
1970-02-01,-0.014068734444744721,-0.006790667177855953,-0.7187779891557421,-0.6857756990000679,-0.17926583241218602,-0.40846039286691516,-0.8265550570438203,-0.5196612730766224,0.08145618629835516,1.3122343037896567,1.1798843386251217,0.4698005338599721,0.6792466029622798,1.3318364150639743,0.8573713470261622,0.6722290996227761,0.9154751666880756,1.06269964337868,1.128206266623436,0.8219018814254956,-0.11056597894921304,0.2505634115149938,1.2367636649527347,0.6160507569140178,0.06485960393368292,0.7400602680237997,0.9573038623537138
1970-03-01,0.14217163345059206,0.33090279823601276,-0.10903768356967145,0.09116084991822768,-0.02855473502203966,-0.03082130471748784,0.08797429787175216,-0.04600157134511421,-0.05441512989214208,0.3846512274119186,0.09838032678616027,-0.2716197721743563,-0.032822429438946775,0.105417106046636,0.15199595056361662,-0.3757259541488133,0.059804179888713914,0.30785925780798307,1.2117676866564424,1.0331140318343643,0.2639640033493225,0.40847236542836657,1.2255358868531179,0.7393525710278768,0.28902517495891017,0.7928419301792377,1.0827063525363219
1970-04-01,-0.6826593549942613,-0.5569624333797333,-0.6647803866762028,-0.7591869542345928,-0.5654218877105093,-0.8243238721311084,-0.4772232244782106,-0.43310481854834854,-0.7971430439900083,-0.06371660538172907,-0.0962097014943314,-0.6689586843241743,-0.43249649592501177,-0.3919062896618692,-0.3294217756890278,-0.6251177678203893,-0.21558215834114247,-0.2107276757651905,0.2728429586197245,0.04560780414154115,-0.3194870247799468,-0.20565339484600587,0.021562070212453474,0.06749073234119445,-0.6869608465937691,-0.06495885448691817,0.26708095157036876
1970-05-01,-0.6228459259628207,-0.45605452089098225,-1.0858000888847823,-1.3465556879225762,-0.8606072116063357,-1.3608793488743975,-0.7786399850190465,-1.2688058689036037,-1.0938811266708974,-0.1930835605247221,-0.2550814426755741,-0.7815986091964655,-0.656670854214227,-0.46470376899429255,-0.6059679705120645,-0.6913932982565524,-0.5230359516908668,-0.5239606946923044,-0.24144155378029414,-0.27391306548900324,-0.6992112788409979,-0.6785987103814478,-0.5710908630563271,-0.5550972783358435,-1.258839368044425,-0.6668839824165222,-0.40513766774331883
1970-06-01,-1.3759305260905097,-1.1639014378477994,-0.9351623705752258,-1.0068650353153201,-1.2455490988724003,-1.2313571933835106,-1.1017017308348822,-0.6588212819946211,-1.3773320533244877,-0.8224435343702577,-1.0403416701725552,-1.4002947055023702,-1.4143181593116891,-0.6730630908857099,-1.3326937052778607,-1.1762839544103876,-1.273962526824433,-1.0321419517747088,-0.5772892231978826,-0.8057083329060812,-0.9111386076056543,-0.7599128914121709,-0.7523265833243463,-0.5926210337535132,-1.688710097538675,-0.8823024435022663,-0.5313904041439713
1970-07-01,-0.9212014764288721,-0.8510905119956964,0.09930680377160607,-0.05622482893160456,-0.7694900816460788,-0.5223395799523924,-0.13301577873279152,0.20269892358133015,-0.6190438373507032,-1.2285285853351462,-1.361207805217441,-1.7616235946328893,-1.6443317876293537,-1.0030148833117345,-1.721238618746985,-1.70015507031418,-1.7447363849664699,-1.5040171247896619,-1.5060054257165272,-1.8127471202417003,-1.5127397587577947,-1.6713247612302833,-1.2812892671851543,-1.6537073036335026,-2.130118063111626,-1.7552909311876133,-1.4655704653141979
1970-08-01,0.2846396128478593,-0.27562779668078025,0.1270219084130444,0.15222236232983052,0.6811678146740848,1.0746964162650794,0.7180957427570621,0.8270456616595901,0.9367422970982572,-2.0814893109645585,-2.286918864479984,-1.9944004827691604,-1.8629926773788161,-1.8757246095173872,-1.90980640991937,-1.9916329281707648,-1.9439849901750597,-2.006378263912745,-1.8927132345404416,-2.244518137593688,-1.899470606618252,-1.925192074739586,-1.6354648948745891,-2.2074007318819397,-2.5696279206787946,-2.2470379029050727,-2.1132746085373166
1970-09-01,-0.08490086542347061,0.28522652773298135,-0.3354288526483217,-0.2682787439711706,-0.5533953791620669,-0.3552088251228589,0.09681667584366654,-0.11525337338982487,-0.3224092463342083,-1.3422593012080966,-1.27583275247564,-1.2207591962342013,-1.2114345536449602,-1.4312687697344197,-1.450707695959558,-0.9364232435951781,-1.0503640267028973,-1.6830727652068522,-2.1339833138912927,-2.01190810786262,-1.442677451196567,-1.5001458577684028,-2.1434439177474207,-1.9336492712764222,-1.5551155911609045,-1.7404287016460662,-2.294300541361
1970-10-01,0.19797913654148278,0.5170575897525708,-0.00833576372112661,0.006546437028707647,-0.11052679971117763,0.256592109625128,0.5962793827977133,0.21593836975281955,0.1745661862299289,-0.3545539502850013,-0.11636818423995463,-0.6361399093654061,-0.47849100272717965,-0.8995460936950768,-0.27784279825509134,-0.11844669443448104,-0.43226252347123245,-0.3249485312857862,-0.820127306400318,-0.6914033566279378,-0.8090418407860892,-0.7244102769416612,-0.9061242559467779,-0.6407444822554141,-0.6357792079602237,-0.817168852841923,-0.6958893035012682
1970-11-01,-0.8608749701269167,-0.6280994037194514,-0.6657800396014537,-0.7383285655880645,-0.8714878408517798,-0.6732882327935656,-0.8918714772458323,-0.8950872192378595,-0.7207993863888287,0.028704501826904802,0.172438171216112,-0.2982240858440457,-0.13274865424510682,-0.33873009754132893,0.1513494229658853,0.14572584466430927,-0.024096851468603044,0.11034622194221128,-0.6858417251101315,-0.46339299564671393,-0.7672486642577201,-0.636173823966406,-0.8031237477645014,-0.5440015400869609,-0.5515406047581916,-0.6924166853372762,-0.6276319604970778
1970-12-01,-0.01797791374287963,0.6003400481500553,0.7290958894073295,0.39062487734414414,-0.14699916581901554,0.20324912101972242,0.7883402395806639,0.7686683190379612,0.007973098938015266,0.23568072974706192,0.6109009163899799,0.4343918301079539,0.266690968521364,-0.046988105132238715,0.40329925941466566,0.7376571160593675,0.5867893047243185,0.38044680645630796,-0.0757127251915661,0.3795694108212466,0.11684058668017558,0.05156058396723889,-0.2863721865168055,0.08318589411203235,0.44179334006637916,0.2769351896609185,-0.07985440030311927
1971-01-01,0.7534801134470807,0.6622941220259926,0.7294191817373524,0.7474887054149593,0.8123373459431221,0.7693681238001575,0.8216837156239789,1.0375270407330694,0.7741710963027963,0.4147480524735652,0.49525945304977914,0.641089025393937,0.45712544155689816,0.4889697923101002,0.381248197432191,0.8284054020351029,0.8732917941030051,0.4874265618932293,0.5534413374683573,0.8505868535700435,0.5481600948073828,0.44134263174616517,0.3652488970972573,0.5954173120126983,0.7780966181429244,0.7681484987280961,0.6955877726543451
1971-02-01,0.937294845455837,0.86847724721239,0.4013533891868204,0.4245514064242118,0.7349932891269256,0.5675098767849264,0.8091471801965519,0.8037898032938208,0.6672180697246416,1.2109743243957256,1.1881975300853715,0.9985066207017222,0.831988291716186,1.0500914388181095,0.8168726232386788,1.2699478610606618,1.3099731921805122,1.0402320044941527,0.7358570569063654,1.0073594431048212,0.6091255793155969,0.4235066796332633,0.49660213068807235,0.39563184438155136,0.9554298652938028,0.9662599822861611,0.4708588115319458
1971-03-01,0.6427322380698065,0.6691456350275667,0.2867314550200396,0.2898565566229178,0.23116822362726108,0.12145942358313475,0.2979131713965156,0.3700210185749852,0.22884703668410614,1.3250704880099533,1.112080168775355,0.7109742647370079,0.6236721815807903,1.0490184405651364,0.7171994820912438,0.8777709852201044,1.0480007637787416,1.0628093891692842,1.1958985620065337,1.4266311435609185,0.9032136370806799,0.7269250096529781,0.8269825867675441,0.7795446021949417,1.1986381967517663,1.2462483946815393,0.9797332174949849
1971-04-01,0.0808675327226885,-0.2216752045708748,-0.31515294333694316,-0.32021876602913296,0.02202602091821029,-0.3804431475663283,-0.5377148862476595,-0.4397545722408707,-0.19979567732903075,1.0416712608909415,1.0117286090698998,0.5049434178060939,0.4764460937426997,0.6875470637831617,0.6292442680305584,0.6720261712782812,0.7366462557904982,0.7560483930072868,1.198970898030582,1.1465578878397786,0.578083431501687,0.5056655001104614,0.8218807769627223,0.6409602132808766,0.6788032813696696,0.9211569997788853,0.9221759860678231
1971-05-01,-0.8005674621582353,-0.8018680885298924,-0.5813158838756548,-0.9255949660869573,-0.6666184899334663,-1.2521099256906796,-0.5919040004507583,-0.44408404657150824,-1.3236742669904595,0.2525305361728454,0.14931243686919163,0.022893173360735597,-0.013496942770652155,0.09396189337294948,0.09554655819095874,-0.0897522912807197,0.005500291108094544,0.22608147317883354,0.7215110978431827,0.6500131003674049,0.23948350372266194,0.09829561271281202,0.31483625344828353,0.09970109852149048,0.329944611819958,0.3347353204180395,0.24702488433841813
1971-06-01,-1.1905561129858007,-1.2407628300478952,-1.017398261542896,-0.44872082503841104,-1.268904076771083,-0.7393950722018027,-0.9940121619367164,-0.8499320718135365,-0.6796872445005736,-0.658009097691992,-0.841538434619286,-0.7818499037992191,-0.7995064479509356,-0.6366395363999969,-0.886744221063539,-0.857823363515405,-0.8328988321254708,-0.8724585992590955,-0.08529742907545625,-0.08039095357137374,-0.20811833308203756,-0.3819355619154446,-0.28582474529614427,-0.36884528261657207,-0.4204861440548346,-0.4480248787198108,-0.31674956768953
1971-07-01,-1.0648180868199748,-0.8389217570442737,-0.27128603507097077,-0.5454138457859423,-0.6532307878463534,-0.6737190393374577,-1.0154289263259146,-0.9439538568219183,-1.116786745726233,-1.7838820308848466,-1.4808960092560148,-1.3580819194665286,-1.4878477409523576,-1.584838443917262,-1.9747230588849578,-1.349714759308966,-1.337314712174366,-2.052322990229929,-0.9484533990534435,-0.9981988045747637,-1.027327084452333,-1.0671459172008617,-0.8929574006575549,-1.0424379194251,-1.3315817727959853,-1.3473826972390874,-1.1082124287054398
1971-08-01,0.40860046669460837,-0.37779844480652275,0.06359411049248527,0.22383022850249706,0.5483013110649737,0.7311048627588155,0.5398791609524933,0.47086553326041514,0.6548288051419479,-2.0782427250633146,-1.7801284815070961,-1.7238817238581787,-1.6694445992998508,-1.9210792015334819,-1.9682857169845673,-1.949679766262431,-1.7642885915116768,-2.069451612496526,-2.1456730915313353,-1.9156936217913734,-1.512526375258958,-1.7421573505500438,-1.8484004326754904,-1.8681562760085137,-1.676102681428905,-1.5880846972065854,-2.208075823793102
1971-09-01,0.23097399219082923,0.8623268840267626,0.5462889117853689,0.9005835495659373,0.04250254083305232,1.3703837437202573,0.6283775493392552,0.6374532775185009,0.5682625835638192,-0.8360682839072142,-0.1636174052415124,-0.6126613542245032,-0.1697454349323068,-0.9849436014704674,0.012834977342823121,-0.7562436284719605,-0.3447606551724707,-0.5064843934953904,-1.2517898642211216,-0.5440043048096401,-0.8675263402510265,-0.530003986210403,-1.2001772506329742,-0.2619333840163813,-0.9779334759214436,-0.6665090614057689,-0.9365252661147034
1971-10-01,0.5122716543033123,0.6364534958973207,1.0681286834211843,0.8238988645257802,0.5743593371129813,0.7704774484996901,1.1018918170453311,0.7366809761944445,0.5838112105980166,-0.029331443337712204,0.49379485970212345,0.39637866161791474,0.45027550766018104,-0.14347917523254755,0.43997403421295733,0.49861702206999126,0.3866250312892516,0.09241615488123191,-0.37978457986529673,0.2033943351774946,0.04897374155156543,0.11273706204307274,-0.4232053486804692,0.17813371446917783,0.19746919136712582,-0.00989839048097933,-0.16177682932168894
1971-11-01,0.5000624682930762,0.42022242711320934,0.515833834549895,0.5267879069040361,0.44601459923260917,0.20122508015558901,0.4464914549169432,0.1722320825212864,0.3460169641437327,0.5420965043262785,1.0359442917697401,0.7609048877472923,0.8909691294834119,0.4341717476541184,0.7132681995270115,0.8547744335396591,0.6714805027825295,0.5576762726154659,0.1481471580798137,0.6406498694943069,0.36533256765629346,0.44721468930322367,0.03696980298037605,0.34646811822479945,0.48306262718590376,0.2838800452391192,0.1968565931571643
1971-12-01,0.636448367897587,0.28883508929792995,0.4090714011215595,0.3699125835958164,0.37306824610252726,0.472394665687611,0.33267759110025397,-0.03427954241673063,0.7131913413139335,0.7905758042245945,0.8483894186770854,0.7886581334958995,0.7572053119647119,0.5802191126943207,0.2782003880717603,0.8053334568528188,0.38866969989881867,0.6099098735422718,0.7110168695413321,1.0262132425162551,0.7367619321695731,0.8729976346206266,0.3614442469449325,0.7813777898733709,0.9306357155297428,0.5127425718557284,0.7754593667383637
1972-01-01,0.7741481335402456,0.6078207716737488,0.7159602623946735,0.6014030909554332,1.0637045035749857,0.9829335660971011,0.7304457254363402,1.0306137072585995,1.1415917579692219,0.9487463398313659,0.7895101887018463,0.6420305876225498,0.7447326812149282,0.8792661226144847,0.6777533601057854,0.6660186523599894,0.6306260099386893,1.0400110326444232,0.927397681087584,0.8879595149789332,0.9124506317461971,0.7599208578497064,0.8267727994998945,0.6019886462620018,1.017602668182193,0.6470716143446851,1.013048370628756
1972-02-01,0.879081774366701,0.7979218929948898,0.508205628349885,0.5805925237862276,0.6919943589155966,0.6524698004207232,0.5008873748452664,0.5595398404260071,0.7602097125245675,1.090896205233525,0.9355516628738935,0.6539043070913696,0.7247865958701286,1.0334436267514213,0.9910031717529469,0.6490150543814626,0.8053692480215447,1.251753740456004,1.0644317357977735,0.9529923798654247,0.5706679888268569,0.693825632440659,0.8413204122665577,0.7126932473071033,0.4929197330811665,0.5306151683490745,1.0864951554983207
1972-03-01,0.12439137871984796,0.13730295570621115,0.02238184827198208,-0.15179599263928867,-0.30421182777830724,-0.4255578348945805,0.4539515529497646,-0.26490249645887454,-0.40815702742265336,0.8778907994470848,0.8949937426438636,0.540085387973694,0.603275102090674,0.8121778711683751,0.9644893904647078,0.6272858329957711,0.7514078303137955,1.0617229940813984,0.9992171426776382,0.8117062408316772,0.5133006477403873,0.4576165305339943,0.7425069724403204,0.7691748523640128,0.525368993621069,0.4591686024056005,1.0927845818960673
1972-04-01,-0.1690907442115487,0.2197651140898941,-0.07518855686996172,-0.2240641458344983,-0.13662527626858476,-0.8810595292641129,-0.3928848834891127,-0.5695078976122546,-0.8957539225718752,0.5836186498599777,0.5380560861089349,0.1752096935689552,0.13298567612245293,0.3186308563531761,0.2088921278377494,0.0661370603937389,0.03700658492205632,0.3030610190236776,0.7607471725377515,0.5791395539619837,0.3071418334137699,0.2247163914099496,0.6647932444320409,0.5092185178146982,0.23006772506101272,0.37236497764384124,0.84305772221371
1972-05-01,-0.22268083041169207,-0.411867728587599,-0.44194555052471446,-0.3671575702119245,-0.1279442407417547,-0.6264184054953263,-0.5376313764413019,-0.9324505909043157,-0.2606445942075644,-0.08405976382754636,-0.16926935902714935,-0.25247723074962003,-0.3036931496798018,-0.10525088634948232,-0.294402668474304,-0.37120512295150704,-0.5067502675265763,-0.15761823787290402,0.27995166328243937,0.0685980501432427,-0.17169225337414298,-0.18288368345993647,0.09253153303638995,-0.054661322018171005,-0.27945492010555534,-0.418832455971682,0.17526002747674005
1972-06-01,-0.8940480199121835,-1.3060591185724557,-0.48266853038789115,-0.8721298156566399,-0.2786002634186675,-1.4470561630718108,-0.503729323376625,-0.1813737630772714,-1.346633070842109,-0.6110799441797824,-1.0368220957133938,-0.9417049341714488,-0.6189460101214097,-0.5354012956076439,-0.9035304077802468,-1.3722481923480871,-0.9959508345133996,-0.7697348660412305,-0.5347694070388367,-0.8440171417522143,-0.540997478898113,-0.6563669846691236,-0.5762227207307797,-0.5054107211102532,-0.5467856613810047,-0.838361990503493,-0.48730105785612443
1972-07-01,-0.8406225193693454,-0.24385743247925998,-0.5904754363037358,-0.6467733597093791,-1.1473054394967903,-0.698419035195529,-0.3136774256305203,-0.037753196989146545,-1.0300341473716392,-1.2236015162525395,-1.7422965668770205,-1.5153908054786889,-1.1533132897828764,-1.1985405717569078,-1.5517436035810281,-1.9593019250158115,-2.0473495177450896,-1.2566539437861965,-1.0122162614332602,-1.4101760928761118,-0.8895467835752026,-1.0058722106666382,-0.8229031997750256,-1.2461031394422595,-1.5572020755090838,-1.3629586648389784,-1.1695032933511536
1972-08-01,-1.3249352378068668,-1.013634375224342,-1.6790463269625953,-1.3770156456744467,-1.1669711415743609,-0.3877848366695579,-0.9595963961641731,-1.2074505824104385,-0.45698587419719827,-1.7797091271060494,-1.9342640591262745,-1.903133976435545,-1.4880065387133443,-1.8947270214700722,-1.916368143652141,-2.0740443852097767,-2.033056513767022,-2.0900426247757764,-1.6552743971980606,-2.024956989206258,-1.49886540438367,-1.40256424698995,-1.3719825629883526,-1.9815719988410927,-2.2197225525684314,-1.9055739741104876,-1.6690875866820285
1972-09-01,-0.001282342659171802,0.2041222035378898,-0.3258925006515057,-0.022515562260561537,0.26413760803629405,-0.0478737734380075,-0.04858464028154602,-0.33879643935060766,0.09016540386740114,-1.2355639661280853,-1.2076645226261087,-1.3892444730267044,-1.334639906906996,-1.0719706552873078,-1.883334347056478,-1.5165455156125112,-1.4216016986638824,-1.8272762875886832,-1.670456360449057,-1.6730619063091154,-1.5645730536524127,-1.537506559280914,-1.2463778253077773,-1.9325470946706673,-1.8517374067270316,-1.7268511236058495,-1.9416454750152388
1972-10-01,0.3602380450690259,1.479544800374452,0.42908886653284145,0.5138250915956813,0.5224164614245943,0.6901395427216946,0.49896908445504334,-0.05254135025823245,0.7585002546357935,-0.05448734368588935,-0.5612019455089217,-0.2714423456577145,-0.24873690549603444,0.13802069574379885,0.25538493513025545,0.1047621010509754,-0.4068669809911378,0.06552757519055347,-0.3617049534818429,-0.4055320210331689,-0.1315596186709137,-0.27343065936033734,-0.09700597343725821,-0.046276574399536106,0.026026659299682123,-0.4848409800580299,-0.21410445228802968
1972-11-01,-1.2728969378275905,-1.3683090261787418,2.5351328683138887,0.4580631848478449,-0.9088189947573633,-0.256390365738558,0.6912307770198567,1.1614682836109587,-0.8432997736908425,0.01384196046278909,-0.3902641574789653,-0.1465487156203431,-0.10263370374501964,0.19183854801482841,0.4638972157595561,0.22641206849689663,0.0029906582604081644,0.3036255330337553,-0.38440140684182034,-1.0129536203796399,-0.572362462628206,-0.4347507886502457,-0.09254151298000557,-0.08271099979063536,-0.3510662824311445,-0.6348870868520068,-0.16761981102943882
1972-12-01,0.3974809730138772,2.2185993358192078,1.6560202460948283,1.6274307160650845,0.5297955373652121,1.0084322702681738,1.7912155265331005,0.8206563562872177,0.907731830768118,0.565418145974901,2.0726519377014108,1.56458482171077,1.2474901561197316,0.5526955917913984,1.1481862860864023,1.6683398749590437,0.7922713507634367,0.8685840465305044,0.35525353433295825,1.6680608023669756,1.1406542869039284,0.9957564788992636,0.4161632254154592,0.8469396466034776,1.2922484822118747,0.32255735823270903,0.6085261162000978
1973-01-01,0.9873987459155914,1.4435665609216233,1.2750309714670927,1.6502763725049903,0.6182636417801224,1.4482208605204832,1.6302773532066774,1.4564021055523455,0.8130056908840094,0.8794238490618008,2.8787954660372974,2.281615110861307,1.9697184423144332,0.5526584359784568,1.237235221833981,2.128637730752051,1.349451467136427,0.6030773992051407,1.134408389100643,3.4420002776456164,2.669595018666673,2.3647735892847366,0.7030454072681002,1.8026948727149619,2.7177073406681838,1.5565589683593353,1.1044367200000653
1973-02-01,0.6692460308777083,0.8010758547571372,0.47037172902935265,0.5911551801407208,0.44166127567559343,0.6742153594311642,0.6242079888653337,0.7893461196297163,0.7044105389990568,1.4970246949649528,3.5666439992015007,2.6206729936764015,2.269230558797153,0.987993070470331,1.6459399598602802,2.4546161694149133,1.7770314254512676,1.0637380967523145,1.0125444521674967,3.3637374816170658,2.3304754794927427,2.002633707255612,0.5829931106981725,1.2389638997636894,2.1669880905210843,1.4779681518587764,0.7435221209740027
1973-03-01,0.769055770718328,1.2027320711324234,0.7144404643451281,0.6928190746065442,0.45599652390861156,0.16870841172253,0.3490676577244427,0.07036784604432067,0.45072997398262155,1.5471337304742252,2.5726003527846477,1.9855648679976965,1.8456661990554555,0.844573073757994,1.33107858730587,1.683386505910735,1.4612038197544959,0.9610296134275115,1.75548730383556,4.117351654187332,2.935541344243427,2.6192208212321857,0.9421547262415655,1.76185311666068,2.703098879525046,1.889070425419449,1.1908148650564776
1973-04-01,-0.1775017545486607,-0.1919578535068145,-0.4180661920605208,-0.14718870731203249,-0.4766623147656071,-0.1695678715021038,-0.3454526198810685,-0.4924615462449161,-0.18217877825863185,0.9673818196263202,1.3217312342238816,0.868399884744285,0.7381688461402537,0.459979346312629,0.5852960892314277,0.6556337966448315,0.5779946797414323,0.7023015366150782,1.487110791241894,3.080779102172786,2.2605814845473677,2.2419993113644714,0.5466940194239596,1.483143790070744,2.008435307834257,1.7163925734214012,0.9060280291308628
1973-05-01,-0.8545180593545354,-1.4131961195474223,-1.1006014050854938,-0.797590255249228,-0.8446770129940462,-0.9631251647334977,-0.5692874850823414,-0.8650110951623394,-1.0379861324196296,0.36324764591162184,0.5881501446569438,0.29599218692351376,0.26327541009803224,-0.12050802940775497,0.20083607485422195,0.05271077077278217,-0.23755936679360323,0.25211513244844774,0.6758009258090306,1.1807931595614978,0.5886832916322468,0.6828100239734053,0.1223534305351489,0.3056177892353599,0.2203822124531238,0.4813977482949378,0.3563965949593504
1973-06-01,0.36739683099891485,-0.5016697259353162,-0.05563620626525985,0.08922735735103197,0.5989102868267961,0.1631864105592332,-0.6535413245257327,0.286545981673095,0.4036313497334087,-1.1692563092199917,-1.7297858455300126,-1.7944058111745531,-1.4504399698490449,-1.4391332185445813,-1.2434184399616321,-1.7070185845624857,-1.6555681021916384,-1.0720584860849218,-0.0619658698955693,0.2144928138965994,-0.11068275665632787,-0.05856960663559333,-0.4536206161123139,-0.39623229092611645,-0.5267920370280355,-0.4110231430328995,-0.20327780446930674
1973-07-01,-0.055551857459890094,-0.16087253060949105,-0.5633645357118149,-0.41765419497901585,-0.44157492774577345,-0.7687155663728883,-0.9315123150493801,-0.005012369796901,-0.5776273664142708,-1.0923232063255586,-1.3425942341452417,-1.3564852121110418,-1.2627931593803354,-1.4416142071146147,-1.4612066600978195,-1.7144082729702659,-1.6718105792654732,-1.495030590400179,-1.135564194011805,-1.7540527849517469,-1.6799097795819127,-1.2775997490510373,-1.2539322416884249,-1.3601388918669202,-2.1634941360309172,-1.7882203065246516,-1.147733202837606
1973-08-01,-0.7832731763210471,-0.9552224529069782,-0.7222231483792921,-0.7178748980741779,-0.7406048718410281,-0.15222594865277717,-0.64068779815685,-0.6869029173846796,-0.5626854881543103,-1.3110219544296413,-1.311707198414663,-0.9386325751335293,-1.0854292285779692,-1.1871249162687227,-1.553829134338932,-1.16407197723549,-1.2558469880006218,-1.62407419894361,-1.7533054784420998,-2.3533892140331036,-1.9115525801531583,-1.879547044355682,-1.4720236139691225,-2.050421875841308,-2.2462498612879673,-1.6594189832665327,-1.8102167531610054
1973-09-01,-0.4054513658467222,-0.3191969783581767,-0.5185606356222004,-0.6356745754725738,0.09537176107629432,-0.49885832499975064,-0.3074295495659958,-0.41799120805400497,-0.4107052284944629,-0.6342422854240486,-0.717801603600511,-1.0168489909380838,-1.1046405661006333,-0.41609172754980484,-1.2815686917377023,-1.123369756399163,-1.2592066323137008,-1.1589763511997753,-1.3389935093711667,-2.2372122065335667,-2.1614845587267397,-2.19838608489563,-0.7059281590791259,-2.141506520931094,-2.3370392427268616,-1.907382906861388,-1.729153286015059
1973-10-01,0.42461498914953827,0.8832206777106785,0.3250960521127706,0.4562854077640597,0.3707986184357334,0.3496807874702805,0.30776909176662626,0.11670555594106086,0.2838474098450836,0.03948929965900688,0.1262819179453969,-0.303265585278236,-0.15418862189463572,0.12150135303861352,-0.35734474455256837,-0.2593944465394037,-0.44451645995366434,-0.38881225651468004,-0.2727361937361914,-0.24545921822320574,-0.8336458270692839,-0.7085528424794382,-0.04595085183016337,-0.9163990498849632,-1.053852796069712,-1.1991932722874459,-0.7315105849351639
1973-11-01,0.008269362338574884,-0.3567809722284736,-0.5296489391689359,-0.43625089519239335,0.11606397084087254,-0.06180060198708501,-0.3759153144536079,-0.3045237420324562,-0.0682411707306704,0.20125617537223087,0.3185869814209294,-0.2572734878985936,-0.025530896682979674,0.35746352252583063,-0.08573773147656479,-0.2083045246014917,-0.2963482858989969,-0.11877575957896229,-0.3143040019442301,-0.6965658242443958,-1.1463278331977007,-0.9559554389246244,-0.04973742971397969,-0.8664985544011672,-1.0559645323264624,-0.9437438091963013,-0.6688326635962532
1973-12-01,0.32591191324340646,0.3063924656235734,0.513490662921589,0.45964210403350675,0.7373530322510061,0.5183846733194294,0.6525015708114665,0.6538768372176869,0.5864381673759997,0.527602810088641,0.9209719428302089,0.6207668043880534,0.5758509256833576,0.5860650830768475,0.4064385905974401,0.6410271744092284,0.42690622890529606,0.31220181342025105,0.3695022794267824,0.7156595301505005,0.17449856556346627,0.16684008994013155,0.4870982343296105,-0.010447875853751721,0.21387114049765785,0.014726135718253996,0.014074458049931963
1974-01-01,-0.6478835831007217,-0.7467476397091762,-0.28826104375702066,-0.15751609057912327,0.14650259422257514,0.23964408638700718,-0.23273788767183592,0.11385393028425488,0.34945420921463805,0.0037635392237495725,0.1915852960231177,0.2569883988312938,0.21077800508857297,0.3165015618133963,0.26329037600908756,0.3316106658970327,0.3596853831126166,0.2344290450680325,0.4409668691571925,0.8374754970127046,0.44826235669014475,0.4455759379019439,0.39727707389622313,0.3376953606744187,0.43942327942060805,0.2595746954526171,0.27063858006591085
1974-02-01,0.3265205662796459,0.5259651492012155,0.4624974633461352,0.5470221615958378,0.5295174491372604,0.5543104655716184,0.5498766138001207,0.38134859293293544,0.6603940783312965,0.8518546492579325,0.9509382668286306,0.917296623391322,0.8779778907045086,0.7334837907361,0.7398836294712436,0.9211687813805913,0.6662221172813735,0.7277824708846784,0.5875359805823346,0.6924481415887093,0.5155287021805834,0.4197729704251989,0.41736923702565515,0.43489941358566286,0.5503749199728775,0.40895168646911667,0.448096453840743
1974-03-01,-0.5955650838190053,-0.1666336149162646,-0.15582038690348732,-0.16920612000887839,0.08484535288128515,-0.0097230853888013,0.06392736943376387,0.09594610610000462,0.2577932262624891,0.4201937926421303,0.6139413599187762,0.38328891774164064,0.33119958944562283,0.21537934665389777,0.36771730062329516,0.24351206158011052,0.1967706969815355,0.4640279243487088,0.7687809212675577,1.0758610088833434,0.7810907351142402,0.6580567953357568,0.4936207100727555,0.5853849063647117,0.7508957486866353,0.5496537818686466,0.6455983528349212
1974-04-01,0.4673845191519296,0.30326811386896835,0.27047462061216965,0.3376139970993277,0.42493423846819245,0.49384819831144156,0.30950842422712355,0.019302329779179186,0.4474270864914066,1.038466459572948,1.0491651742470653,0.7159097150776738,0.674387305101915,0.5332668146714962,0.587756597381254,0.6764765021809399,0.34538178025836375,0.7248558518920593,0.8696051319021383,0.7041329735143049,0.4440640445767618,0.5090342690658171,0.35410778631513873,0.5716422531179791,0.368848609748153,0.23367977271534804,0.6973649407419307
1974-05-01,-0.27178848400976385,-0.5967545151600931,-0.7919418802412205,-0.4471429812797678,-0.07100085632185875,-0.38349475971660124,-1.0029955369362737,-1.018593787050239,-0.3556742392613522,0.36623990642520643,0.32317605496299245,0.28194830504289103,0.259275544304126,0.13734468019178894,0.13598508581609164,0.3513028786463134,-0.029060187087410448,0.22753960542456506,0.6105795123394945,0.5317342737481229,0.2829886926035925,0.3037704613880837,0.1916793889356701,0.30661124831510095,0.2927612238917136,0.1580289134572696,0.45152232550484694
1974-06-01,-0.2119129168608173,-0.6757246974662728,-0.24594585057220314,-0.03206931395091408,-0.41369900620210914,0.11432352352039792,-0.13351487947431578,-0.31576522795167816,-0.4670701496075777,0.16373626830298932,-0.23681030480284085,-0.4085134375522765,-0.24546618873959472,-0.18367435749704256,-0.29513214942506794,-0.36673159322978166,-0.7195257104696394,-0.2263080838528819,-0.13266350116874306,-0.22270695456077638,-0.3480627303480452,-0.2622176376518475,-0.30149964370867177,-0.20821063246611743,-0.34974436711220963,-0.28451208690601276,-0.05933510357839333
1974-07-01,-0.3900832629692967,-1.0899167550941944,0.5996634396017624,0.8467182008944102,-0.2987762965338456,1.0178732207705254,1.1373647662121111,0.9523716938446449,0.8930108052837675,-1.3276496545399097,-1.4398927569389344,-1.7705578634939487,-1.5456126280731772,-1.3379836503668467,-1.68261661529541,-1.8175109885390566,-1.727014176762862,-1.6348458857252566,-0.25198789495212687,-0.6518395061054861,-0.6292430622663061,-0.3521984536341815,-0.4119246968256414,-0.3419039247889533,-0.565775238943171,-0.6810930084027996,-0.3575760741444619
1974-08-01,-0.6747210505170882,-1.0917238634874187,-0.717328752924973,-0.4867105253353753,-0.9252869711693957,-0.8118155024684979,-1.042428693617842,0.17391789106321792,-0.7643058555915078,-1.6118141977384948,-1.7600250655730703,-1.8554676211910484,-1.7872486772552436,-1.9355043422357427,-1.7453560480538453,-1.922344677037117,-2.1080721031034613,-1.8038732798479005,-1.4164487597357258,-1.6777585630162448,-1.4482278035113498,-1.404812048183774,-1.3361814978371087,-1.357759419092599,-1.4655088470711366,-1.3596171621297826,-1.4263212262113485
1974-09-01,-0.02011397128073337,-0.2238623154097382,-0.35971319404894725,-0.24463551211660922,0.2641428651326985,-0.08297983555053554,-0.25723472637681577,0.371908219481255,0.2901200661141271,-0.6319605192689018,-1.038725443171552,-1.0845668827395585,-0.8675111661594244,-0.7280285022795143,-0.6902776778712193,-0.9286682847685256,-0.9882665112873034,-0.4840798614556569,-0.7896908653429232,-1.3752779575305223,-0.9223177666264364,-0.8339999202785857,-0.7862504428888363,-0.7200715622873105,-0.715582651407367,-0.5737930747298147,-0.6399383273319916
1974-10-01,0.5734897954551487,0.5113551045917616,0.3287152897860087,0.5453371796700885,0.6877692494670558,0.6235203792379532,0.449653696572945,0.8407654269136873,0.96551452225025,0.3333294137007195,0.029454410450593944,-0.11906211136565138,0.0717375387544174,0.23088845792143778,0.1696395661468052,0.1736694331242503,0.07478901637836516,0.5352300523875356,-0.07958076895195983,-0.42285190157194763,-0.3373022056985545,-0.19183662459521525,-0.024221883304291942,-0.10628296039615873,-0.18871339815800076,-0.0534646900941354,0.18360808100253992
1974-11-01,0.487917378225978,0.814874319984233,0.17611585616238007,0.4997939040643424,0.23285237583056148,0.5638694473029273,0.16340659897675835,0.12773175203131776,0.5280237039085471,0.7764364343247593,0.7659532688006682,0.3515454516255441,0.6367849169433378,0.6403574161857467,0.6781616245736889,0.5587930997869973,0.5087914324737008,0.91582503587541,0.34925395778158624,0.38162433482488545,0.05545322050265872,0.24491981912854185,0.21186278204590556,0.31840651952338,0.2521778263814279,0.15824475102772603,0.5131289536718245
1974-12-01,-0.10142417205987884,0.16279226375906616,-0.4011275241268099,-0.3694879790009727,0.010296817217105162,-0.35869235547066,-0.428259801389161,-0.295637272106008,-0.1810202146411069,0.4989381859800788,0.8432875982660435,0.08323008854272651,0.40454441282694775,0.4545268268662894,0.3540103643547372,0.2825866113891603,0.06112667751859206,0.573955617754945,0.4176281993838294,0.6572195548352604,0.09432322689164414,0.3149835207770906,0.4265176225927548,0.34587952662540705,0.24245396840695188,0.28182615117961274,0.6113512645929288
1975-01-01,-0.3529511211017818,-0.1291091715169432,-0.621590091961547,-0.4535811364271785,-0.5312771381040007,-0.20823250873349838,-0.707769192069252,-0.5812668673105928,-0.14275045972378345,0.10326007140359984,0.626771089111466,-0.42901701628177835,-0.05627479251279637,-0.01414743262739692,-0.10037583150757404,-0.34443695434932786,-0.6231495846019832,-0.04138426319031423,0.11696767537307379,0.7274943077779678,-0.05978034605479877,0.08930621478200292,0.10942496160833068,0.1026296956751642,0.04397575261067284,-0.017305519539496803,0.28285425615933535
1975-02-01,0.5513304375793563,0.8579095578459693,0.6860058378619073,0.8343804079460527,0.5614428359289435,0.5477568394728668,1.0021396489833154,0.43115700641768834,0.6132818785907643,0.061599934834145734,0.5443024036126682,-0.08166804402732931,0.030538685634678795,0.06706884651267352,-0.22943821668039635,0.22941952117126832,-0.4197634918496788,-0.0004786557739174303,0.12662694655075857,0.8882359112293913,0.24282871662902997,0.2590670453606492,0.029971055572014616,0.11946721041850814,0.5048731062318846,0.017680190697398488,0.08269229990866776
1975-03-01,0.3033820673709301,0.27603077810846927,-0.12716733120663776,0.02757550162307661,0.3602387773180142,0.1127460549865975,-0.3047422275012788,-0.14345898311409502,0.2080817364387156,0.36965392039470424,0.7145996696131365,0.4485238316353114,0.3884888835423565,0.324666632497634,0.17655740910156256,0.7328902835111233,0.21317335892188755,0.3347938905646245,0.14996713535573444,0.6707562130258744,0.2076440571031624,0.1649846841123485,0.15614003390502998,-0.01625776570909333,0.4032156809097774,-0.03772618077867637,0.08182892453125495
1975-04-01,-0.16238389991424296,-0.7040745302745671,-1.0046472614130566,-0.629149978510905,-0.2373806643851552,-0.4222040334979023,-1.2081459855140553,-1.4585030702727293,-0.38136286543987313,0.46414318834094914,0.49285853403698965,0.4964300266865715,0.41140204523428353,0.46974580911664626,0.23033671891626276,0.6075925916744449,0.3160171388524633,0.39533407952641886,0.02779762876908747,0.4267135568206774,0.15084913587547943,0.058598179992283894,-0.04076718649881938,-0.06409246813944819,0.2972957462985513,-0.0783976922619205,-0.05597166012725682
1975-05-01,-0.05316357525204418,-0.02643777615418604,-0.6318347065257438,-0.3346419834560843,-0.19560298450158564,-0.2708849224200952,-0.7530289756591696,-1.0871326837466548,-0.3044005233586971,0.08720030633161485,0.007439926461590752,-0.2203593408619916,-0.23526041227366498,0.1137618574059416,-0.2674273997590261,-0.3816189478775749,-0.28830105514195614,-0.13639119650445874,0.17088201807385175,0.4277600681925394,0.23999093854577933,0.13623637692975352,0.1432026819188722,-0.03575267948863009,0.39459738522412463,0.05110935393096395,0.0337468536582383
1975-06-01,-1.095128606357021,-0.33006903496012086,-0.8703459236340435,-1.2719755618877595,-0.6632336113597963,-0.7815215547131078,-1.623249648418577,0.0745469210816167,-1.1571863751705063,-0.6712328931685612,-0.4422386972108622,-1.0448761169865253,-1.1001387962595597,-0.7515570890914919,-1.053790101940178,-1.1251344732180593,-1.2597843016675443,-1.0000507408256512,-0.36431932619405116,-0.24949839228248022,-0.5409976634427696,-0.4693204967112786,-0.4083487654942706,-0.5181364378360103,-0.7626687708328965,-0.6195373922758709,-0.5049781315443189
1975-07-01,0.6858645313653309,0.20998070193925258,0.16033300046634294,0.24114479533856104,0.5996278160731804,0.6344852463864679,0.09546310388253167,-0.030772421386683194,0.7023012783128066,-1.2332523817454324,-0.6319829385015927,-1.3338137807224524,-1.4418082897432205,-1.3371136660937557,-1.3960272051776643,-1.5440481373648323,-1.4700960146553943,-1.4434712036946689,-1.0529349703903026,-1.0273971253438579,-1.3366348680462812,-1.140052706917808,-1.0577272013352002,-1.1441516486539582,-1.5934486305765372,-1.4577593243535543,-1.195670281191292
1975-08-01,0.06790961381131935,-0.3255516842193003,0.3144267095211094,0.2713346950432492,0.1449556420430158,0.537611604062327,0.08291796731334665,0.32767944756984857,0.5320252088785938,-0.9626165094327908,-0.7538556369839047,-0.6445462405767175,-0.9307889216637032,-1.0247278789087837,-0.6177371749885132,-0.5667788355132471,-0.15918693821769575,-0.6555642996327595,-0.7560547001510798,-0.6608238821031714,-0.5130562737237575,-0.6014061705044134,-0.7932507057231146,-0.5126251030004276,-0.6438802602880689,-0.2684089890815791,-0.5829069419044426
1975-09-01,-0.8793482268690763,-1.0845537113451593,-1.0955333113675227,-0.3402162547839496,-0.6222320224095041,-0.6160901819953195,-1.2368249523981665,-1.1471480879021434,-0.6726962877281357,-0.7695007162733728,-0.9160270092204188,-0.426223416144508,-0.5620896903899691,-0.7233287374982168,-0.34392273522620836,-0.387443731680367,0.10886493070061841,-0.39498787530642465,-1.1484257108876053,-1.1428272122052368,-0.7844821933379914,-0.7413703949684733,-1.099032186497534,-0.7050025654163246,-0.9191620609361412,-0.38404170193337983,-0.8304703365677961
1975-10-01,-0.09126514942305468,-0.05808882676187429,-0.14083722432759904,-0.05579533471647286,-0.07229437671984246,-0.014936229931929012,0.11280598920434996,-0.4187278749726672,-0.1699576063545487,-0.0945069872439151,-0.18529373107288874,0.10706602821157063,-0.013680964825625152,-0.08597076173462206,0.11786886176088786,0.35991856374185927,0.44399205595793234,0.04301752487623755,-0.5715553446837521,-0.847484630718186,-0.3279617473808233,-0.3281240331884303,-0.4681728461142978,-0.2565317364617777,-0.1685051648693721,-0.02808483782617343,-0.33826162640850616
1975-11-01,0.41440374168627375,0.5396393100970495,0.4812220442043769,0.028399476606613887,0.2538283610215191,0.20021508566919152,0.9704855575788917,0.8730848062757981,0.2401360692450276,0.13745657139198786,0.23814039993742658,0.23638561245095718,-0.1181359880322857,0.07298760467347078,-0.03184945555657058,0.7046811552374844,0.494027707941098,-0.03233021832948499,0.08031076185402213,0.03732950546604015,0.1802211839886462,-0.12153963408785162,0.012863195098425068,-0.027411984096300926,0.6241273551435894,0.5535855860896193,-0.018118678615124374
1975-12-01,0.33332586720823426,0.1624081463051861,-0.07783632999762127,0.19362915711099796,0.44695266589179233,0.12352000938302903,0.36998638588594085,0.08159570235374836,0.17030346105296426,0.5496364906080381,0.5876166925962739,0.4177597924358897,0.08600460680779969,0.5859769094865939,0.2564136927671663,1.0440363942073767,0.6771178894993887,0.2856521478736522,0.13218195555239562,0.04472938902201628,-0.07683375575762866,-0.21342377129744705,0.18546022057704953,-0.21458646696950012,0.5840044771553443,0.20909956854504314,-0.2085004667794295
1976-01-01,0.4437069488865026,0.38220147365155327,-0.053403055033258096,-0.11119114952080716,0.34780078466522274,0.12166033654726269,0.07638681049968143,-0.512877200230965,0.02070151088021663,0.6614222784217473,0.6692646438586117,0.3309211566030312,-0.08398567733268379,0.5250941956638432,0.20765416840277048,0.9737504435432448,0.633927643083768,0.16357397548692146,0.5826932542381992,0.4548383948058146,0.22984795721353143,-0.06827206127479192,0.5301354953190254,0.054397758314796804,1.0045106576234426,0.46429713100539466,0.0667334240944592
1976-02-01,1.0096244692448033,0.8448606674821275,0.9696314870608954,0.9837553113777978,0.9862821546110402,0.73383212749643,0.7179406217478227,0.3220906875463749,0.8668434013159065,1.1650069272119008,1.0086307538150716,0.6657271098977631,0.5048887310701806,1.0410307267796117,0.6740857959333864,0.8743363971823984,0.5035278596888387,0.6368969749671916,0.9724054325260937,0.8645976307187967,0.5931789821637898,0.14540113089995918,0.8195954253123577,0.31306462740790086,1.1297954312422658,0.623501609171057,0.3996306707533766
1976-03-01,0.5175816425090027,0.5845825815538647,0.6416651022155975,0.4235185077992559,0.4602003499384828,0.22705818650942294,0.6798422620107544,0.35944450179753595,0.4839326212407243,1.1619270065584113,1.0938744336302535,0.9324916324976905,0.6096414044802291,0.9717329852980486,0.7637634069627866,0.9623502062678079,0.6463802961600309,0.920923882829549,1.0488902484825458,0.8438462676413088,0.6307405831183711,0.3341702828759119,0.8991963068167292,0.4433811454884595,0.7642475559968105,0.2817276938888379,0.625410320083185
1976-04-01,-0.739944911663592,-0.42364493094045486,-1.0448691477870808,-1.341110868976022,-0.4561791924524185,-1.137701636528986,-1.052721258657809,-1.1597425012804785,-0.773903447110229,0.5695591529830529,0.5681812724204359,0.5017119034709788,0.08866949592508752,0.6381675441048779,0.2823045060781374,0.3437972851885471,0.23246005707221223,0.5536574875033876,0.7789169118042598,0.5985706070460469,0.4436287626072212,0.10343790319798334,0.5969655634303306,0.2563204969524257,0.45475243281678107,0.1651993974871029,0.5155593857536814
1976-05-01,0.07709118499180932,-0.0785349903008908,-0.13419313102735558,0.010246052062219603,0.1359001910908998,0.3781883400858359,-0.2945861182307865,-0.374354892923231,0.4745805269420135,-0.12475865246730344,-0.050163238749497935,-0.20794342493971565,-0.6021961606326285,0.04115180048127616,-0.2079668339533208,-0.1508966554845168,-0.14880288880576806,0.10937382603432744,0.5735080938264515,0.39894016872123267,0.3943032020536641,0.10099297234823429,0.39333587299730133,0.24104872282898318,0.18451579855330724,0.002231711941647392,0.6194993812333113
1976-06-01,-0.06503093136103784,-0.3273698829222861,-0.1717267355194234,0.3591117597221405,-0.590997332050657,-0.4087653671538531,-0.1279370155226839,-0.24709850207463022,-0.7904678764986669,-0.4209786302232472,-0.47052666512598473,-0.8138141520759891,-0.5085868966495102,-0.4380448099030821,-0.5000769002582551,-0.8441717862565709,-0.6555080655423892,-0.5126072841605878,-0.22976306015408832,-0.32340714517538394,-0.4159264746532507,-0.3799687322836418,-0.2846846948384495,-0.3908201322004514,-0.6277109210474372,-0.6239274997759416,-0.0743310566672566
1976-07-01,-0.3533776159281479,0.21177152251949133,-0.2985755013012182,-0.03062619635525441,-1.2544647403198714,-0.17538774521422787,-0.20889178516308532,-0.4826960814377823,-0.8562848939979613,-0.052903235589164335,-0.18409159956387727,-0.6612545716539646,-0.21818870541054255,-0.3307198503582711,-0.48276617970666497,-0.5908505794250785,-0.7010916936281272,-0.5099558293401301,-0.6904392776460904,-0.6165759463882693,-1.0803219594987616,-0.7279819319950437,-0.6903955681617021,-0.7783673042257027,-1.2238577696415969,-1.3090828853535514,-0.9141744777927897
1976-08-01,-0.4388632456982297,0.09579038572489015,0.2958416249678373,0.09926129089558051,-0.8943517114197702,0.400250339644428,-0.06835558613218458,-0.6240391236222464,0.4128856788796466,-0.6923626385273228,-0.5185238139367248,-0.5034122418728825,-0.29330102355178966,-1.517612821198517,-0.9005560265657044,-0.6824708843579488,-0.9976175492898577,-1.1289184673085095,-0.5073264084844601,-0.6501767891845481,-0.5684725893402011,-0.37617227917365603,-0.5726712120019983,-0.5554481351573661,-1.005259121754035,-0.9957051733670207,-0.49533742584061036
1976-09-01,-0.779862327947023,-1.0862178419990187,-0.2919423215977427,-0.4154733514195394,-0.5601047994796584,-0.22913230852826744,-0.34182414718854753,-0.4532472791240311,-0.11776083669887515,-0.710065939114952,-0.6944973244442382,-0.5553296045059278,-0.5296929418304234,-1.4648774800481443,-0.694085638436666,-0.9329766497670505,-1.2232600642594298,-0.5996431335572552,-1.0592436755601606,-1.3577849831002509,-0.8004068093047619,-0.622047764299257,-1.3280008995634571,-1.0711564896690162,-1.104531826843344,-1.1573863090635035,-1.1339113409385395
1976-10-01,1.176017794443055,1.0569273285459337,1.3450853212157046,1.1622039326802132,0.9415775262744359,1.0395416443319667,1.549855692630411,1.3575558270275334,1.2137549367002247,0.4283169681216233,0.858209968826344,1.0067900182936527,1.0365024739976612,-0.11863076929190786,1.121087469020999,0.9005811162082854,0.6322344883070515,1.2687287606302529,0.3885031963514887,0.5742618053459054,0.7492968163338332,0.7444392870198497,0.42623907929278315,0.8509754435083297,0.7366368668295298,0.4759615610186764,1.0667364199667895
1976-11-01,1.509914711469741,1.3686018712312664,1.120942447851709,1.0375098125042101,1.8218220897489648,1.025253981182097,1.117326232884588,1.030063226785265,1.3030758434792375,1.5941168295699462,1.900530784893877,1.690992678828728,1.7267218641001374,1.5699596791329202,1.833907365222712,1.7072930450423938,1.5962724099958563,2.1197729220872463,1.6417301242426494,1.5451724714363915,1.4695680874955745,1.4893592135656304,2.2060842880879923,1.5828151347053736,1.5205160570442031,1.4175043252506696,2.117201097587139
1976-12-01,1.1264175283593694,1.3082728851061387,0.8910133690599681,0.923427586638928,0.45084812501346405,0.9202719381581809,0.7605230172141544,0.8828265298509268,1.0555781594421492,2.1375402255951994,2.707879634239998,2.106282522067098,2.2952540323239203,2.247203355217804,2.2712060077673,2.0171029227674655,1.9679510651985346,2.488787438134727,2.1111558622708366,2.573072012956294,1.9179435837997845,2.105334558540153,2.2172905981569295,2.252736444991881,1.9288066701232223,1.920169148141938,2.63038838803624
1977-01-01,0.23837594898298486,0.3738327549774258,0.32140669150765583,0.29312073084309637,-0.1964569349678506,0.08123527068292367,1.0818943710313893,0.5812918328627683,-0.05873829751851367,1.763147118980907,2.176150013821876,1.4717835325500659,1.5254450072183605,1.5313833923335265,1.6249411938053604,1.5856775118446143,1.6656291062776754,1.6782942145817743,2.274987891164299,3.0719867950257256,2.065701826461389,2.188644254027063,2.124476155522805,2.3497206462474027,2.3126044633460925,2.178586070248157,2.6816045740230914
1977-02-01,-0.8061426994200231,-0.46228390247226653,-0.4334078754484825,-0.43170762763965276,-0.8108678903999037,-0.4358127821009855,-0.5296266986684405,-0.302684676162003,-0.5125123059390372,0.5413471486232339,1.3357547096715736,0.701224035833447,0.709676379729144,-0.0905676618096809,0.8173987621086962,0.8575429628540534,0.8813741285504634,0.5531788568567064,1.6778527513182908,2.289736279891403,1.4461000749443989,1.4794798936440965,1.3329848948145393,1.5330647191252234,1.597995176264883,1.6048369190596432,1.7344555759060827
1977-03-01,-1.1001464577424416,-0.7263461073112967,-0.6572964292750717,-1.0007956094135293,-1.0065353635297565,-1.1102208558288036,-0.8839733117469096,-0.7746806835738137,-0.8951705650071633,-0.5284634959675211,-0.16899256904877197,-0.32399194521822533,-0.5553303946131798,-0.870339843494155,-0.40947406483290777,0.27334134425733586,0.2572127088172243,-0.7415800604232134,0.4263243901046284,1.3829725440341512,0.6961385604553513,0.6741596230024738,-0.46430763149069754,0.7267280472369353,0.8558039873870749,0.9547729704938183,0.48590439394022683
1977-04-01,0.37106874166516973,0.5493276821619891,0.1024723038213659,0.1890861451407887,0.15128958095324957,0.16113133463926288,0.05970120090302729,0.08577395371966942,-0.019083618976416996,-0.20856727626313112,-0.07528124921626561,-0.49921080413398267,-0.5425505852256224,-0.73002366642224,-0.534740730161213,-0.7698067317912739,-0.48193334232520507,-0.7424136875445103,-0.0064322833061559,0.48872875306825836,0.17161441375101705,-0.06252236338239497,0.01458584803388603,-0.03477044923067813,0.35137731724554055,0.39313781358344707,-0.24387234371168115
1977-05-01,-0.9453595607132661,-0.44023569073079855,-0.8862762521939086,-0.5946731221717418,-0.7795062433459301,-0.6258654717714214,-1.4730090328992194,-1.1872279029246615,-0.6106890436663579,-0.03901296482022537,-0.07272807321737228,-0.4886568068929643,-0.43473353826367744,-0.4777722342750858,-0.4210629396815855,-0.8403531160375302,-0.650825007199552,-0.524378786206851,-0.4650196419376994,-0.5221429792872394,-0.488372281441872,-0.6453897000820146,-0.3857022040754743,-0.5978001768945567,-1.0093472621397575,-0.708563859989016,-0.6310743869223281
1977-06-01,-0.9160143002517803,-0.7296085735702255,-0.8931819574268958,-0.8788169346718276,-0.9078223628952423,-0.843270166811211,-1.197740261191337,-0.833100851066807,-0.8280816922938194,-0.37068168305183075,-0.1993878819125347,-0.6317585509964576,-0.5430513746997853,-0.59242980404651,-0.5806344347958118,-0.7006079237463676,-0.8178372500582755,-0.5490949409678182,-0.750456984223712,-0.5034718930490456,-0.8272619223563862,-0.891484402265621,-1.324141661736236,-0.8363678376480171,-1.7077903952489966,-1.3470723856391245,-1.038782720757269
1977-07-01,0.5010853986113248,0.7598623584879566,0.9744842775693799,1.0602449845190378,0.25640144106943413,0.7994595428305998,0.8060620188271691,0.7068002949954713,0.6302087174156512,-1.5387709428943777,-1.3070701533258475,-1.6957309372357312,-1.5613732890048888,-1.4215478309346574,-1.6126750691059493,-1.7536289616934388,-1.7245281113020947,-1.6037505237042298,-1.0510817369717684,-1.1558375815721469,-1.1000975156237673,-1.1990502384517618,-1.0861075034063707,-1.1621286739395464,-1.7754295459603022,-1.4030875405135181,-1.370944481658428
1977-08-01,-0.5135505760973079,0.045994319816188955,0.21812647434735377,0.10785277466029025,-0.8285050533427167,-0.10532565183153222,-0.14925432378019765,-0.5647476553996265,-0.5280401289048302,-1.652004037805361,-1.7217944629836617,-1.4962589163359916,-1.517585904249493,-1.4049643490443822,-1.600839107274289,-1.6172684146628722,-1.660138193410256,-1.5013079909120255,-2.1723307901837474,-2.332775880917009,-2.229035336431196,-2.292193663172534,-1.8200810602863877,-2.3350556351987257,-2.5691477343472378,-2.4782860303200738,-2.5907873467194844
1977-09-01,-0.5333140583169604,-0.3799218143664505,-0.4639088296468167,-0.39047379328974796,-0.8446681993148851,-0.5838336612104459,-0.647868614149763,-1.0936161310916608,-0.6634692051118344,-1.2508026029490218,-1.296215237069253,-1.2324921583910287,-1.2629298469658248,-1.5319046385003234,-1.1541111557505281,-0.9780020623300184,-1.0140710775390527,-1.1558969903667018,-1.9789174754992462,-2.2823508670736303,-1.8850388887658942,-2.015537115243765,-1.395838143101004,-2.189938635408338,-1.9235303433624111,-2.2277095562460794,-2.168642612084941
1977-10-01,-0.5988348738104379,-1.0149912496999278,-0.680065362413904,-0.5195196249194923,-0.5045230447507,-0.6746730636555792,-0.851600493089173,-0.9549338209721311,-0.7035937930391742,-1.1664698605405501,-1.1641934534050717,-0.8457249756533457,-0.9361767953565369,-1.0715532637649696,-1.0905370886592347,-0.7141192793793605,-0.9442895803320615,-1.0188133241360926,-1.593380516392691,-1.9665026142757238,-1.1880638866358846,-1.300914523372521,-1.0718364048565001,-1.4405004649724125,-1.1523369125488523,-1.350209210649391,-1.4564508616088032
1977-11-01,0.25251053488905295,-0.02730701809836204,-0.5634356532641144,-0.18871028072083515,0.37669143461023874,0.1437303377953191,-0.30180186675770204,-0.019142372723570014,0.3641704971912655,-0.20762984221059602,-0.20392618256648312,-0.39727537026893567,-0.33568667326732765,-0.21874003781187265,-0.22974677636904298,-0.2514826902844933,-0.2695748733970299,-0.0744496120431023,-0.5156627990755683,-0.652914176383753,-0.6395109126725622,-0.6015850447026226,-0.4743658903050869,-0.5563630682644167,-0.5242922472769552,-0.5897906662928576,-0.4589194079196909
1977-12-01,0.09475075183501232,0.12580310269336825,-0.4448749866387453,-0.544799742621518,-0.0839729476004342,-0.1768233780873856,-0.24460003763899538,-0.5388710884919662,-0.046867407226834704,-0.08073228814404514,0.05833124151636114,-0.6066566513086012,-0.5298118727402699,-0.026140907086321098,-0.25733588737663543,-0.2559945047863329,-0.24663506394435217,-0.09904502606515903,-0.0357456252286146,0.07669886358838894,-0.4428687307116221,-0.36910846590960156,-0.15956006100758074,-0.2597601899522669,-0.2773940185501105,-0.36849955870969103,-0.13662814371284218
1978-01-01,1.1034350885041075,0.8724691178804126,0.6709522471199202,0.7920152456270934,1.0164384930133417,1.0640600921672465,0.970020169619608,1.1430593268834182,1.3297087723332714,0.8861484251469192,0.8900747420891427,0.25290138799907863,0.34694341107484306,0.7655278832306955,0.6728762998141551,0.6381717041506555,0.7617627887884316,0.9705860441182048,0.5831064906848991,0.5655234647238316,0.00033611917834565314,0.1523691148438887,0.4321735037371795,0.35763618177157513,0.2967759790888901,0.33359875125175265,0.6152765744541022
1978-02-01,0.5841503621101496,0.8775005396186805,0.2084696198108977,0.4215752457451116,0.3758043589323884,0.20390926880100088,0.14819468321580073,0.4657059439922341,0.3858890890736527,0.8841415025619352,0.9201461769422442,0.22380499547856003,0.40694685683735293,0.6572800562522529,0.5801821196547448,0.4279951954668553,0.6404943381344652,0.828490619576952,1.1042768784071193,1.1671416506761119,0.1548139315238637,0.3813508378646914,0.766302978568963,0.6209390119483463,0.38287435134230363,0.5760853677298982,0.968269055830896
1978-03-01,-0.08226270830177038,0.27571579253887074,-0.3340994423169824,-0.6149314103563852,-0.17964009714295162,-0.654024046851734,-0.7160566696530442,-0.3701322402798287,-0.49022273930462423,1.0442531483971182,1.1401940011218985,0.3108468792793517,0.4600728784096507,0.7618885585109145,0.595344154766319,0.36363079481295546,0.6288751088125857,0.9188906320005323,0.9803457311181547,1.2313916128750717,0.17804277088667447,0.31507139790457245,0.6790835477672857,0.49998100148767144,0.2990960601127329,0.5432964376459232,0.8683454255061156
1978-04-01,1.2126780753073771,1.2711634734392796,1.0251026472000768,1.2251470595692087,0.768039372228786,0.9391175455030185,0.6328493585162619,0.5205797179119002,1.132132009688983,0.7742671516817862,1.1137355567050677,0.30495984361491224,0.3776118792251982,0.49355379015965584,0.31157983936752076,-0.052301752156782046,0.18524680882046332,0.47194122994542986,1.304364330442938,1.663684095983456,0.5362722427957776,0.635839615229498,0.8079373366304504,0.6396982804165866,0.08595338002364444,0.5462190294369108,0.9839051189374163
1978-05-01,-0.3300670293127428,-0.44884152897081225,-0.3054876800694498,-0.3787325635131892,-0.6383626301706785,-0.5869462560252651,-0.6236017543160868,-0.5348416137270762,-0.7602338174942628,0.5987151218513571,0.8386862637048744,0.4087826218012161,0.4094704071281796,0.4936670860703954,0.36530482114891993,0.13046101713856104,0.3155413993951902,0.4869968113789076,0.6531759546822482,1.1086336101163274,0.17069730787887472,0.1280149016967329,0.22707737549116447,0.014792508098474082,-0.5396439397824755,-0.09627228436959272,0.18663385568117252
1978-06-01,-0.7734964332309405,-1.6609628635607145,-1.2511146991482984,-1.3919966450687535,-0.9936400699244177,-1.4058078439155905,-1.148060992110513,-0.6580186101455826,-1.401937480674549,0.3295812311237347,0.42386313925998964,0.23087237709012828,0.2714478884645077,0.18356604708883548,0.2563277042006618,-0.19757829707342153,0.10400424734016374,0.3959224932778845,0.08940377645879047,0.44205479824501964,0.01108037156087381,-0.1494745056751051,-0.14680482333761194,-0.24065758145647828,-0.6461541648517785,-0.25925617810403334,-0.15086294732623823
1978-07-01,-0.029361829236329243,-0.22026704881982087,0.1768229730559291,0.007111195925820426,-0.17809904094976564,-0.2271694400258645,-0.03501514504085498,0.04557577212532968,-0.450993717790176,-1.0701983367948933,-1.2998388656984097,-0.8485417168286898,-0.9293070106973872,-0.8371684038747805,-0.8770360041961209,-1.231128652077047,-0.8776676662567723,-0.9102289333225854,-0.24633017678396368,-0.055727119500173346,-0.15118574443910437,-0.24334869462508232,-0.4884599088170296,-0.35706058873420754,-0.7224903167013297,-0.3955039350219028,-0.3566430769950858
1978-08-01,-1.1656013445237299,-1.298727257622159,-0.2710045151697591,-0.3674781372223205,-0.8040281080515727,-0.3305725962878344,-0.552035318193509,-0.27443450662007934,-0.21562844592450317,-1.9984888337908495,-2.134273914543979,-1.5316621739050453,-1.4888012348156423,-2.1343913788527638,-1.73832880816791,-1.6946867959101133,-1.7506488587470412,-1.9028966452225315,-1.627982588703168,-1.6448488165199655,-1.1793755936684227,-1.248325232088257,-1.5787138861643828,-1.4267629861111366,-1.7652148017397153,-1.533637951219702,-1.799860926025088
1978-09-01,-0.4481471009080892,-0.3367496677787586,-0.5405187492993434,-0.7155676901377279,-0.5237092905334542,-0.7366551773007352,-0.6725828714774775,-0.7786986987428086,-0.7710852055191544,-1.323840828270949,-1.3946645986602968,-1.3143031521925732,-1.3948494681042474,-1.5187420376321186,-1.4161201168763313,-1.521557349089428,-1.4749321758402565,-1.6455921355687193,-1.886590932889489,-1.7232722411672754,-1.4498327839419036,-1.607123954641054,-2.2192574277613177,-1.944359533016055,-2.100112943225207,-2.011094950527125,-2.341131725689612
1978-10-01,0.9962402235733346,1.5722986717649678,0.8238120953478827,1.285366445543309,1.484639315533772,1.0531358654958793,1.124539714673368,0.3003548942491582,1.1200259886545278,0.004865475153347432,0.20209255188241884,-0.15451757690596266,-0.011604758415292486,0.366143779894422,-0.03885008335968879,0.06646110103293898,-0.34711098652656025,0.029220144783002947,-0.31436992567161876,-0.03611328919352435,-0.5277352623220083,-0.33303081109710025,-0.1877630234902087,-0.4121557537477542,-0.416160568562609,-0.6797263996966313,-0.44656265166195686
1978-11-01,0.4770897352194126,0.3942474654749639,0.5037414822492607,0.3794665981960448,0.7666528677157779,0.6281826216886962,0.6315457928682353,0.5605339276444272,0.7331163361766129,0.6161119278319555,0.6243417282420468,0.4022090029096573,0.424902562709765,0.7418536983906107,0.5346868289876561,0.6984658833116357,0.44952143097802394,0.6545404056650346,0.1969671439031111,0.29664577193391506,-0.04626985553340805,0.04654868927644325,0.2861559162389414,0.07971592361833393,0.18139248742538133,-0.029747128066730636,0.16357182212134289
1978-12-01,0.23919027272282073,-0.1404678017163325,-0.20978555082147102,-0.22275893513010533,0.3774931013514771,0.12176360965491885,0.0064312030214836455,0.43149794159428206,0.41941527934052375,0.8155495101573055,0.7388895529272634,0.5434455624117083,0.6226330548094273,1.1188823794494498,0.7354351165634088,0.9837687868067344,0.7984661491792326,0.9818179528379879,0.4956630967472246,0.5300934288157038,0.15889420609321192,0.13911915793807061,0.7409014177691519,0.21900346768046433,0.49916934904010074,0.31217205442617396,0.5483824460761352
1979-01-01,0.7313579144688768,0.8085093292980527,0.29984626003328896,0.6183975736256427,0.44555120017299293,0.5790880610678681,0.15317364869278022,0.13304606869109595,0.5054815261355984,0.6612133760615215,0.343413926010852,0.29198229746390886,0.2531066849343731,0.6430947891563048,0.4335108313720752,0.4538726814479088,0.5791839231128637,0.7154182933151981,1.047495738578456,0.9966437428420258,0.5135835124446577,0.6485704355099231,1.1992347294243837,0.714426093105103,0.9492997780215973,0.686485207924953,1.0715102874604066
1979-02-01,0.7864238687288603,0.9817669501948697,0.6729385348937393,0.7731741102829146,0.816045501419219,0.5673092880043389,0.6359801320956122,0.7325708761344322,0.5967228093832215,0.8357752754937487,0.7670191342341305,0.42215043586148565,0.37999332047354517,0.8370273700569664,0.40273647649365607,0.47785650570866794,0.5760303970878524,0.7005630002456641,0.8371972656185503,0.6516551611807178,0.4674653434313613,0.40314005710252876,0.7773815854432431,0.42818185999044117,0.7062784650902427,0.7273521937559105,0.7262786089234958
1979-03-01,0.2182630589454728,0.004690121225236923,0.24476123635375452,0.2378502396299079,0.17926249191780438,0.3127652760799568,-0.03979358464214433,0.16213328858980872,0.3313659820866274,0.8606451826467472,0.8732834538986679,0.5660910341624484,0.5785980008560355,0.7772236195997841,0.5818775260961668,0.45503109943630765,0.5598692841440267,0.7629498791510089,0.7381972990832727,0.6129914926554167,0.2509312568178404,0.24421790832243104,0.7170673574728286,0.2517713798947205,0.2698266466396685,0.4343470205375225,0.5477365525912478
1979-04-01,0.6949359771933646,0.3952920673848443,0.28751536013101686,0.5626555412243404,0.2026860877376502,0.304023735881537,0.39887181942113137,0.0022126689721563807,0.18882206867126317,0.8654179677166419,0.8396342454596764,0.6541890429074553,0.6312738141410971,0.6873509697312068,0.5286518059648416,0.6857796768090181,0.5037505142067726,0.6033770311236324,1.0772163103999728,0.9566591683127589,0.5237862516837389,0.554942016979407,0.7806380375382767,0.45921893191841795,0.5472968654008077,0.3950245114247923,0.6531027506732341
1979-05-01,-1.171327862723679,-0.6982165154505091,-0.5925030263379375,-0.6062602035990482,-1.077762379311434,-0.7647428637126591,-0.5517538088885929,-0.6371164655898265,-0.8361385162095903,0.2827387139621001,0.13316073066037207,0.09631084589896755,0.1498357096977232,-0.15246070105899026,0.01915393229517692,0.007001023586039429,-0.25031023390720347,-0.04042717114804618,0.5189408470582553,0.39898213769554475,0.23408396878129203,0.20574977905769753,0.3620394584555152,0.14013885157886227,0.26829124404493226,0.15496419751316826,0.2634291839689002
1979-06-01,-1.1687051313073202,-0.9325533569377883,-1.1878240182412414,-0.8947806664976427,-0.973165415315902,-0.7675439103276699,-0.735943510474779,-1.1550878704771745,-0.9284524660447352,-0.144560343831954,-0.2216500935027706,-0.32949252204689833,-0.32584174853538367,-0.7138543047057397,-0.6416779568570798,-0.3330547511577606,-0.8383171653988734,-0.7006324140790239,0.01567006921003964,-0.16131055305572467,-0.16781359070715737,-0.11007934317865806,-0.416218417928703,-0.23025178012080783,-0.31432918452712305,-0.5489370114886003,-0.2827910317543283
1979-07-01,0.3448611323652906,-0.30020530119776184,-0.008670568441004771,0.25095747926128337,1.021209418191557,0.5367352919874424,0.6309316664553385,0.3247131822626798,0.558625136721355,-1.698808777035378,-1.5445469406303562,-1.6072325876071951,-1.5753802379415822,-2.0987459842940104,-1.761400885956525,-1.886438544071936,-1.96156260078353,-1.9613966462574088,-0.5651655846871299,-0.7493650878229773,-0.5188646747476918,-0.5214407893470104,-0.8649834734685021,-0.7176970001073762,-0.565857037118032,-0.9125598174643654,-0.9744429934497726
1979-08-01,-0.9608559783096304,-0.6037352572459144,-0.6818075368002319,-0.44721228772969307,-0.9125090956292303,-0.3558872228694636,-0.8486344193454812,-0.2971898743499138,-0.664259520211259,-1.8343041766025718,-1.4464191537972366,-1.576266120947061,-1.4855698829345276,-1.847310416582852,-1.6466113954152226,-1.8011188453422968,-1.5849575110942642,-1.8031287423988789,-2.018167353907913,-1.8162163395120436,-1.303582370777497,-1.2472766307589067,-1.8864721068955932,-1.390285944506481,-1.6329216493572434,-1.271678193197774,-1.9618252312208526
1979-09-01,-0.3482603849779986,-0.6350004275936357,-0.09862850278134228,-0.11818674885760758,0.3756926098862975,-0.3298722861338408,0.2824500881191056,0.2350749565715129,0.08362329199112149,-1.0910615170592797,-1.1560207376830447,-0.8062117659913853,-0.8736075379545349,-0.4814791030470019,-1.1325630943580696,-0.34737415693158896,-0.530423172765729,-0.7233145877855898,-1.4273588518528804,-1.6132182393139693,-0.8994940262552037,-0.9885748040870919,-0.7326422944571958,-1.164311505228371,-0.7603954028443245,-0.6477916220020008,-0.9673809073198574
1979-10-01,0.8318322108864585,0.7746766228421741,1.0934060300419273,0.8857052238418606,0.7902774956807397,0.7277411169191513,1.113790950397591,0.9483941437694118,0.8558460386269227,0.26097212714801377,0.1941420096192323,0.4369107937200159,0.19057716446011463,0.5964247996467726,-0.03674980253431372,0.739840755366403,0.4534609664629908,0.4639936401506496,-0.18207049609696976,-0.27551036553518293,0.18758515334021522,-0.11792624971338267,0.17386879271546407,-0.26967655926312567,0.2399609290152271,0.03287716129137946,0.0559384210578589
1979-11-01,0.6412660340442767,0.9736217673830048,0.8406210906580538,0.8522736807711577,0.45213530495841764,0.9402407506094426,0.7347163747554709,0.9248671936007246,0.6797857229674231,0.7545704074423013,0.7962096028914756,0.8361198219406238,0.6319032821844374,0.8610975290583809,0.6347842951533117,1.0711289067912257,0.8701112418505498,0.9246652026178183,0.41468582523506775,0.5601403129208519,0.5798578490573991,0.38093535643072424,0.6028163517059413,0.33841396274433394,0.6954887561629367,0.5591013991634626,0.5993594145632102
1979-12-01,-0.011983975782689227,0.44554293229732916,-0.1409704770781154,-0.08022236933801516,-0.15443489894685564,0.00250938354568642,-0.31263475518546024,-0.3505471750376457,0.0034171635419508193,0.9229574929200274,1.2373370456818664,0.7525971724132748,0.7477477757448027,0.6963230873343181,0.7613321230265669,0.7378424097523255,0.7410443388140959,0.9081294406791153,0.6573619722267373,0.9151346156755126,0.6440710058644897,0.4538351889445802,0.7132014223677118,0.38314470393510025,0.7763370827907078,0.5984216029244351,0.7977303938014703
1980-01-01,0.21488628819077094,0.5884326310088336,0.3144534400673029,0.23475404688137744,0.17238581468244576,0.17208849680924443,0.5222821124353626,0.16907715374144316,0.22120721064794913,0.5548005970039018,1.1864542681358357,0.2949628237225254,0.3846037214233634,0.3202710792411564,0.47615620743291975,0.29661184107913047,0.3526630622329395,0.5493286450289417,0.7412756149892468,1.4254394044769405,0.6243740571467589,0.5020370561141044,0.5106438415172405,0.5905117838944554,0.571579319641091,0.4600871922394444,0.7769042341589177
1980-02-01,-0.010675199871530597,-0.19091657528811468,0.34859579678938674,-0.012428945323569134,0.11845804046372946,0.1585832179551228,0.920195723517242,0.6591389304916635,-0.019742589830667064,0.20563204001244378,0.6771416079374784,0.08173205376210446,0.017456550877162687,-0.005057160412169281,0.01690668180539889,0.3336281764347292,0.12454690255030904,0.14407259269099795,0.37969405579781135,1.108042843975832,0.14878611549405643,0.20483615578123657,0.012137026739303619,0.30897644518275275,0.3573209488453291,0.24004580375517723,0.30993577643298964
1980-03-01,0.9019904440741222,0.7191631042974554,0.6508572770889004,0.8929011368308499,0.621962387305269,0.6814627136339244,0.9086741817895957,0.8520016272381462,0.6944368095831722,0.7065584369767389,1.001472339818892,0.43623987038438256,0.5352406631553848,0.31959190195318143,0.35083413076364744,0.7394126198070685,0.41707423966744045,0.45479754436928754,0.5678574306659915,1.1995051202183131,0.22663176135875834,0.30525310325071414,0.09433355502895134,0.11637710189711291,0.3207572856736157,0.11183944131339217,0.238973339398702
1980-04-01,0.3163373565825365,-0.08217268266265312,0.03222586516431436,-0.03656263497167454,0.6311675645187845,0.1944006859706618,0.21823582607443018,0.07400792470926641,0.3276902994262855,0.7567172019201281,0.6106307932218976,0.3048801861806074,0.5183062853240407,0.47849826154174335,0.3728364885866282,0.7345202632729214,0.37702310673698697,0.47022854162260247,0.5926040033081591,0.9154960120298776,0.3020307051957492,0.3486679572361121,0.24889650510242223,0.19751412138297839,0.44048413365206596,0.16860457216900898,0.3069497850359957
1980-05-01,-0.19991685181229132,0.027301472514643425,-0.30811016536290337,-0.4361005874674765,-0.23037313203763035,-0.25741145088011663,-0.15596837438975952,-0.20906906555731716,-0.25146251366758554,0.7859524916789029,0.7569968374045293,0.10077472988910761,0.397091471301685,0.4757319175715608,0.40572265883586917,0.26917512806782945,0.03079329142508479,0.5013131089995146,0.3861334550229809,0.5229171203510281,0.22037696067437407,0.2245628395169415,0.2112607649897247,0.11250362154040092,0.2872144955487158,0.11157201982044071,0.19098419718801196
1980-06-01,-1.0711701446388868,-1.0706286448638518,-0.5983556938099683,-1.012755124607778,-1.1346985622515777,-0.7181438261410432,-0.26291519522337276,-0.493338231860136,-1.0431403158415282,-0.2881656574178905,-0.329519709654909,-0.7376795850422511,-0.5260881586419771,-0.266326483585874,-0.38482085175114455,-0.6376855004247513,-0.7763229869952092,-0.37924293667099646,0.09679863912237084,0.1514632972864604,-0.06557774806874872,-0.026149588444404938,0.034542968935738716,-0.007689385836398133,-0.07727604783635078,-0.17134040663008057,0.03244063187522132
1980-07-01,-0.14769314850815984,0.600002324333065,0.2709242817648107,0.06013710577194117,0.05835156619420281,-0.09130339070437796,0.5140792308002545,0.37529135327854235,-0.06026070896888966,-1.010548640801596,-0.8406627170420965,-1.308717053630658,-1.1033013802498353,-1.0232100581899608,-1.0756625468097065,-1.4084523117529337,-1.3209310639111294,-1.1779104992278717,-0.6040872229425188,-0.7720863914761609,-0.686771840370492,-0.7427246605360494,-0.3825116898440651,-0.4483544595562079,-0.695739784962831,-0.7458753726213654,-0.5145241252115572
1980-08-01,-0.8291841788479792,-0.5082239400505083,0.03941815327392405,0.19441222446796083,-0.32981325578758003,0.39903124924149136,0.38317230872824387,1.2301620589823647,0.5008328874797987,-1.9971146542546991,-1.600861272487706,-1.9196198249458754,-1.8942257442907682,-1.9009120383631193,-2.1201891145677365,-2.0341938178735806,-2.1194850297677035,-2.172504537279732,-1.1974255082289897,-0.9409049619341882,-1.044268679950828,-1.0841342541814183,-1.0628301870118981,-0.8872256025807015,-1.2560803389536326,-1.0848671789630988,-1.091613115999626
1980-09-01,-0.7980389972916697,-0.5593564956911652,-0.23819532266516755,-0.3975730178092685,-0.0026805588069328504,-0.5622255984264188,0.11894361514289403,-0.018371164348006855,-0.46933117671198415,-1.825423705451291,-1.413916017635759,-1.1885816348604847,-1.2264319558977939,-1.6355264765450546,-1.7152652772891919,-1.0220798128678457,-1.1314471097006273,-1.6067178363406722,-1.7270853279706846,-1.8254946685699096,-1.1658561444902023,-1.2866671768827427,-1.4805802484572763,-1.3007863888567668,-1.0226631006165336,-0.9804319631674386,-1.3392175647678384
1980-10-01,0.2788923448843858,0.380291084153395,0.1893215998649391,0.40415232203304213,0.5018062696667825,0.10552681005744878,0.21535700471241823,-0.1226594009898218,0.03286191736285734,-0.42339135189843013,-0.3081748815532293,-0.3270273190424886,-0.24944033723765513,-0.2889232142572213,-0.7871478733879562,-0.24280153987464573,-0.3677480315864948,-0.6282002733246278,-0.7464991711375177,-0.7163321502083551,-0.5213106939381407,-0.5401908634501466,-0.5232438474421426,-0.7715016199742919,-0.43411035784429297,-0.5326273232870709,-0.8015783225994036
1980-11-01,0.23911396367555557,-0.03286671830389945,0.16198586387029154,0.5383900415939564,0.16857484945127174,0.5851089232470884,0.0907911830825198,-0.0782137461387442,0.4721153191238298,0.20227552042028984,0.15541786150606077,0.19074613242451569,0.46206896774390627,0.19152708488068956,0.2502633151938728,0.17637284580262583,0.1482398831204786,0.1984398659421415,-0.07811640555296882,-0.17683855061533119,-0.044081684784868,0.16056439901144204,-0.07791198126925222,0.06596475561399834,-0.023926841095089912,-0.040755146296124235,-0.058221475562296114
1980-12-01,0.5390782099886512,0.9478016418820623,0.7624918685169216,0.6295550002583548,0.5640751075454215,0.6088362658550202,1.0035749003948748,0.7982548929176317,0.666363593069097,0.773454122027027,1.071058126304318,0.7015123733378436,0.817100421348479,0.7005017266442898,0.6879743519438898,0.7297661327423605,0.6549527097730278,0.6340080112377456,0.4486163381567752,0.694979769135096,0.39254049735612784,0.4838111502756489,0.321010911151359,0.3549609640573807,0.5055248178299233,0.41564545455264906,0.405900702349045
1981-01-01,1.3340772068481688,1.2387312062681557,0.4348904008392267,0.5044320230225211,0.8787836508492263,0.5637994865717134,0.8140815459930228,0.6511367509568269,0.8499946123420922,1.280535677638819,1.5851470829287413,0.7863058211293126,0.8326842214610768,0.936864027768674,0.8648028241003388,0.9821193851934596,0.8201118104719702,0.9505117975488976,1.3056761424071257,1.565268645557397,0.5863876795113309,0.7772656545524057,0.8476325436618198,0.7308545529662303,0.7780222824235283,0.6351741145800993,0.8175731422924799
1981-02-01,0.638045027197816,0.8803476032254939,0.19180136142469598,0.2760923037686643,0.289530049747523,0.3411370355570254,0.25602945959844353,0.242465600902841,0.676609825347241,1.3960386659598634,1.9486995847212878,0.7953994354581289,0.7248181034400674,0.9967762133391843,0.7938232811376047,1.1396505591215125,0.9033259444067933,0.9931164556906081,1.355372859208425,1.7368481167007026,0.66264190702578,0.7185388299135061,0.7252451217752549,0.7778264662650417,0.850746138340545,0.7684643160056517,0.9754289015226452
1981-03-01,-0.628048486074543,-0.5842782980327441,-0.27675201886355827,-1.0213051845860817,-0.4966829222614529,-0.7735650928300846,0.8891180393897202,-0.17715519767488044,-0.7075951408225162,0.9527813534302924,1.1943509106791983,0.18824161768083664,0.2496184031414102,0.6235624609145761,0.4131550174780483,0.45215109441784934,0.35347130365475926,0.636607776683889,1.2098010737751639,1.690752698940172,0.5842654637130313,0.5103490755538058,0.6686205975264239,0.49783240621543723,0.9670926545970869,0.8249841027521674,0.7428265856943905
1981-04-01,-0.615030214617314,-0.4748064609477921,-0.7720836533220753,-0.8694915326161154,-0.6346106311253217,-0.6617834305777099,-0.36775153283112255,-0.7222644696403707,-0.7194552435403823,0.07886352576771748,0.26369787034115366,-0.22593611198472902,-0.2618259697671476,0.026255257173735995,-0.10302934033002738,-0.10795380022990923,0.0074984455922607746,0.1161381366892921,0.8750685861690913,1.0101964601474251,-0.004306780562091415,0.06897462352118486,0.46618508806866177,0.22058660749042142,0.12243004825669229,0.2362249028906657,0.4234517878980295
1981-05-01,-0.6636941223043618,-0.633764438522784,-0.7897522071140134,-0.7441609210218953,-0.717130169157031,-0.9168274346377007,-0.901807537963893,-0.9156368689443252,-0.8260215766248301,-0.7901091677113522,-1.0316377767084388,-1.2607435291435676,-1.0505140977772454,-0.5475138803399416,-0.8485271492393356,-1.3989831508822141,-1.0803774037113079,-0.8313237882981164,-0.20220783519417523,-0.10044316758951509,-0.4397462214306617,-0.3858594549585976,-0.20744644611201146,-0.2967355666608969,-0.6055302042998939,-0.3399639377273576,-0.2643345006830345
1981-06-01,-1.3622934420892336,-1.4291163669696554,-0.16021902404909094,-0.5978195215900609,-1.2052835043022172,-0.6756977186786796,0.017884925633183644,0.28956605177333045,-0.9514237729114108,-1.0806302170563153,-1.1635782189680048,-1.5219551544233263,-1.3158389592892907,-0.9834177973633252,-1.0933532675587518,-1.8588126068712574,-1.3114831691360198,-1.07733367368341,-1.1835744689196264,-1.5502029795449694,-1.3147299956426586,-1.2116163987094732,-0.8100420953245387,-1.0258274180291282,-1.7779693420564275,-1.2090588943289884,-1.1107733632610453
1981-07-01,-0.38024040557787564,-1.043687294666532,0.6511766653499862,0.14437743379953366,0.539735819589147,-0.01195391903744623,0.5295584679424694,1.0293460380852648,-0.11652510919334287,-1.4817963929115971,-1.4932299924594399,-1.8635452785541229,-1.8437438447810872,-1.4346971907297466,-1.731083986694359,-1.8377048402960026,-2.031774321904761,-1.4992750659909408,-1.583947391327959,-1.8347599334437752,-1.5046329080391094,-1.356831264286794,-1.1353509743455164,-1.1554224242256488,-1.8872667005418955,-1.3407718310121857,-1.3971915419804168
1981-08-01,-0.8232823045596468,-0.18523814725826476,-0.6026638756491505,-0.5528378661825554,-0.3283567750728626,-0.6498650302461436,-0.70757204246618,-0.502387783249343,-0.5102965414343632,-1.6241364114658838,-0.9936282871627664,-1.7269176151983154,-1.8062073391906386,-1.8926984084894378,-1.7587147825073979,-1.6517124941447294,-1.9191011571126178,-1.5846898403499918,-1.6542118987461751,-1.4685734762689948,-1.5504151042117629,-1.543896062433981,-1.4747200838602683,-1.4998451663648253,-1.8813874559909298,-1.6633226761239113,-1.4914642848078041
1981-09-01,-0.718385816540105,-0.5494123856865074,-0.4036138198896024,-0.3099052952825639,-0.5929168930524544,-0.4113880882482324,-0.404088913966997,-0.5343733134699611,-0.4849620013502507,-1.45687148043952,-0.5867860599390509,-1.0222404541796972,-1.1901361535226458,-1.6967921743470777,-1.4095582332495837,-0.6397520343564984,-1.1640696014799823,-1.422963776937936,-1.9779041556009422,-1.3271894828485336,-1.2407684930090312,-1.308501154362514,-1.737155827145936,-1.4641721953798277,-1.2591133852390302,-1.5169400910421602,-1.6564166610461246
1981-10-01,-0.2548281068980918,-0.5192580990678664,-0.7410220007534398,-0.526835336511044,-0.562891913708431,-0.5025564303872979,-1.0786897228583212,-0.8811885406401722,-0.43121331219271297,-0.7824786860281324,-0.48221306960497584,-0.8089592616161224,-0.8847062065766812,-1.138572842068702,-1.02855415769214,-0.5923843511467125,-0.898017585535959,-0.9873699312142029,-1.4922395462452416,-0.974861622751785,-1.0234676931965738,-1.0278308580433908,-1.4388859163553052,-1.2013462289942716,-1.1492958619317883,-1.2901905666541502,-1.3889628103751748
1981-11-01,0.414503304805593,0.5072803232280824,-0.1662748319936268,-0.1902787156463616,0.10923699518393186,0.04077152511591021,-0.15242593891104145,-0.15775993158595952,0.05534117396618528,-0.20039457106934658,-0.11776847461953426,-0.4137133570581016,-0.586892011446597,-0.49697492445496716,-0.5906360299430585,-0.26960463386328,-0.3004151902489924,-0.6647553544114855,-0.6278853443230279,-0.24894183954919677,-0.6431007710572395,-0.7160703846186269,-0.8960567361393973,-0.7725926823846523,-0.6989079729175102,-0.8202074200259468,-0.9116330920179281
1981-12-01,0.7569143674739889,0.49143174793288474,0.4593891416926287,0.5044167010534855,0.5675441119104891,0.5461904468033619,0.45555265271771905,0.4676694246586431,0.6924081055691886,0.5541881707056949,0.3066667800387704,0.027777838850933486,0.0031090684163826974,0.26565357702737297,0.1460640676162034,0.07853138716507566,0.2015115584844368,0.19512349421930705,0.11996601785431593,0.013798836614814765,-0.1508046123695175,-0.14849207010721485,-0.11274682721136513,-0.1526647305695672,-0.04646396044633652,-0.16478288249042683,-0.10898779649116247
1982-01-01,0.12573057491957795,0.41959540525492345,0.9060822285347514,0.46154430394838825,-0.05995153754040798,0.2388335433106778,1.6101919349330491,0.7238996809689034,0.19289559298812156,0.6005189996920054,0.6483699339417911,0.7047472914449278,0.29548888667473616,0.4389502128127442,0.34919717368582587,1.3017865374134834,0.6503755747410603,0.3704145313260863,0.37412355319061,0.40831643278340257,0.3150617994395885,0.04399041462082367,0.039448427187526565,-0.018099494197397432,0.8909033810610756,0.228615040077984,0.049295798870435246
1982-02-01,0.595470793115373,0.7910330275051783,0.872737822283086,0.7567233494658834,0.6551965463127155,0.6753970387514635,1.206013432723209,0.8498517923968287,0.6431540981371465,0.7520561678135039,0.8255293856120048,0.9634645768889675,0.6609197049537185,0.6466754552440122,0.5852522457834457,1.5294836501302016,0.8330919768424393,0.6915005627942074,0.7052459438578992,0.931315481185708,0.8244509923921862,0.4334194327657467,0.39187197312819977,0.3537669426004692,1.48489897725639,0.7004366443853158,0.4624777017697425
1982-03-01,1.0480310682322984,1.055115175377411,0.40695158726380803,0.7109532115888509,0.7033375776469362,0.7630870455849756,0.3951685535581112,0.4550217665727942,0.6495411689713795,0.851800663059782,1.151051596984293,0.9448149107993419,0.6199435626857068,0.5328888722440113,0.4847298012601825,1.5554294400644406,0.7281212733057193,0.48329653894059255,0.9946006468184241,1.1626264052218702,0.8847582827833169,0.6569617650764499,0.5416432896730022,0.48344048941423523,1.4911767574685773,0.6222102552480091,0.6300452178480201
1982-04-01,0.5909758516866859,0.522331703168986,0.5654975765331993,0.60933453051704,0.5156686501519756,0.6726399863540237,0.7412590000490591,0.5092269401616527,0.45851508091739085,1.1203547014283277,1.2342018886426025,0.7050839617630206,0.801905375676309,0.8437330923541715,0.7871040136117229,0.7826122349843286,0.5326776367563733,0.7310020253170384,0.9831596312473238,1.3585094161370124,0.9398657213784208,0.8002753807948186,0.5663517510596228,0.5770471814806007,1.4286156735037516,0.5366040094179569,0.5208360594744607
1982-05-01,-0.5084423837548173,-0.784177101827241,-0.6225367906606389,-0.38054922504496524,-0.3425680450796055,-0.13780168694090164,-0.8443247360022754,-0.14244250623882704,-0.25900406743959464,0.7023811560502925,0.6686735800783216,0.21155864005347383,0.42407689022621153,0.460663193487171,0.44906213839293607,0.32151377678256876,0.15525813453502393,0.3918969516498661,0.8608174191939193,1.0026007076779864,0.5196658655800013,0.6271501291601151,0.47191409384666355,0.5112319918242466,0.5688393752933065,0.2632491902335186,0.4758470361727012
1982-06-01,-0.7003695838399757,-0.8873340243130037,-0.6284599399662655,-0.8641788221501905,-0.12966917516982657,-0.611288649612268,-0.24316439722551159,-0.5287746687439827,-0.9395613606721592,-0.09120221084942863,-0.21526814566447486,-0.21137793552309078,-0.053378398423652905,-0.001234110770277604,-0.01576291394737912,-0.19929791726535612,-0.2570121526944241,-0.09789903225835879,0.40711870304129716,0.3274608157870076,-0.04537852708931596,0.2318643188039446,0.16259849672055965,0.222270201394205,-0.11594178246782684,-0.23823774822400828,0.1276878976575349
1982-07-01,-0.05955548278040944,-0.7922868455139257,-0.517874897635962,-0.5179278020557744,0.2901077827146687,0.20435749417206772,-0.6894823960613408,-0.379004896883684,0.011597777091720345,-1.3088851115834037,-1.4831406999783343,-1.3390369904715542,-1.0860010301415879,-1.2841604614681312,-1.1847957283348476,-1.7995536072329172,-1.2940296384295977,-1.083558740106019,-0.5293395447595332,-0.6091926098562354,-0.3588219594008239,-0.1376667685625609,-0.3040338939040599,-0.17616453271618063,-0.5325133582282157,-0.46142574188681695,-0.3927811805066938
1982-08-01,-0.2271334786584099,-0.9980822512177292,-0.41363699225789174,-0.08917277310962372,-0.2367609604876204,0.01895240522444892,-0.7970446214480834,-0.04629309893318537,0.0770916554977932,-1.736496753525179,-1.4491322909082685,-1.6176140783437531,-1.573568098475706,-1.962292554169049,-1.8443541661490126,-1.9353287665743115,-2.0169405735641543,-1.8768555781780145,-1.6048837243756162,-1.7064191455890307,-1.3510596304147913,-1.1183583080269701,-1.3773534847633575,-1.128232364279986,-2.0617259682647058,-1.3591302798662572,-1.1913851195622829
1982-09-01,-0.13613460988441853,0.24157095141329915,0.11035605221873816,-0.19505066488197728,-0.18926954480171296,-0.058734279223654276,-0.09225629941285213,-0.3286490269084631,-0.1993154515840532,-1.1029669653393082,-0.7353293659675244,-0.6805623310810357,-0.9891153106732452,-1.2446053684387308,-1.14055158285441,-0.9635825443835101,-1.2508088939451758,-1.3334827014953836,-1.2505521061695222,-0.9375860261347742,-0.8108439228802004,-0.9269013379248741,-1.2536990316624945,-1.0769741996807634,-1.47544559948712,-1.2760925609941427,-1.2632339335347238
1982-10-01,0.6545502913657192,1.2217606957835723,1.0609994888901881,1.0208702526504374,0.4882747538404254,0.7395113633424144,1.1435510741129609,0.5962132733903435,0.7809800754809259,0.13194953189100256,0.6435954268117677,0.4930878424626074,0.29064541429447527,0.15988046736011582,0.23875004733572194,0.6257132267813782,0.15415600008961095,0.22163173387094748,-0.2644031910433386,0.26561152776013963,0.31697140052003353,0.12129894717369673,-0.11893594507136943,-0.0053075164241373,0.20277591914326404,0.046104658201250724,-0.08592066983410744
1982-11-01,0.9140237890777205,0.8990371096777232,1.0528127753595802,1.073444766947871,1.113120897564462,1.239155605000006,1.3736221867194334,1.4973492845662841,1.2261278845150156,0.7523164211161262,0.9992832913251013,1.037016268210989,0.8003341548468498,0.8912932175715498,0.877957477274258,1.2543608731794254,1.1356396508010136,0.9271332694241893,0.4691278006457075,0.7883936961987753,0.7377793705954553,0.5249501907817156,0.7342073344520462,0.7445561427634289,0.9432411744317885,1.0234642920294248,0.7870333024021734
1982-12-01,0.7192563307072684,0.49142552055937216,0.512441294274238,0.45004016290841126,0.7623513623137113,0.7076573205151417,0.83060874130058,1.0379966314479705,0.7551980471551407,1.2284163670936084,1.2977556648229773,1.1840162355770436,1.0702310355952556,1.295500630921489,1.289351264227553,1.496112772415103,1.539218143231607,1.3772974387424028,1.1222670942411077,1.29975137993719,1.0610019284659613,0.9185885655934614,1.1844203151079307,1.1741640138842189,1.341151817210843,1.3799767927455076,1.2783732962712149
1983-01-01,-0.40578606964410774,0.1661600609353829,0.02182124687688045,-0.7772049173826733,-0.561853103714309,-0.1730147543122211,-0.38211533694806465,-0.7610961416094206,-0.6710481171042272,0.8815994292433746,0.7916314476713051,0.5597265335700993,0.43847259589433435,0.9218197141023308,0.7536059434860495,0.7555795239906863,1.132698152278889,0.8924817804357079,1.05492203954338,1.2434233580932355,0.8556640603925317,0.711297047404285,1.1440232502000582,1.0156775376947984,1.2325109460930503,1.2320972207309193,1.236959739243517
1983-02-01,0.07138563645627428,0.31732272028146563,-0.20367397831444978,-0.05602349722097679,-0.13030531084535826,-0.018031250128157955,-0.14513393608770028,-0.17092867348641183,-0.03323771881273534,0.5588612345459146,0.6011680907693254,0.014202223631317781,-0.09811543858427837,0.43800346273079377,0.1833045359352024,-0.0014622012343168775,0.2716627447042248,0.4387233540826681,0.7755778916986342,0.7546390527086702,0.4274185528567458,0.2611758996761857,0.8452995407770187,0.6938361901801158,0.711558389923901,1.0536722757912784,0.8883797569037292
1983-03-01,0.5773626614281412,0.1740566720131869,-0.3814312463485148,-0.06841378832769435,0.5106147456417387,0.18899946090224387,-0.10770481001118687,0.019476975765048855,0.4788329522968653,0.2750147493337857,0.3490526069667376,-0.5461769178477626,-0.5523108913841215,0.17594983755819682,-0.3039795420186037,-0.6739035917187429,-0.1895957497093891,0.09389789500888789,0.6599365471713564,0.6097456838121308,-0.21074153194987427,-0.13159958991801515,0.4958567449065624,0.16052349960245754,-0.16377595903800393,0.10001967272403613,0.5456792563055816
1983-04-01,-1.1536937166492107,-0.7929062661629317,-0.5999289959462217,-0.7969914093104024,-1.272239779393529,-0.36569640339864967,-0.7066347285580872,-0.9442231871116284,-0.6446434574407844,0.09851272043605856,-0.012366190365485193,-0.7581906416187367,-0.5928779002939766,-0.08751234438840838,-0.391880738539368,-0.7098024937116143,-0.5394659525569464,-0.1164480240670419,-0.04748284844883173,0.05990658841527062,-0.8214639511505933,-0.5972086237947652,-0.15862102227475972,-0.40586458481060417,-1.02261422128455,-0.9116751346629479,-0.06377996144934328
1983-05-01,-1.2778845513153527,-0.7191095871064818,-0.6523216923149092,-0.6176174599570096,-1.4886276794412023,-0.8143406217133703,-0.7139689063848266,-0.46089349128991575,-1.3801940122136946,-0.3212141769296627,-0.641910486726055,-1.1571941535054628,-0.952682524646312,-0.43994315538020645,-0.7904082052117027,-1.1192248070737802,-0.9736824433152387,-0.3581323038568575,-0.13257070557621606,-0.2667522265763373,-0.8817457966752481,-0.5453465827412223,-0.326750288323548,-0.33035368377348445,-1.057335258451434,-0.858702340653177,-0.04814378371490161
1983-06-01,-1.2723846545687052,-1.0384259931018027,-0.6895644817813149,-0.7767351787896326,-0.5498547011344841,-1.0224094276373652,-0.11656581336387556,-0.31346421113460415,-0.6793107178882014,-1.3968246577101466,-1.3637201548853757,-1.5673680066925473,-1.3546625127493979,-1.6908008601879536,-1.4616660534435169,-1.5290336892041105,-1.7334156970068209,-1.299700031317428,-0.6610761145506284,-1.0001727803746516,-1.388099033138446,-0.9811490310431001,-0.6805089159018708,-0.8214101020483092,-1.5521780889230798,-1.4256785116616013,-0.49610241157208657
1983-07-01,-0.8284613310200047,-1.0819393192473443,-0.6017948658395749,-0.6844609460410412,-0.23205098571753627,-0.1833973409915608,-0.42741487884010815,-0.7108386149698516,-0.7550908150472859,-1.5337207652491518,-1.516195088778839,-1.3305462145305658,-1.292172965774407,-1.8644276026974373,-1.5996244700653675,-1.4307044758713943,-1.5191683054314873,-1.5450296033161184,-1.8719645706231665,-1.7700946280139653,-1.743700092529518,-1.337157470812214,-2.015072537338396,-1.5110493259127407,-1.9399493618538994,-2.3239217700296746,-1.3529051383970785
1983-08-01,-0.7639037897920591,-0.20101316262242377,-0.37660670115364686,-0.3971540555406606,-0.5588619527373075,-0.14585890829701698,-0.5915751533668631,0.5061633723983183,-0.673092542337092,-1.5059008714908384,-1.1893087238329823,-1.216173541569826,-1.3010814018033805,-1.2912922023124438,-1.5922085378105186,-1.19576492036113,-1.33250801049905,-1.6512843321992627,-1.6858294026590748,-1.3598948600062404,-1.5949873620670416,-1.2346221780981281,-1.7106118965652546,-1.5389284404022816,-1.9207602183368873,-2.3039338807494656,-1.4597003373998227
1983-09-01,0.341600332332937,0.48050357040324976,0.56794608825624,0.4144649235739138,0.3019435683053783,0.3604054851892681,0.4606476910362852,0.4835693039297538,-0.0865949611286997,-0.3903615830124654,-0.26212249801793935,-0.17194538109887958,-0.3678003059898348,-0.4079845237259074,-0.515400518868625,-0.2270544648287644,-0.26570918329727616,-0.775705545358486,-0.8169509009722424,-0.6669018895511167,-0.601950089179542,-0.6554316555648365,-0.828128352704039,-0.830847941532596,-0.7297820208630567,-0.8462739251769347,-1.0548168967888445
1983-10-01,0.25136928918283846,0.34023289568728027,0.5432346561609107,0.36198618430150115,0.5216031053966358,0.31584438815664406,1.0061278448364412,-0.028492520656294814,-0.09029415803948002,0.1961496084139037,0.21079392728624985,0.3555616481128589,0.12138391715678953,0.3729101748376069,0.15173288380946637,0.5060560898895733,0.19321806437599692,-0.24403630369525342,-0.26272353714901653,-0.058463490237570054,-0.03754161815943815,-0.23358358626301046,-0.1094434610959205,-0.3521296310325764,0.14141968034062366,-0.3319703668915812,-0.6508264834350529
1983-11-01,0.7335438535175716,1.1809994631792116,0.8651923980572904,0.9283604881020151,0.5743740698527812,0.7198244732527944,1.3777397586520668,0.5722392924772002,1.0994664493867337,0.8732485885630339,1.0712534293378486,0.9255575082817538,0.7665271996715336,0.7640607550461248,0.7836586754307646,1.2431050777726216,0.7169499237014982,0.7508958442146558,0.5642031534331923,0.8890077873371964,0.5287763534256551,0.3951333151627651,0.4471431871982532,0.32762365499201856,0.9157708878477393,0.18169159050277203,0.3621630008000363
1983-12-01,1.1949926549943768,1.310469648215766,0.7249161735484475,0.895579800855634,0.9254520789363263,0.7157782260645563,0.7188204127150762,0.8087160241845368,0.8074634884300951,1.2983101772234946,1.5662779332027994,0.9543503795568881,0.9146219677733158,0.9979713924561793,0.863788474470467,1.405203744138787,0.7971987563233844,0.929759892594947,1.3943988712601099,1.694603139849415,0.9661844770712583,0.8847935721307886,1.0378687812111096,0.7840132692789383,1.3993429921712897,0.7672165574322891,0.8891490752938063
1984-01-01,0.1790851263967539,0.2957618042731053,-0.2746817418262684,-0.051636618569508366,0.15230204759011196,-0.23300978593914431,-0.49224076167227426,-0.1796929696535705,-0.18365697226316852,1.2279821856866908,1.4527625826160182,0.7203882096595731,0.7734164019512817,0.8118027557390445,0.6623669596957296,1.0044451429955095,0.7496752157118279,0.9219989934634286,1.208560211371772,1.611063354089215,0.6799003833024077,0.6635163561691559,0.8872920767767637,0.5494045669218565,1.0725638889697524,0.44088996100546307,0.6890041988773743
1984-02-01,0.4341970562435969,0.4545687797628985,0.1878148708022379,0.2789490732321994,0.412206919643882,0.223685304729565,0.4617791543897569,0.03830767751690943,0.4715516460309025,1.0186054608185664,1.0612536758440907,0.2766642983026317,0.40558440546475827,0.7353262435027859,0.35557907373838554,0.3157883612822879,0.35867895679063877,0.5090132467646961,1.2769975154046478,1.6628066128379506,0.5194460797136178,0.5834866697544023,0.7919948293049062,0.4790410553490647,0.8258750850169105,0.44366484820153673,0.7569243883129243
1984-03-01,0.3512315795891909,0.3016592090536429,0.11602760531000106,0.36856439802123325,0.4394721350786348,0.2536159816073337,0.13821740191614057,-0.09347534372021035,0.45504061607100965,0.5750356755257809,0.4862088028463357,-0.03435086782785315,0.12658653332120207,0.45943148299136016,0.08167586784663518,0.023076404655784564,-0.03550576523075558,0.4130137395176786,1.07922443060266,1.0806454944784998,0.11101251018952611,0.23585610288566877,0.7653876984285382,0.23932395042609592,0.18432272049050916,0.31892986170344617,0.528736122597746
1984-04-01,-0.21928546599155113,0.4876616863274752,-0.10553598922076089,0.052280950550009,-0.5090799698139865,-0.2691264100517201,-0.2936473256652763,-0.4471263253505436,-0.44725384131670115,0.5516686183109533,0.831884159001549,0.12772400231837816,0.27017127576251815,0.3709100787664227,0.15477696003285418,0.22030896574881031,-0.023222092070719066,0.41379831564068853,0.39597897532766035,0.6546182669558132,-0.13639467496006713,-0.05315020454148459,0.21186213748305105,-0.059604890513996346,-0.19487109628794896,-0.10836916479330531,0.17494024804567565
1984-05-01,-0.9757142455344049,-1.2624302995792955,-1.0347196361032962,-0.8704904118173119,-1.0552076091350129,-1.08604694335981,-1.0766218562989203,-0.691516280197262,-1.1944783323035544,-0.11990388759353687,0.09155350332236536,-0.48346415275781107,-0.2980432609632914,-0.2711576016041246,-0.49424326764672905,-0.5862568398541619,-0.5773381027958296,-0.277391971869779,0.1026168802502862,0.2557121074779309,-0.3222534621336013,-0.13836589728208498,-0.014785743627448639,-0.17922575130293378,-0.4377422467956962,-0.32515167493394687,-0.003936430092416181
1984-06-01,-0.7776178604228373,-0.5284483144293233,0.5225113966689089,0.7411029699156753,-1.4222004778434212,0.5128183918182593,0.10434878335815538,0.17535165458705704,0.185284655037289,-0.8430336993605981,-0.47859631949545184,-0.9518126420507718,-0.7232406610699468,-1.2248051694191482,-0.9148934295530405,-1.2108674530675252,-1.0752108980810022,-1.0458627984497244,-0.5829858702024473,-0.47022905110184376,-0.7392103454692248,-0.48405627491774433,-0.5919165021802048,-0.6492471988107502,-1.1377960447052295,-0.846369098032141,-0.58196474980143
1984-07-01,0.4368271577680456,-0.39628137058144663,0.8214059628652595,0.6480239273841758,0.576023805179223,0.7918201858691769,0.8162000526477156,0.9172620598664255,0.8706183962397998,-1.9791423272921047,-2.5093408848455563,-2.4061576394284554,-2.155633499371478,-1.99051996526155,-2.1647175468346864,-2.4905120963129717,-2.281705563468051,-2.149376168191058,-1.4494099281013328,-1.2608915919691273,-1.2518545044005824,-0.9863163719808214,-1.5595808077247681,-1.2051701130463637,-1.756486659065503,-1.3135461076835677,-1.3578738023765318
1984-08-01,-0.7854265398661114,-0.8262146261909626,-0.8911972551090328,-0.8037746112742877,-0.6987794896133981,-0.4687545693834913,-0.6140553508500316,-0.2380284229039029,-0.28163758521427895,-2.134830440779811,-2.0807737015200565,-1.9977008431867522,-2.04008922770756,-1.8564464958367644,-1.9334611297013897,-1.7747060370322423,-1.8942180618729894,-2.1220869030073524,-2.3112513864463864,-2.7753726491419255,-2.1356489605989877,-2.0347484114541623,-1.8869083230448525,-2.0699924027451577,-2.438086295722622,-2.2401719170843246,-2.126697677024967
1984-09-01,-0.08014849570726688,-0.8653375141302799,-0.42369162894357154,-0.13596379409235435,0.251965006278706,0.12574601419559162,-0.15714703540361794,-0.10576485280590103,0.18970933214920754,-1.0095138142988993,-1.4710556065051363,-1.1099336577358514,-1.1444964886851974,-0.7305119850896782,-0.6988576475947285,-0.7251250923302129,-0.6351032199370379,-0.7562665768620123,-1.6290721040372704,-2.218501254695623,-1.422531563473131,-1.2782261609413463,-1.102106950243562,-1.0085741336612182,-1.3968317447929217,-1.0202773480401564,-1.1320720167337666
1984-10-01,-0.15390811969946783,-0.3296078693198036,-0.29633146562982393,-0.022973449443107502,0.09822243250252152,-0.5242697533825903,-0.2810563706638307,-0.9272066744522124,-0.6873724097112739,-0.40261967443446933,-0.7393935953906502,-0.3820623605737493,-0.3423884466094484,-0.09800432465587793,-0.2274580381067858,-0.2789818175003708,-0.39201035414623214,-0.3091189819989599,-1.0356576359298775,-1.3205237863703971,-0.6444183565930769,-0.6128917291623845,-0.5864365597184438,-0.6491142991266222,-0.6172296542173288,-0.5513931898066419,-0.8077592354612069
1984-11-01,0.49459444903576866,0.8877457314605877,0.5147509153295343,0.8750751789502201,0.0735077131629387,0.7953874089894888,0.28553548384035965,0.06571028893935345,0.23527092833270588,0.3628763314115972,0.6128069416624646,0.5071570700162312,0.8077887359274579,0.3138534488997892,0.8300790505106715,0.2600500162250469,0.36892746257558034,0.27843591142815266,-0.04707491021982112,0.4113990350890898,0.19514222743865098,0.5266587591981355,-0.058839263123528524,0.30836170324746215,-0.10782709440171977,-0.28761065629650057,-0.08991291895905265
1984-12-01,0.7009646296476854,0.8597497857383127,1.6214816266916758,1.712605420493688,0.3477494889326093,1.2909274722572368,1.3260335704977426,1.5153813925207091,0.9088439708380279,0.658457167918169,1.3149586046008768,1.5438437105731104,1.5759829054224677,0.3606798041788964,1.2330800042051564,1.4787786516629629,1.1929027447638485,0.5805305860644674,0.5655843016078104,1.2725255275347147,1.344857160914331,1.4193202332701518,0.34485300383170636,1.2288272327886967,1.275056533838689,1.0693678312391215,0.6595350335301209
1985-01-01,1.0198645951942085,1.3361817282783814,1.8654812806295211,1.5176543865011698,0.8615098248495139,1.0902283399860135,1.941038881288239,1.7605007642897652,1.0194648720861335,1.2686812508670273,2.5007204704153354,2.456158913246284,2.2616551797102056,0.807188984984912,1.9172842798636398,2.486787777854667,2.058962769763318,1.3129114502861583,1.1550469443357176,2.499787646398692,2.4998408500196057,2.154788278307559,0.6683423459043425,1.6456830428806317,2.588867795861724,2.04822603109255,1.0537137766938656
1985-02-01,0.42236973493120333,0.03813120639871127,-0.1688495718467401,-0.14662390071071407,0.5256747617071454,0.1565963660923026,-0.26044919374620745,-0.22587341106929387,0.48770210850944595,1.0573796051055826,2.0178625351795847,2.177808197209317,1.6705230709184637,0.8101736434193912,1.4435060810466547,2.459958503212691,1.964682263445992,1.187883291056494,1.3115926054836828,2.694369152860264,2.3510669398129824,2.008394107727379,0.717739875413624,1.720303191735305,2.4935204278103957,1.8932147572150808,1.203440606622922
1985-03-01,0.6056997189947072,0.43078750393931436,0.17158779473629715,0.34412237624798786,0.7833523288954377,0.4096880560478245,-0.28224010871704747,0.0645380635338106,0.6909097658651621,1.1674402257334022,1.8032838597355119,1.5602959353619015,1.0939624687978213,1.0795862260656865,1.0996016871172856,1.7376135814442035,1.4912649229427293,1.2019665001035025,1.4170911690108432,2.456471774130803,2.0968933020245917,1.597909799107711,1.071276034721662,1.4260411187241084,2.228736828600507,1.7350229548581073,1.3490853274739418
1985-04-01,0.7965798641908329,0.2699874281838935,0.4667803345501525,0.5406100563374188,0.2341261679012813,0.353385681165094,0.2409992758438246,0.2805529106178291,0.1119493877006275,0.9585449466319803,0.9172910370535367,0.433060041769693,0.30305333724471856,0.7581309893929037,0.6018403966441256,0.16817498811542858,0.4736992785050345,0.697674142850097,1.4678895527633076,2.2557624973036132,1.5813076974304798,1.027058986784358,1.0115785726949222,1.0832321534164002,1.8366750340561286,1.4466657851300488,1.13636649433518
1985-05-01,-0.6027757081034665,-0.22331748477749763,-0.39519477288490434,-0.24472245929938394,-0.5756567749138531,-0.799613248287676,-0.9130318178167963,-0.9333565069990957,-0.7334688747619579,0.6936310883695104,0.9190929725124996,0.4156497019729993,0.3843713970836319,0.5056536397322176,0.37855922769968964,0.03865538759120698,0.30729408445364303,0.4412944771973015,0.7886614053224534,0.9122952325926795,0.07657708870442202,0.13228621765311946,0.5456851128841099,0.3329599573442943,-0.16981698901527875,0.08813821663272518,0.476521543758355
1985-06-01,-0.7480775656780175,-1.3246532043476815,-0.6432041067002819,-0.6811884222693652,-0.8977356848873949,-0.4277175563033964,-0.8592209805785935,-0.8910145202957054,-1.095562866947222,-0.0415767472839723,-0.11169814080153809,-0.2637116261684378,-0.2019612120442915,-0.5611170233190202,-0.4513517381831598,-0.48488116387576835,-0.36940444131634825,-0.6860850556610746,0.25591859328699335,0.3545113139867577,-0.2655773620465313,-0.16434375592832215,0.093758840924035,-0.09558857135542209,-0.7194928497504322,-0.29372027161062797,0.012775783539250903
1985-07-01,0.10548882079309124,-0.924557329101908,-0.4202632927416883,0.26899910644516645,-0.1735234756050924,0.26901780608328907,-1.1014663445976387,-0.17701309994333425,-0.23439607456302666,-1.618841800520789,-1.5083287385162512,-1.2876261894709071,-1.1066959457967138,-1.5880048556277457,-1.9094880973464412,-1.4141882585599985,-1.4507738238125178,-1.8480827931222792,-0.6545094816313076,-1.089161852851074,-0.9377319961572358,-0.8315978362033832,-0.9224034605321549,-0.8319629090790303,-0.9802025996326366,-0.8210086406483127,-1.2064920637880943
1985-08-01,0.01853055568308054,-0.6460118572350507,0.6702520909831676,0.6491031140788686,0.5546405906697731,0.5205802349426245,0.5003765396009197,0.7001776122015764,0.4150959069433066,-2.0298964519459846,-2.2292416261518677,-1.8226867618829123,-1.6698543788808045,-1.889122587353692,-1.8385207256161555,-1.7040742370673736,-1.7865363726381622,-1.9176487373048463,-2.190523107838465,-2.518390630855002,-1.954627602513823,-1.687335665718214,-1.8627554804902207,-1.9126461649949458,-2.1336868581182267,-1.9200065764733132,-2.104640473186768
1985-09-01,-0.6797838724752581,-1.2885686778435597,-0.5638097807761329,-0.31597267804451046,-0.3225252033951764,0.36557271866276286,-0.612442622612653,-0.4458654580835579,0.12612026132425538,-1.1441334971413473,-1.4078639791775078,-1.192362724280104,-0.9420208513006217,-0.9699645084769349,-0.5363045102700006,-1.0560681231950213,-1.2731772309782876,-0.7015297153633923,-2.1412149816690635,-2.768537355002766,-2.0655809412938986,-1.7510555048965752,-1.5716355863495395,-0.9954879667643693,-1.8067442562406855,-2.031099634191204,-1.2255014947029377
1985-10-01,0.5523026837342556,0.7080268308783781,0.4426471973498968,0.5258226158823022,0.5961761380136179,0.7620691391244585,0.6408974369938385,0.6718045239984212,0.8549567620612154,-0.18830426147214463,-0.11453580116907619,-0.4957153740698087,-0.2371661420889279,-0.24445985598141792,0.14387585895074098,-0.25417019087021236,-0.3538792855294712,0.23127956986138945,-1.100732514533572,-1.1747042305318707,-1.0353712730629498,-0.8819280260882086,-0.7594051679352185,-0.558673175048432,-0.8319585828470175,-0.9120575982452817,-0.38136743314394816
1985-11-01,0.2559448331547342,0.05621952351874544,-0.20352368322930364,-0.18091627657187523,0.3182472876366029,0.21343048526122596,-0.10779602995228846,0.236092485442921,0.2838057729674891,0.3338201523645526,0.25670923862394696,-0.046321178788328324,0.13798933111104467,0.3528646952363086,0.4947526425798494,0.12193247046192336,0.059295454245555955,0.5977427061623747,-0.4010477870255526,-0.5828074324228473,-0.7648641091720352,-0.5602528426889738,-0.21787071725925,-0.11096763437968367,-0.3903223574727192,-0.6213836191448173,0.028122712321395626
1985-12-01,-0.6449228729065454,-1.0867233266306402,-0.5259914044493528,-0.5838760498999904,-0.31251142818818495,-0.47277990287302746,-0.7532039052066347,-0.5582938832757017,-0.20313215843923668,0.4242783567365054,0.44415176564542236,0.09628759206684712,0.09510979312332848,0.36260766228924735,0.1791311062804882,0.27515051253503614,0.2022873148903509,0.4148179958491119,-0.19580411264370928,-0.13926328168011778,-0.17780700082105363,-0.16153168133075801,0.002945669796595022,0.09260213419659981,0.05935300594506838,-0.18381124555074066,0.20710504524694529
1986-01-01,0.7545333776207769,0.8241891754288387,0.18349103207383516,0.36323148958067525,0.5821450410551535,0.44444656503431124,-0.057839126789680145,0.10289937072969904,0.739874199761643,0.5937568178189718,0.4816466193768018,-0.1366539229388864,0.02282005290869414,0.46745573841410937,0.1251110221233973,-0.18503083075536111,-0.023937847874412648,0.39287569357986085,0.4695471554063641,0.6989643639264542,0.06501548492999176,0.0662435217207055,0.3579276290203995,0.15167063010063056,0.20318002179022596,0.1433957028121962,0.4951647922908504
1986-02-01,1.0249145424228518,-0.06383856608880845,0.2148564269559721,0.4723592676298372,0.8193260241064179,0.6775715781135692,0.42439647223467447,0.458885395343455,0.9060084311903666,0.951818044205748,0.7952332449131189,0.14232779428803508,0.2890468478223607,0.7309801725709146,0.4932462812865609,0.2170654497576025,0.35851178917430904,0.813384563177752,0.7047028553749333,0.5261227874126985,-0.056019784250017766,-0.027781577569262923,0.46710500298528446,0.2160335386537713,-0.08139684932092266,0.029861787194116956,0.4806973336252776
1986-03-01,0.7379286317681873,0.9753079364054394,0.7616343413601223,0.5637866455245302,0.6178794055793011,0.45990363887201,0.5851837817303783,0.5035492544386856,0.5178045192438956,1.3002587427107921,1.877383356127189,0.6874959549540133,0.7390200341541295,1.0139633860802113,0.8528891426018718,0.6808869677238215,0.6462997166665992,1.101259643969815,0.8704243831157003,1.5454202764210725,0.4083996031057927,0.34001736241942526,0.5861966150114871,0.4074152887317709,0.3511085858984715,0.22926192284922378,0.6552127682620567
1986-04-01,-0.275612901722216,-0.8024430600576256,-0.7054207462532457,-0.6007917785598773,-0.10633099936410013,-0.3521405848073265,-0.6441256041483969,-0.46501618780536824,-0.27979738540948856,0.7864260843587243,1.227997048627489,0.43860001374328067,0.4192319518529048,0.6982065421626137,0.49786573832128705,0.41958836707086533,0.4384891411041938,0.6394689910845532,1.0493137815281925,1.5604191098278852,0.32907652878663746,0.30607866604235984,0.7189668891553517,0.3936930761056364,0.26089663198318763,0.212329245802295,0.7378880501975745
1986-05-01,-0.7080773711388557,-0.7981890806712902,-1.094464454899848,-0.4939666986128087,-0.8904495079935545,-0.0005014234898663508,-0.606085208261689,-0.5050041465954028,-0.5274637325577863,0.08741353463690321,0.6960862731256502,-0.017426319213911887,-0.01061172689834217,0.05113666168576356,0.025954034771443854,-0.08568481052872157,-0.06972937559913521,-0.0008172681712850489,0.5166739864284747,0.8245111870273255,0.17900361800943337,0.0630937790510758,0.3437254403145967,0.23280742773476684,0.2365027221925799,0.11970644413003687,0.33603342744351933
1986-06-01,-1.0528281564963056,-0.7846242065843829,-0.7469930605020652,-0.5644042004303346,-0.8905359423310756,-0.6008311838303618,-0.4589503026614838,-0.7910000076747529,-0.9786822141276342,-1.076738623951639,-1.0223506217569165,-1.235696328617258,-0.8774354073002596,-0.947882730143607,-0.7349100457937696,-1.621490593862249,-0.9601727239141574,-0.9223935418678011,-0.2261260383701193,0.2267190282834171,-0.08523234329687737,-0.2215814758144132,-0.2119147430209374,-0.2433018693120818,-0.1467357359729594,-0.2983658472452894,-0.2507159580311224
1986-07-01,-1.0852782083596895,-0.8882145460219973,-0.8644149205576082,-0.6912452164980648,-0.9201649123229207,-0.9013939069418921,-1.1264463429814957,-0.47204026537475585,-0.8644436995090854,-1.3957036177130708,-1.1603198530777596,-1.4586319700760504,-1.0771364169250974,-1.4877143515970521,-0.928626344697353,-1.8175699811533836,-1.3131831527359223,-1.25835952292506,-1.28878969285088,-1.6217258210026253,-1.2627281071021919,-1.0423287448772827,-1.0539118330809456,-0.8979562600753819,-1.6470483680803192,-1.2714752963168083,-1.0204873776516594
1986-08-01,0.3028310503012072,-0.7807873873985252,-0.6741384281448821,-0.43137731396323764,0.7349201377152536,0.26346901076389323,-0.5480647915538864,0.04991113015900776,0.3960158069344771,-1.5506551195804612,-1.4083878888423185,-1.2324595696584542,-1.0844828040417374,-1.5702991139642677,-1.2955935805765884,-1.3439452242825398,-1.4512169571281168,-1.5637138859915398,-1.6990851267423859,-1.9633959840784385,-1.258889761407109,-1.0566156328603442,-1.579535689367678,-0.9213922395807018,-1.2966820509082067,-1.2423129488277986,-1.3188122978346557
1986-09-01,-0.11636410205780225,0.06570236784012644,0.22742958154299794,0.19104954273494784,-0.6763503561846699,0.062344589601165526,0.34329889201692826,0.5632316409945399,-0.4350096714708341,-1.0923538745550927,-0.7872394213924206,-0.49451126429906633,-0.595594460529937,-1.3426581676682772,-0.8846638861762253,-0.4331216362109024,-0.3910951752517092,-1.3315283139085332,-1.229679863207824,-1.3653081345783864,-0.5037777457122073,-0.6631332499696325,-1.399236695673737,-0.8538196187004942,-0.3201444165542754,-0.4723626394147818,-1.243590976255322
1986-10-01,0.8427093768115889,0.8305359050702631,1.0751210368112383,0.8284130745469341,0.6719902282642817,0.6533283513919115,1.2722187660395157,1.1487900310025134,0.8062401117037176,0.03409026322826263,0.11113333049488355,0.42055343945213614,0.2654627751902001,-0.2836455608656844,0.02503160996829635,0.7237043054188539,0.5737720128859398,-0.15560573631790334,-0.2541331624670776,-0.23372641404298825,0.249578533302153,0.01739715988498705,-0.4382280467781835,-0.16077887832308105,0.666516130705265,0.3731388990374314,-0.24924610585089635
1986-11-01,0.573525261847939,0.6591510071293123,1.339521690603674,0.6026836109212481,0.6038292843752276,0.4733681578146017,1.8107267834334073,1.1439665939450345,0.6935966836866418,0.464372350310655,0.7958740852503892,1.2094548293786456,0.7648658200477808,0.3627072116301944,0.5348513512587979,1.6002715877752243,1.27710309159549,0.5240763294784038,0.12164304063040512,0.2965006416128137,0.8972409523546507,0.3699295697826558,0.07353020793849095,0.17991159610517796,1.4722482889502788,0.9540352154673869,0.21985516891452964
1986-12-01,0.24617237008320417,0.5071241517094977,0.450305603006637,0.2178252899132462,0.41663846651036085,0.05881631549613097,1.0944448265696582,0.4269670759382962,0.18635004127574242,0.701506998572497,0.9557234112654208,1.2873577641030682,0.7887375035719265,0.7797657094691959,0.6052424571192697,1.900799403544879,1.1735907401135892,0.7860978689381738,0.5120356270945305,0.8265192536653216,1.263436336965524,0.6112403997319208,0.41378710755878956,0.3587228792311562,2.051031396374785,1.3691261152311556,0.4593894031452106
1987-01-01,0.407962475279893,0.355844681963331,-0.16331900265453508,0.33694023607148305,0.45483491305342577,0.3400201385150513,-0.22360663377081538,-0.09723347212426779,0.34426683097806016,0.6619205402811968,0.883790587660778,0.9641322925250454,0.5924071024668293,0.7629147368271764,0.4520365338266076,1.4446896534744416,0.8347695063735019,0.6938912030372518,0.7938427792404953,1.1448625334671565,1.1502059312548543,0.7394420928501807,0.765364193595835,0.4909823772950475,1.8693144946256066,1.2341157408980277,0.7233333111991614
1987-02-01,0.6002408758172452,1.1013988345163122,0.05672508948509998,0.19302755813661387,0.26814504257580174,0.10046409274332578,0.1234799848250281,0.20336950655254815,0.15712592343909645,0.8713915230559544,1.1235570678202091,0.23011063012777647,0.32973229776713037,0.7174453864261272,0.21470011909607675,0.4257884847824492,0.2762435152373045,0.511190460822723,0.7561003303025244,1.2703899358000075,0.8176857693430476,0.4854266421016396,0.6169543534989432,0.25106063946136176,1.431060675879104,0.8356685852039756,0.4828335636182286
1987-03-01,0.2552507828049493,0.6483694553074464,0.3095644644504557,0.1520645495777663,0.014681698101692783,0.3104497476615044,0.3984758521758517,0.37377945041255084,0.06781121592341903,0.8102348587004542,1.1628252673451749,0.18517353914158288,0.229267539094945,0.5297042847366443,0.24389063004865746,0.07285906727791415,0.22406361096490152,0.40878380018628385,0.8148292978779059,1.3468110958136708,0.1930907853386233,0.2734655826992844,0.5103471011881981,0.15512679691941356,0.37709173438929167,0.28670424955084145,0.33630472304859077
1987-04-01,-0.6792328169509256,-0.6246186003210199,-0.42506151825041566,-0.5457610864821466,-0.49807593775028497,-0.49730807682677236,-0.3908926631027994,-0.16078865073897788,-0.8034104952553314,0.5388209907122781,0.8025454094803375,-0.1299223762338202,-0.3849716633573121,0.1755981696765124,-0.29079301707739197,-0.20694234708239226,0.024495082519776216,-0.10851322080404734,0.4656089299863068,0.9312722356127585,-0.10613621821177269,-0.035957665543078235,0.22551845763803272,-0.01675952430308045,-0.1787196317336112,0.08209683993734376,0.12140822647762115
1987-05-01,0.35678830062411804,0.12400875760379562,-0.3081680304233179,0.3283284891640588,-0.049809484567724986,0.09213517332676774,-0.7600592723985947,-0.9207108465463358,0.033496388093012225,0.1590030981442998,0.06298829457384379,-0.2572815363738443,-0.3783090290405233,-0.09629657225745032,-0.3149821725091545,-0.40351338510819734,-0.3858951641720413,-0.30288132450966426,0.2510791875014333,0.6954349765243095,-0.12837460068512538,-0.17886708744223634,-0.08499957992374697,-0.12474351755351819,-0.2500835343621623,-0.1214908457366545,-0.029632578333132382
1987-06-01,-1.2791930379658576,-0.8814575361706085,-0.6644174572755868,-0.3143552043789286,-1.192507436633093,-0.5385943650938583,-0.12744791044614878,-0.7886400260368956,-0.9753539601867836,-0.3641102354123233,-0.6499386027070618,-0.9593523869629464,-0.7388214134659815,-0.6507169529902952,-0.7580012144278904,-1.2017426593572613,-1.0976907239656228,-0.8041479942818223,-0.4137470847282448,-0.2783756931913494,-0.41950225708147865,-0.43575120675416523,-0.47749202251720474,-0.3368844145779523,-0.6124719584405164,-0.33718684483642525,-0.428606375745517
1987-07-01,-1.3889326780629812,-1.0389325742139552,-0.6990763091225324,-0.2522855233130507,-0.8027896457577148,-0.8798711698162764,-0.37916750781562975,-0.8181171481205466,-0.46049641028159766,-0.6716171174134075,-0.9225640673132649,-1.1953291042916159,-0.621275315256459,-0.9893966740532901,-0.9259562419440451,-1.6266375581315697,-1.4413173682772356,-1.0163571486942538,-0.9851450928988482,-1.4807899438780885,-0.899776474638229,-0.5908336624229937,-0.8681183533203813,-0.6745689578827054,-1.1749232822540268,-0.8441877515846594,-0.8985168347626304
1987-08-01,-0.1070172597460567,-0.45716588796397567,0.6729764917161558,0.07251461815150136,0.5461075283324462,0.7646228621116407,0.14072862299525196,0.7435044879509703,0.7824676705808402,-2.0265864871530543,-2.1029349395617354,-1.8421595378439555,-1.171708049749285,-1.9967316057724387,-1.5665718444164427,-1.783318962942235,-1.7264084433544578,-1.794822462122972,-1.103701700247663,-1.729169830623469,-1.1029817958929538,-0.5747550833642174,-1.069719864752106,-0.760031919500979,-1.5675723634482464,-1.1411851031242768,-1.0360155653192273
1987-09-01,-0.7053977221719017,-0.46835009240172476,-0.21570392752004336,-0.4133371546491508,-0.6156359256678059,-0.1605130589877541,-0.232851507092586,-0.35029320869031527,-0.30920447847570787,-1.6524315480494216,-1.5652620494570872,-1.4745077167370522,-1.2030884867371459,-1.9112968740701333,-1.2329245120827166,-1.2707830907659778,-1.7750766246305036,-1.291816086038392,-1.8631082090274222,-1.963294288480138,-1.1940053856444708,-0.9165683728781959,-1.8957666641694104,-0.930708713581915,-1.3371126892251204,-1.375565331106241,-1.271611933986173
1987-10-01,0.14373462597975603,0.4295553141670068,-0.019762789352423517,0.04290649280706586,-0.08223579364073354,0.10694297400077407,-0.2559523212120361,-0.25125885037906454,0.13207241660035746,-0.7455908032928975,-0.5073567625769957,-0.9913583455792865,-1.1008823675408976,-1.1153195151559332,-0.6487095942152411,-0.8640381210441186,-1.3069158832117311,-0.4649454556174854,-1.0285759367818441,-0.8832012600747936,-0.8278550333994543,-0.6408832424003653,-1.2175928863749959,-0.5263931909176518,-0.9584769257495822,-0.9837361401905215,-0.6593549410588625
1987-11-01,1.1164981013929853,1.144872006120638,0.2275758253968706,0.5211875714274391,0.8497359935495092,0.30356983437005225,-0.14698565042710654,-0.3623501604405358,0.5696889047212416,0.7528310950758774,0.7597289440977081,-0.3146942058621451,-0.21071992554854424,0.18522985656917867,0.010735525537473558,-0.4700468842833103,-0.6936746981705544,0.34996983816961647,0.3558653419667748,0.46942511462765185,-0.29580716716466265,-0.29095823470400645,-0.1300187882713784,-0.1741345272818721,-0.4942934220806249,-0.723750471121314,0.01566940223429592
1987-12-01,0.5196303908166721,0.4895297707480647,0.08156792986196167,0.1682094957299733,0.6609039757851819,0.1367165273580677,-0.0011258675400616237,0.24723773805352622,0.2494367662830075,0.7830865737971066,0.9148124609828611,-0.05141123110322031,0.1021339917127095,0.4972186278260304,0.1652050121358154,-0.292661742028455,-0.06024536101222899,0.4786177927156866,0.519722814264408,0.7800345720399472,-0.06881879578538917,-0.12666077118986105,0.16671888930146303,0.016989768294229247,-0.2171844122385901,-0.23296175251117332,0.17536686084728398
1988-01-01,0.47750782277823267,0.9316874183990678,0.4182692638157925,0.4216136608317659,0.16676534830265094,0.3681663760483995,0.6023120298111998,0.516841667277525,0.3011635946226356,1.1194540134628435,1.5424001993698016,0.2548168052823216,0.28014133200673,0.7014205245568497,0.2840271237145918,0.2786325922744943,0.4033058702601174,0.5501082376056555,0.9969115126870417,1.5701933300843953,0.1526858999217135,0.17679740286006448,0.458372314260719,0.19744024397383284,0.1028680244860706,0.14326205765666988,0.408870097810252
1988-02-01,0.5992251643920923,0.6163851820965348,0.43252129302111597,0.6033764234400242,0.14539009479401,0.543141389738542,0.7239147854713384,0.47298153576891344,0.5953875372710081,0.6711462430979961,1.1940494922090725,0.27525808736938634,0.2347658059914994,0.37883853252066824,0.37055497261557696,0.4886577879149394,0.691313618008112,0.47955753759133624,1.1828331552740992,1.686849246398512,0.24768037966123915,0.31268843387217576,0.6135014604260243,0.2646548967707193,0.22189206139481507,0.3455188079505642,0.5068702781883829
1988-03-01,0.8855666463288844,0.992920190981437,0.6323996284811824,0.8963519036260916,0.15956842310844926,0.49452581931588613,0.13005130821162564,-0.026794114194647,0.3519444297006312,1.0571437489869595,1.6449361449572388,0.6664148696620438,0.7738490049560596,0.3832465601915988,0.6359224694553098,0.6015736318381256,0.6508489685682203,0.6811166125821444,1.002768577885365,1.804140646609505,0.49095860000634517,0.5854441814032528,0.3862670352266662,0.4034651353730176,0.38823741103508336,0.4657826673433271,0.5117301175025678
1988-04-01,-0.1606682861661116,-0.07865515375205931,-0.49093520492278503,-0.4398573557533008,-0.4370153127760886,-0.407434149697413,-0.6360286946888216,-0.5270328511622516,-0.2574730874160216,0.8734654186209059,0.9405366596995041,0.45090327426650006,0.6413545002377617,0.25717276453514026,0.5236398408982869,0.13795618024814285,0.19495025159242008,0.5667184792048093,0.9037413161237321,1.5435272220490106,0.34175895493955677,0.39568177220141,0.25449728873476524,0.30188635598496727,0.2757603644136816,0.30347062382481,0.44649369840928765
1988-05-01,-1.2346340290794369,-1.0173920306499964,-0.6461028748555343,-0.947391182471193,-0.7987435963737699,0.023630879104912735,-0.13835110166756207,0.18774479090201862,-0.2714712815951061,0.5123408973694651,0.6212309953767852,0.0028285419655588897,0.23110844143812947,-0.13496200140857148,0.0013678945848588856,-0.27563423729237013,-0.48698435725396594,0.06468226011602787,0.5063602308677673,0.6828090853463352,0.06964953424060889,0.15878519743692832,0.016791081691784063,0.13211558837094695,-0.18703742814199784,-0.092261956164861,0.20220616369012132
1988-06-01,-0.9836858100513715,-0.977167438393122,-0.8824939247746509,-1.0306140597158069,-0.7967409554267643,-1.0578895379756323,-0.6088994852338887,-1.1760535810286687,-0.9799286743314888,-0.6959382382253084,-0.8207191203424319,-1.0426499645770915,-0.8893873677067473,-0.8461078482926379,-0.8446121571647437,-1.3121507426081407,-1.374420027081677,-0.7922377342427619,0.08559991801731827,0.2519604813852532,-0.14405842786406156,-0.04556209137295764,-0.2787082456463641,-0.13235551481700736,-0.5471561708307771,-0.5712369497800838,-0.13361367913090091
1988-07-01,-0.15217200876295064,-0.5171472879757658,0.04894588937270473,-0.15330588727512137,0.5962024500376633,-0.1730133825117717,0.19985658710695556,0.8598621576051488,0.276798610693838,-1.6803437209874088,-1.8080011103116296,-1.6781408192951925,-1.5682469237701215,-1.6366538672394553,-1.6360669579390672,-1.9798508702157118,-1.7852040365596726,-1.802160840710408,-1.0516607980793375,-1.4133667798748115,-1.0379400168586455,-1.0317306319714163,-0.8537128825801185,-0.8335073039971089,-1.2770898065119658,-1.14295679046584,-0.8525652773984689
1988-08-01,-0.36571761453900414,-0.3942871455205171,-0.46036837823115284,-0.6320834295637506,0.289571299677752,0.0661660193667321,0.22988489608506987,0.1664419486199584,-0.1771094191435327,-1.417570751746025,-1.4051395831748252,-1.1998528582146892,-1.1293093625674355,-1.4550587143167761,-1.4810419735951725,-1.3626336354495647,-1.4011797136654054,-1.5293118693601353,-1.6237169673195564,-1.884205271701189,-1.1656638654079925,-1.1590923147402992,-1.5496503740220018,-1.4429580961469437,-1.542661040374876,-1.2955658195508009,-1.566221332688463
1988-09-01,0.4049583017640531,0.3958023062614394,0.23269847481688163,0.01639313069002843,0.8029866863965327,-0.00637814845656958,-0.1014059137707487,0.28545833677659804,0.43429820647832157,-0.13642480881734861,-0.4080059330198728,-0.35157456442161844,-0.19017267868296944,-0.03508276963786214,-0.4066918156028154,-0.5939549225121898,-0.45547856038403994,-0.237248500189994,-0.5275017374897548,-0.8348394361605127,-0.5159844512886231,-0.3616511671161357,-0.41083417447266873,-0.4994754632524133,-0.7227600138763738,-0.5141076730467335,-0.4733435447680587
1988-10-01,-0.35811263551625694,-0.06948825446963176,-0.4903338292862899,-0.5269793580216469,-0.29186034506335923,-0.6573759606381907,-0.7117487053737339,-0.5993630270450707,-0.5804487994653289,0.005464416433075536,0.10386125986655075,-0.07832259789404429,-0.029881187887983333,0.1861787130461538,-0.20413534719148071,-0.20564036066451974,-0.14345292780935937,-0.0020675269132601677,-0.38137768428938496,-0.4382431322885052,-0.4428246839294446,-0.259410238883062,-0.29444434247335105,-0.380951294086851,-0.6106216221474062,-0.4324743956262838,-0.3231999367136683
1988-11-01,0.3669255546822402,0.6131894875061915,0.4855643744245878,0.25116934255021167,0.3911575193110873,0.37669829573287444,0.4831989571471369,0.2732194607330537,0.4142546289714645,0.4799663003149228,0.7593192406037178,0.4477898126931718,0.3724439610649552,0.5913466174142955,0.3756586554885091,0.39189227818917494,0.21455596188201725,0.4310712761001911,0.20962059111461778,0.29804879879889923,0.10916321436298876,0.16525584933837603,0.26154699530300474,0.09901291445753005,-0.06504996472448434,-0.09722075222673789,0.10690176922397217
1988-12-01,0.8486363379311391,0.8995603213706046,0.6220515780317143,1.040423812162373,0.5626757643371488,0.8689071773527982,0.9061896370112764,0.5714618380602813,0.8847128658247029,0.5613450224767258,1.014509188215827,0.5959913540731002,0.671873551095183,0.4440671693027535,0.6746873180986891,0.7559950553333293,0.2883146937635076,0.5550952522497737,0.5614251860943362,0.8644730195018387,0.4243547071457046,0.651462689303411,0.413425955393826,0.6724645786685166,0.6200098873493858,0.22198937155004872,0.4910880719758949
1989-01-01,-0.38590794541762824,0.3304534413684064,0.1892477886817542,0.1636732235849644,-0.11248015113299856,-0.18509165215486742,0.7386420899770844,0.2854912059065404,-0.1958288167855863,0.5122710575451166,1.1203132066484573,0.7983491697987452,0.664566666624279,0.4752738554204134,0.6692562376962148,1.2243225809808926,0.5446435012827718,0.5557406768383009,0.12122596676810121,0.9142040733010757,0.43183546571931103,0.34978474872004894,-0.016082633453038123,0.3707318381690547,0.8312316569711795,0.18626800351749265,0.15716911399629765
1989-02-01,-0.18967583280097475,-0.5476740913724721,-0.07800628113476264,-0.6396433272974403,-0.38432723949684106,-0.3871373871063708,0.7179290288585576,-0.015034045271885793,-0.2624357452434748,0.18874320704010786,0.6258712682930717,0.4772604504836006,0.3569186206932275,-0.11305585277521205,0.3183847350949067,1.2000118255809176,0.42042878577001175,0.24190415727829784,0.24170998462752305,0.7776499225637794,0.5259011171580628,0.3813051760267955,0.07640548472472011,0.47055584925629224,1.182275690445414,0.3261406409602634,0.20930653210345476
1989-03-01,-0.33975938916458565,-0.28002190832972595,-0.24544326548558568,-0.6272507047751761,-0.6589699676192903,-0.3760238126447364,-0.21832727038931474,-0.45147711359585496,-0.3882169361030946,-0.4231522149817464,-0.06864023509975554,0.011363359705627633,-0.6635724976124303,-0.38015549522978836,-0.46982869447358067,0.7918961161905153,0.0955639323219657,-0.257902673268569,-0.04494968164984476,0.376427367714309,0.2937946378106603,0.14742737804788572,-0.252672083035605,0.1526335416333553,0.9923959653056883,0.18412460661304825,-0.012012408311867633
1989-04-01,0.5539675466494233,0.15851267969719238,-0.48978774674433156,0.0038136012592681397,0.48749921816139874,0.07823294121959881,-0.5062560183520305,-0.4288329405649466,0.2748732963213975,-0.05333476511874872,-0.3450965823781983,-0.4402691794240095,-0.42002965709593204,0.15030748361522225,-0.2108021092446369,0.22586393802792415,-0.3189874191235514,-0.09040479342366223,-0.17166774114688935,-0.08983934850731733,-0.07690308903170974,-0.548752179381951,0.004704696799177306,-0.5197919487097833,0.46934052552712713,-0.06402214882475447,-0.43606945919165824
1989-05-01,-0.3113550467675969,-0.31400750023010543,-0.7900832706306247,-0.6094566185822874,-0.7715358990295601,-0.6062043556035634,-0.6991413954953444,-0.6022541548188628,-0.8250840363658865,-0.09088374338755076,-0.14787707174655287,-0.8928268458047134,-0.6212550284925235,0.20934306566732697,-0.5151359451051205,-0.6863839551483214,-0.7038832761648762,-0.2609548112751495,-0.21248381238973787,-0.42038164764334945,-0.4148830343535191,-0.6902914523674512,-0.08158261939146401,-0.6066605478885311,-0.15419725981619767,-0.3172294927943993,-0.6056867185592594
1989-06-01,-0.937713036272731,-0.7686882214366864,-0.6044396922198257,-1.036729956928856,-0.9346372020518559,-1.0416138758751552,-0.6730791350609411,-0.6340328169183066,-0.85530619087803,-0.14601932983296337,-0.2999023419290319,-1.137734822285028,-0.7349823124709715,0.11401122884285662,-0.6644201488473264,-1.1683086251229888,-1.0093218254388412,-0.45689435721157423,-0.26419062935585585,-0.5299917641815548,-0.6917826372198493,-0.7867722754437594,-0.10263435804051273,-0.747940040012861,-1.109988071299168,-0.6304886453069014,-0.7027730251683609
1989-07-01,-0.23510731011491892,-0.4665964644016976,-0.40703133284076176,0.032213341276538625,0.19999846384966788,0.32918393469780693,-0.7018622193260207,0.07680871929136979,0.10828846232273008,-1.0827276976303746,-0.7335455851510757,-1.3448266147403514,-1.2206555376636312,-0.946882134839084,-1.375897213195386,-1.8951162427599155,-1.5563778636083438,-1.465514392107653,-0.35250371675550474,-0.5014499284391148,-0.9289357261456808,-0.8297253378766046,-0.22226615705801442,-0.8779995183570147,-1.702872549731147,-0.8827186285415826,-0.8050204325497987
1989-08-01,-0.4385587846684567,-0.7692823564296527,-0.3983603684370747,-0.0587530091213055,0.47875914359366234,-0.3735040097042503,-0.47574895997814176,-0.06837498940502486,-0.3899535236031997,-1.5985269501482822,-1.0887382537588195,-1.150170615639729,-1.025495715002797,-1.6589846929219612,-1.4520402372063468,-1.517124571584957,-1.73508287802597,-1.5020774409975126,-1.1110034300970417,-0.9117267148476255,-0.9503583240673318,-1.0476517595941681,-1.1728023602249413,-1.53184415595409,-1.601845751680159,-1.3022751467076341,-1.840723069612681
1989-09-01,-0.16560025114722457,-0.0512378455637641,-0.07987028375389496,-0.02210422628034402,0.16149785916807233,-0.14847073235003866,-0.05995520561975577,0.022915073103720134,-0.3782824768015493,-1.0598856311408584,-0.6278716060873153,-0.8642482356813544,-0.7140775053977563,-0.6742947087392919,-1.018065603487081,-0.9896445122270677,-1.0930696840403398,-0.8977989359940373,-0.9691487439204937,-0.8517655094396227,-0.7239170705205984,-0.7882358647879969,-0.6966776598890527,-1.3015142760968281,-1.0209728016835231,-1.126097019955602,-1.493575768679539
1989-10-01,0.4656528046633812,0.3125208226102061,0.3481479707673692,0.5308938974287015,0.33730037687721265,0.9328176284340224,0.5267154955823382,0.6307509539181956,1.1093824554582798,-0.13199712272251246,-0.08231895280915365,-0.21876926808595282,-0.15939816981464944,0.025459428529326183,0.05109167999821487,0.05458985111290294,-0.1355858978013255,0.5073927559019807,-0.3697846891817121,-0.42680147654936357,-0.3732107594617817,-0.340778364112839,-0.20021111553197748,-0.37037864392707714,-0.3501300677624804,-0.36543224768099414,-0.002745888301815223
1989-11-01,0.14614984655807087,0.2333531223834395,0.33132392639459934,0.25995371104189763,-0.0257781147858102,0.4276420350309415,0.5629319855065572,0.11540219449220855,0.5645084871364193,0.328065689141292,0.29960986365165027,0.11382820787180473,0.1363294438394763,0.41901056438441237,0.5311661915836737,0.5778617207243748,0.2429016829775162,1.1019382607723471,-0.032687942983058584,-0.130009293499789,0.04498924522898918,-0.014530622214375857,0.09893468082795279,0.12794282975693844,0.3983864837978641,-0.03200715889002202,0.49559155961540974
1989-12-01,0.19260910436839915,0.5465219890926989,0.6737623546837714,0.11351663680411125,0.3078063562006656,0.04304208883477586,1.6920916904765064,0.3426308727921517,0.35489993336687936,0.5221815719643799,0.5899515456592155,0.5691002395892841,0.23851747961099426,0.43594657482183213,0.6351149211477297,1.2808173727446162,0.5401215753329627,1.1754946114651292,0.3485783165774817,0.37868251321442975,0.45560247826483824,0.19638164476860848,0.43370785870004946,0.4281148189414304,1.3684671782361193,0.3107932060095616,0.8358741277476469
1990-01-01,0.028861200389645132,0.4840624960617655,0.8535207759283531,0.08518344561029581,0.12253816899826325,0.24196432413512947,1.5291985808367679,0.4852739547316133,0.006900104465472515,0.40901435649713824,0.6345368434352842,0.7145159257885508,0.09017697568936811,0.400541474034923,0.33062135690873845,1.6172408693330667,0.5561392361653505,0.6397853389303062,0.4120017405479185,0.6775221947086862,0.7967014463210359,0.23922672869556688,0.34863939696759255,0.6351902636786602,1.9665368246217612,0.6216005949529609,1.0337852525953284
1990-02-01,-0.8120344439754897,0.1224096317242338,-0.6295229188820395,-0.9725625233817186,-0.7329059977806539,-0.738449733444156,-0.5421799320389162,-0.07182840096529362,-0.47628110590896455,-0.0203689680061702,0.6334635793085558,0.4632032184321203,-0.4109869953742323,0.0761071178262702,-0.13036429467428126,1.3346448213573132,0.4631670999442997,0.0621355008973727,0.02683916295965675,0.5667983921074826,0.5846372750100308,-0.06799259375604133,0.12358438961504745,0.1363226224333498,1.6243950759187955,0.3821027744669101,0.275832641619268
1990-03-01,-0.7621440352807334,-0.6517644558486027,-1.0262562502549446,-1.2338543522330592,-0.8660253430785612,-0.6670709676824838,-1.1355105726392762,-0.892347362626073,-0.28496224601261094,-0.3363158396536864,0.18506483849323965,-0.17929267510878708,-0.8642446165685399,-0.19979818668386368,-0.3762097297455789,0.22848313159982062,0.008890455766349514,-0.266251066518496,-0.1293072856676705,0.4074547432888806,0.2500451186154719,-0.39908482117712757,-0.08700543838413187,-0.1522377438595648,1.1587456599314274,0.19692086098941763,-0.06939148401501793
1990-04-01,0.7382657622872123,0.7703181052648377,0.2609622967516831,0.36574652157875626,0.6739300478096368,0.419602945565332,0.329033245598303,0.3315350894096267,0.5102584287874082,0.19166002709003263,0.20363623853676702,-0.6715841187608591,-0.4622255456891845,0.11576881707501538,-0.06791534105321431,-0.949085619656163,-0.24333025494084365,0.17608045795450306,0.0917161214517155,0.38022527101220444,-0.08746092550043673,-0.2862093189338518,0.1014058711405162,0.02968647307139509,0.1617775442979729,0.10448694296956407,0.04739193021025586
1990-05-01,-0.10118995547133067,-0.29159258681435046,-0.05253190849214467,0.005459664772891381,-0.6475411490619559,-0.23439132651672162,-0.32594811921694444,-0.3061776331322992,-0.4222557061494447,0.4478045797706405,0.09725198417183864,-0.23568820253767536,0.138911104088834,0.17511556939406572,0.17086688797369465,-0.5732595402032233,-0.3696901071116845,0.28416797240459807,0.01855512902371832,-0.00548234640936433,-0.554171501691746,-0.2296640844358634,-0.1799504386401497,-0.06676944568978335,-0.9120398244725585,-0.27487015198765463,-0.018028827586869543
1990-06-01,-1.1832175232454791,-1.687746417855148,-1.1355142736432116,-1.4794373205681843,-0.953494225427885,-0.600745064320466,-1.1341254771524427,-0.8111159814471801,-1.0277391167491614,0.16066791264286281,-0.13891281459653645,-0.3040332697918026,-0.09990134314534055,-0.09825617979730887,-0.04795038373943902,-0.44760128796916787,-0.41249050244667457,0.05562211529869473,-0.019870959467221495,-0.509228412383805,-0.787258243335327,-0.27250701502030855,-0.1861064440597151,-0.14504308181046718,-1.3320945326820695,-0.4765265481708022,-0.12152548100804729
1990-07-01,-0.2908668915216699,-0.710160795956305,-0.3747835128406941,-0.2167685284053648,-0.9970111990954293,-0.5295743828575586,-0.6139930501253935,-0.7998760544381306,-0.0499667850665684,-0.7976910956006188,-1.04398079259055,-0.8429739378133861,-0.6661661050949452,-1.100542651565385,-0.7635912191201553,-1.0679186594686643,-1.0428999474627434,-0.9094881879775837,-0.14387479275708395,-0.4607260942356517,-0.7409130086480048,-0.24190832328551695,-0.3332849896288925,-0.1297424755607847,-1.3467507658045488,-0.477362262741851,-0.403077527394056
1990-08-01,-0.5664917218369937,-0.26621118876211686,0.21671313343950288,0.24962333485223076,-0.8597453124615135,-0.04774135997516768,-0.24674866420515484,-0.0504183011585666,-0.1623839070147066,-1.5021395143707124,-0.9993400830345904,-0.9955378405283468,-0.6796448818890874,-1.7383296338057095,-1.6501470724621567,-1.272127902979706,-1.7015850692126102,-2.056760345787949,-0.8228219854997196,-1.0843915228281498,-0.893585475021024,-0.34463977460939127,-1.2402429050169939,-0.8341536575438753,-1.6538796347774032,-1.147160097612122,-1.1981963258926915
1990-09-01,-0.46005794360393726,-0.9000875505228653,-0.45023984241848397,-0.17139597896983644,-0.27909093796469797,-0.31198709248644607,-0.5892723069783796,-0.16071166429880582,-0.7300783879344638,-1.0429715767301992,-0.6457605746265328,-0.549357696046757,-0.35825381153469166,-0.8672843162887839,-0.876138441926403,-0.6925618062341291,-0.8228048426825876,-1.3389281064315182,-1.3570077104829388,-1.411503523362483,-1.1197769335767096,-0.7143157663788156,-1.1369163590558033,-1.1716505550185718,-1.8742260166207518,-1.0450087407593094,-1.807484892352399
1990-10-01,0.19238315526686883,0.11623071203151926,0.22905619518887943,0.3553410604467287,0.5388083817197131,0.6985437598058835,-0.3167684320106847,0.4463571694185707,0.9076331829759644,-0.08524504947681824,-0.16338689885969415,0.014154912077666972,0.3179916303445971,0.17235813301326675,0.2808373238609997,-0.3206349940497808,-0.012461410738484708,0.5612069954676622,-0.514075063885463,-0.5320378927453044,-0.3864883413854393,-0.02932477374507308,-0.14843677928598809,-0.036711470035447814,-1.1499290831564823,-0.24949614448483623,-0.06270334925493527
1990-11-01,0.22938141791023264,0.4816374457635807,0.3495057671701141,-0.06450919675744793,0.042260031697418377,-0.47576376617588567,0.7605567549683651,-0.3507545600105489,-0.5956649747915278,0.0514172950402821,0.2133642526058137,0.2121098031929742,0.062320576540475445,0.34988185789112397,0.26228503793297936,0.5405559577371061,0.2055687435681937,0.5935767599434223,-0.20590804157821974,0.0033778310463268455,0.07857576237861501,0.06488591897304717,-0.004951283110344118,-0.030165603855945553,0.16243178101656494,-0.10674995592003958,0.09974452136981066
1990-12-01,0.8403157869328823,0.8063969906432917,0.8931030394120049,0.6936700075724063,0.6627075384490744,0.6612361672344715,1.4553607222483753,1.1353164906302713,0.34856879956694464,0.883286747775695,0.8821558461747359,0.6938578264700623,0.4829231492117873,0.9607459924510621,0.9255468281644349,1.321209622534909,0.9121974524045955,1.3503715615083356,0.5576443737376559,0.5253113766186414,0.482147731774674,0.38848256417459204,0.7296860854369885,0.7523620919068414,1.011351996511544,0.6763100285578325,1.0084392101106057
1991-01-01,0.35386670809247067,0.7290033624865525,0.7204600344346987,0.5517042151623276,0.1420238647678292,0.2674939121265076,0.7965780411617677,0.8517903652501155,-0.3336109757221327,0.7242359859985252,1.0824916906180357,0.9649400398105238,0.5959483212407198,0.6292621754592734,0.689934470157879,1.7266654567449573,1.0592252643983489,0.7374212293014701,0.7925489318400025,1.0852063841079065,0.8803356069533468,0.6175298182826063,0.7415893491048168,0.8388796170852696,1.4911424261628936,0.914118373583507,1.1138997764822707
1991-02-01,0.5421839169646835,0.675950177290283,0.3315733920873118,0.45089008384103496,0.48889093106840836,0.41689082478329953,0.16929834110090983,0.18799262142705925,0.5305914057991143,1.1157278479265165,1.2481390546141722,0.9566941020939154,0.8549774485833619,0.8475075653122414,0.9402667129688033,1.3638930498680943,1.1589114515250818,1.0217447842903395,0.9524531902440376,1.2468880280159838,0.8520203265451064,0.4351740322439924,0.5920366547282819,0.4817968745876295,1.6334907555722362,0.795375219745443,0.5860123012555528
1991-03-01,0.30005244422261634,0.41620340232331177,0.07471625042959353,0.014028177670083025,0.19207088952861973,-0.10434367058278828,0.10981714193075207,-0.43825124981664365,-0.4105881775735898,0.5207295208643071,0.9312382542225252,0.5000209725543989,0.3731710914984173,0.2971820911259332,0.11936460342427034,0.7155482819740239,0.37586423147986564,0.2626081941695276,0.9682307828076279,1.174708037804203,0.6836311272162321,0.4231096181963582,0.5896581621823607,0.48332139166280225,1.3415287945686218,0.7671391587553685,0.6096346318563172
1991-04-01,0.3329568135852185,0.0382310164807599,-0.08737077305857192,-0.15468138131963452,0.09460392205627009,0.11901624055648961,-0.06566334883783076,-0.24492761740511407,0.16538177984180863,0.6320319466221365,0.5682897022292146,0.21269185852848727,0.18179802910301163,0.46633030987642904,0.2144568003669066,0.37229981545334656,0.043688177082666084,0.5006629735173727,0.635131412089516,0.9164689564817744,0.3499213396998065,0.07614145342122515,0.2579121643384946,0.04142369495597851,0.6483485679831072,0.14313427951036162,0.3199439876116758
1991-05-01,-0.23441963844402566,-0.43624786897885276,-0.752349178458857,-0.1673453960181348,-0.7294637576644778,-0.24525871743116748,-1.0253365877418743,-0.7929791680880282,-0.49750360509060404,0.1932286728521837,-0.015125333179243666,-0.39044971947196977,-0.39115857692259437,-0.11127574328177546,-0.35751230626217906,-0.19200569450847174,-0.5709756689006193,-0.06646879908034463,0.356580798770881,0.2846918326749654,-0.28175154643439715,-0.3790422678528292,0.1172806633975262,-0.3113648537782744,-0.14034849242862807,-0.5583240670620362,0.005114325165863942
1991-06-01,-0.9546419457918425,-1.1499514244913014,-0.9054629360765023,-0.9829424007581989,-0.9789269606372744,-0.8511172904650782,-1.0610359194768262,-0.7930114966955749,-0.7346712896997547,-0.157915578392232,-0.6560622908662292,-0.8113492907051927,-0.4796808065884424,-0.43352978959486455,-0.3745395594515649,-1.096077028395297,-0.8284416257301507,-0.2837005530361917,-0.1422388762974919,-0.36039606004748204,-0.7397376036305144,-0.7918016682729725,-0.3906604322643733,-0.6764803851118981,-0.8094763459795339,-1.0527737679853604,-0.5097370882958794
1991-07-01,-0.1635614651237405,-0.7830987655529864,-0.056535217195954765,-0.3392564453524293,0.4754730505959491,0.20912527684535245,-0.06775449744946568,0.2908968580172152,0.5995295327281358,-1.149741757081547,-1.4755419749503702,-1.5542113493647756,-1.007262978719116,-1.3829453254741828,-1.1131629411907715,-2.1607746925697926,-1.7727062497180321,-1.4041801801209988,-0.4851862113160739,-1.1327469316206988,-1.2472878601781738,-0.903515941263338,-0.6119446947462446,-0.7282601707921648,-1.6639051704370535,-1.3125150617147456,-0.5095240030353001
1991-08-01,-0.5871464872955575,-0.8950593573289142,-0.6074594307932112,-0.33387586555676907,-0.14259719390881478,-0.358649189447023,-0.4337968840020311,-0.35740225707904133,-0.05637475848664334,-1.7786746616264224,-1.6659174534416856,-1.5021379133801402,-1.09516564749208,-1.5066125179447352,-1.5353584123882282,-1.8596040940401093,-1.764352564177761,-1.558393204217956,-1.5298768435024932,-1.7746948179607753,-1.7809923244316688,-1.5352323960621266,-1.639723863272042,-1.6834819856367083,-2.3529110375040267,-2.0397086660296933,-1.8079445645840317
1991-09-01,0.21026100833433212,0.03369019729076616,0.2439568006844996,-0.10398597285287806,-0.0023376176797769294,-0.035150303573261626,-0.13319157212335905,-0.2635368437257205,-0.04351023848021726,-0.9590538750844142,-0.9975004946764898,-0.3644918863092847,-0.7277651759923907,-0.6571692699925062,-0.8670189222000156,-0.8262369684741677,-1.0454822793236875,-0.6407704012090882,-1.0867033656481189,-1.321769974051162,-0.8011218406604413,-1.2008666278665976,-0.9099979670400866,-1.1979085746488543,-1.3716183024541417,-1.435186937882032,-0.9879715633409636
1991-10-01,0.5557695707793825,0.6595305103437331,0.27371817574865875,0.750730276484507,0.6148616341750089,0.60397302545401,0.09885734368687753,0.4723205503836788,0.42899450217549323,0.05385150593998676,0.1857315158846559,0.3318996980204481,0.5846015237250999,0.37532076726395297,0.32822119623332585,0.22242186320723395,0.252956488686533,0.25267621146692537,-0.29182545626258405,-0.17270091957510442,-0.1173046049379837,0.32134439399478537,-0.0235434949176276,-0.03408588777856164,-0.48621198651330333,-0.2460349301102361,-0.1357055692048135
1991-11-01,0.06539204129504585,-0.10124044195004123,-0.15547168973540912,0.3602529094123853,0.0804328099439018,0.21128083967546782,-0.07673933853055523,0.27445436799159256,-0.06215764688777186,0.46280481756758746,0.5287687162536865,0.5513096759451418,0.8553741354066188,0.7589936435698347,0.6779222552599864,0.41222873223246503,0.4976788033768965,0.5513234912166863,0.08308461374192883,0.20147784822676557,0.18344231345831166,0.6146829086810576,0.4236656817188643,0.2799780253467243,0.08243739307573199,0.17180769601998302,0.19985324213210084
1991-12-01,0.6269360582326392,0.8512552812125426,0.19399526248900079,-0.1968143571019383,0.10523903496259651,0.30355542847888806,0.511228678718823,0.1338792711352421,0.4853369807376847,0.6639056474870932,1.0502660129392414,0.6831399720657361,0.8916740378044953,0.7143465023947432,0.7848539266881626,1.0695559569430455,0.924270007910067,0.633265542029527,0.6107833202990671,1.0182287636240255,0.8356088624966066,0.881139379132787,0.7144904423163478,0.7420303470958756,0.9983305279609955,0.7620528125004962,0.6404190080850437
1992-01-01,0.6274274779149815,1.2209402880543803,1.7141884682209043,1.5629333015697922,0.7863370403477905,1.1081276428946747,2.2963009378954666,1.5455943333734752,0.9621122100771442,0.7229310649056588,1.3326049407870346,1.3146652453184606,0.8569247641082112,0.6054259781393505,0.713850430968665,2.1893041977525534,1.5571125959385337,0.7326609396565404,0.7789061085095499,1.718894320182669,1.5513854793372115,1.5063621417703548,0.8514357110770688,1.020494765979646,2.371787980813008,1.6743987062246124,0.7829473832118437
1992-02-01,-1.0462961920564022,-0.4159100541860416,0.012544959963822568,-0.8198401982398679,-1.2003359418108042,-0.9445671050872138,0.818256115788444,-0.1291692020989225,-0.8421951778330155,0.47230319616264255,1.1811258903250945,1.089657553391675,0.5862291407785885,0.2782869043040608,0.44902685231942785,1.950739463407409,1.3458599674736145,0.4680787242253333,0.35383950142671305,1.168814136711127,1.1902871360484122,0.6755698749854204,0.2765178556625109,0.41497441040875327,2.0824280912602027,1.2498315948282364,0.4163975397861113
1992-03-01,-0.4999520502774574,-0.6782644008098173,-0.8089279638559542,-1.4915044223481813,-0.8644336983731034,-0.7371621256810471,-0.80410826979639,-0.7905617904341895,-0.37031680960034774,-0.02032456306452384,0.4290715721216239,0.7463082599226614,0.15786454210116502,-0.04563062839063382,0.1195957415166038,1.4156412429897491,0.9173251320365708,0.3034379193780067,0.1788627309941452,0.9968074839132584,1.05618029590049,0.4189761123271424,-0.01594730292769275,0.25725481590295485,1.8226920332993966,1.0196884806790103,0.31230841432871537
1992-04-01,0.6739601430178583,0.2703330460564521,-0.49892228751238343,-0.3194786056467546,0.39006459972218277,-0.1295081228927533,-0.5955593634219986,-0.5685075289999046,0.32260967458095424,-0.01821220972985577,-0.2240944732679455,-0.8887798731144975,-0.8404745664247102,-0.3398024051294153,-0.43763592464235973,-1.1470664197542662,-0.9234165306380718,-0.08403063348138973,0.1660850511406723,0.5750094658151756,0.45590706680214954,0.2967846020135617,0.024314184687885022,0.13324751604989937,0.9192282190049419,0.4869344400812608,0.2367573395176792
1992-05-01,0.3039325118966951,0.5013848859766072,0.5009417656035197,0.4442979790958102,0.1686867125899669,0.2339795394687144,0.63311246421841,-0.028231266295298593,0.17924814759843696,0.4967755661633135,0.4640751697341054,-0.24720038831161248,-0.3802891768034044,0.06870614865323528,-0.05084778493399707,-0.34801152779633854,-0.6934194808147546,0.28933543736231343,-0.04114579581554786,-0.003464383961514228,-0.6847353541398404,-0.4084834832922307,-0.2582182544379697,-0.2171161851448955,-1.0869137225531187,-1.0228382283552533,-0.07824095070044891
1992-06-01,-0.727519929557488,-0.4964408840034573,-0.4069281813193166,-0.8681440843832375,-0.93603391421439,-0.9288879294891902,-0.38789319640637265,-0.564609285746963,-0.8082271519019065,0.45313021601335574,0.4916025022580168,-0.2570667569692659,-0.3035862215810584,-0.04019409472831899,-0.15423621709298152,-0.27164531569249134,-0.8846666169907317,0.09010817390070425,0.016465222883609035,-0.013887420271021569,-0.6672555257940888,-0.47759864504544464,-0.26274211755879956,-0.27386326481928636,-1.3063548025947849,-1.2650934288956526,-0.08150684662311043
1992-07-01,-0.9918442773232992,-1.123281628876328,-0.7652094527172643,-0.7734942670563789,-0.7293024167044319,-0.6186445128823506,-0.8620865754145737,-0.27501955853567156,-0.7147633043179331,-0.39004704240358157,-0.14765147123351155,-0.24507077363221563,-0.5110414952645506,-0.5997184492876566,-0.5420298116264747,-0.28405061306395524,-0.9740637922821017,-0.5228699578731949,-0.032346589909847435,-0.22213441659528088,-0.7759572306058032,-0.48563967938262087,-0.2413945932744274,-0.3439661468218821,-1.474577327677071,-1.413213251729232,-0.1460109449811298
1992-08-01,-0.45071295941801165,-0.9617609414099916,-0.5701442549061904,-0.27826466171305997,-0.26570143419091863,-0.006718903355492977,-0.6791335760004612,0.39002126118160885,-0.30987106251307833,-1.240648969803302,-1.2246270110397863,-0.7709544561065342,-0.7345858161438267,-1.3443970814440265,-1.1310498806645142,-0.6948056405171784,-1.0489945122272293,-1.4259192221944437,-0.6439227014475815,-0.5923050366713956,-0.613152556551314,-0.597711671320458,-0.8601410447141898,-0.648783278141137,-1.161785656210528,-1.3427710531419412,-0.6196502474090242
1992-09-01,-0.25730084713978596,-0.3826273151978965,-0.26452935856721926,-0.055877159283589835,-0.1689065787297002,-0.4530300743009379,-0.13767663078824674,-0.17452950181985202,-0.6065339955039207,-1.0700056607115873,-1.3819993823997536,-0.8400581451788002,-0.6025371700792542,-0.826653158820654,-0.9679504276807575,-0.6164972718639417,-0.7781653277511369,-1.1441064723337049,-1.0754904446962927,-1.2837787906653704,-0.8618350142044581,-0.7601488112286773,-1.1188221762687383,-0.9571231198995135,-1.2177620856879268,-1.154261215056987,-1.2067407859254125
1992-10-01,0.37784346237858074,-0.024034753096153626,0.3857318116943366,0.26265500170341943,0.26892040589174476,0.39930523468194873,0.3983880854960276,0.6414899564241913,0.5267109585708982,-0.1698739221878578,-0.792499596734568,-0.5694801756556507,-0.0750307906352224,-0.2086312399870406,-0.3960256224244923,-0.6613897283030209,-0.5566276909051344,-0.22711807462901784,-0.4704752788373576,-1.2253291141017373,-0.8202543307460487,-0.2512980634506217,-0.3716532556385703,-0.3343669341139923,-1.3068915470553777,-0.796853467003803,-0.38220404206726016
1992-11-01,0.6031812982493034,-0.09495438636048804,-0.8255664745231334,-0.6274223224523506,0.6203973264842034,-0.2471078115206821,-1.1847669748283298,-0.7097966846071833,0.4563541153699278,0.2671831919275081,-0.31816191870507604,-0.6488013347028454,-0.34570488701331376,0.3439180463699126,-0.21235513760964317,-0.9057627074145702,-0.4520570793420593,0.19270343043858093,-0.09547374269435628,-0.9346468170184687,-0.9284476208431844,-0.38292349472897325,-0.08007295710489376,-0.41053609436102145,-1.1907767739688369,-0.6571065380824783,-0.16264298179398196
1992-12-01,0.8382304434405604,0.9225238689951368,1.021621333338964,0.7653071967210394,0.9673423047758668,0.8005826356470953,1.4178140588224963,0.8797096436494776,0.9804729538583778,0.8674126345179016,0.6380731440170087,0.5301825833853688,0.3052866672195016,0.8522684094113795,0.5077941441216317,0.5629126054321673,0.3997845387010905,0.9625955417384603,0.5660935003886957,0.37814697082091936,0.4311371584057363,0.2227484588160511,0.5321926887411369,0.3108424918979316,0.6705240312713217,0.3533948469540976,0.6349559788491683
1993-01-01,-0.059004116621779575,0.6183880696961794,0.18664667258825132,-0.14405370240752383,-0.1102158730975325,-0.08252122668119612,-0.43709867529322205,0.10440206593239727,0.02578785618004271,0.6444236240922042,0.8391448497425976,0.6064668885514273,0.3273279435706951,0.700286599617421,0.3640357949604981,0.839791378640689,0.5000360977184566,0.7217333609491485,0.6868312856606096,0.7489550782229732,0.47520945424616695,0.298872049691526,0.5801327647180782,0.2916131388024621,0.6822536264641166,0.4697127016638056,0.6692486292694754
1993-02-01,0.2329129383701173,0.6690643602562765,-0.009987119116225006,-0.18789980127623246,-0.2789321909691761,-0.42468911772546714,-0.19813019650676802,-0.2753853012601681,-0.3778613171004257,0.5865577886275805,1.1995042597673025,0.8106332025221973,0.4770804651470572,0.3812233809841349,0.3477508928030279,1.162037487531691,0.6709592519381832,0.5188900065713304,0.6404383656332667,1.1893700922366468,0.4802423203612688,0.21100314746058857,0.3459176676373784,0.13540566972375276,0.7712850868136273,0.3744622540654819,0.37720389358508283
1993-03-01,0.5101753515621512,0.8389452447124698,0.03271710478788019,0.015807462143812855,-0.01958027473533928,-0.37747959268465764,-0.28630569506801884,-0.3131422981085463,-0.29965473808378434,0.29673306794860693,1.0796967232250407,-0.12867385329865294,-0.312720662795806,-0.19022489952900865,-0.44408936114964886,-0.24256569389334665,-0.2184818146341195,-0.26485773610662133,0.5949491993088706,1.5208326801991094,0.5782961848007685,0.3079239114400351,0.12435212727426853,0.15490552275202427,0.7695618663266011,0.373999631710652,0.17746827332911194
1993-04-01,-0.26894905851243184,-0.3071150204457932,-0.48736074768609616,-0.16439215416087682,-0.34677761985477934,-0.4341089140329286,-0.43047604140857526,0.06282705280545621,-0.5958652333982059,0.30941518825863323,0.8182998338095497,-0.22106274526684988,-0.3266988483681865,-0.0942184915064163,-0.43786440877260757,-0.3186460745494627,-0.41534681497626225,-0.25055008394401257,0.1360840988480446,0.9551866770713957,-0.23213801225377265,-0.28234072391874715,-0.43141445594442274,-0.4583155038898805,-0.6039568618416722,-0.43257095438638177,-0.5885127455277263
1993-05-01,0.0730309907121865,-0.11868972345962858,-0.5354144474977124,-0.1415226355914835,-0.3400026413527182,-0.32469495863851366,-0.29259086465412176,-0.17400812084336353,-0.34996974489784144,0.12745914109912196,0.4212787306772965,-0.3619917943333539,-0.4087658546146357,-0.24533061439773238,-0.5729334045257813,-0.03962816518010196,-0.37202073513621714,-0.391736565913823,0.21107762013803505,0.6900757806026176,-0.2963619219963317,-0.1499381229168583,-0.4547126604475714,-0.2789693703914337,-0.5666258896775787,-0.30498919353922666,-0.4797254389410556
1993-06-01,-1.3218574330323218,-1.0122142657130482,-0.7334896271907236,-0.9124865476914752,-1.0679153328500859,-1.0126379943988282,-1.2119117002062456,-0.8165660476639008,-1.3182917976348898,-0.5640898697662349,-0.6161208719130535,-0.8334656172452595,-0.6608471948447077,-0.7173339899806409,-0.6937948197891705,0.0024949784921946857,-0.4522901392794844,-0.6544294364653063,-0.38427414213299216,-0.16572466860180673,-0.6548813587370667,-0.5023253842558743,-0.6881038901815034,-0.5550703201049044,-0.9158814050531956,-0.6587979858148993,-0.7176867572398767
1993-07-01,-0.27545780916102824,-0.9080775130372847,-0.17730365851378604,-0.37153082004696414,0.14467695226741956,-0.16546253598982374,-1.051623887409616,-0.5141177643212885,-0.16276721514049164,-0.8669597863810264,-0.7637909099498119,-1.0501757186615293,-0.7630645080557521,-1.1893739032161619,-0.896232233648934,-0.2399228628494508,-0.5833745166185619,-1.0871035157336553,-0.971874577030935,-1.4100350954164327,-1.005723357679787,-0.7846645892212808,-1.110811981854963,-0.7203926299453862,-0.9148621897328314,-0.8329744682663438,-0.9454407152860823
1993-08-01,0.046172104351356456,-0.4160092655402029,-0.09438342514047161,0.4401717340920687,0.05403871492066715,0.16283141207700513,-0.32509953152769794,1.1007132754361093,0.7334682753593684,-2.022554504233703,-2.0728259058294114,-1.8540746237469787,-1.7475778330080345,-1.8593173053936494,-1.803364609375461,-1.8308742125225688,-1.7531282073155994,-1.983142492560067,-1.3784204866020666,-1.8047751110309989,-1.0096470034827523,-0.8907336888203065,-1.6102385560709642,-0.9455954137165381,-0.8993464073008673,-0.7804605964291302,-1.3816314267258627
1993-09-01,0.07936892403284661,-0.39014021499515883,-0.19116083350901705,-0.09758517452757035,0.461327068383414,0.20938400025540707,-0.7040322614911454,-0.11391136022378108,0.4200348087062672,-1.028973071884992,-1.6108305077134228,-1.097420192521227,-0.9561058448790174,-0.6097535359111189,-0.7379774673647751,-1.142782363612326,-1.0658840302787076,-0.8663618424317083,-1.6946360635947286,-2.321805847327188,-1.3607019864208836,-1.284282887371568,-1.1989634340334785,-1.0931502889290317,-2.1756209888194493,-1.3286430607469095,-1.3639222731264997
1993-10-01,0.7134752294937808,0.468661784104381,0.45220069658093975,0.4211423557593514,1.0200099610248665,0.5657206760265506,0.2288842865917464,0.14800606685613252,0.9429515673924703,0.26968709654610173,-0.10362912074834263,-0.015362839620670572,-0.015343980203709692,0.5129909730385372,0.12524319201527764,-0.034143233748552854,-0.09606578777075847,0.30548002917263667,-0.26126376734784107,-0.8438375837062189,-0.3415342593480553,-0.3749085334922128,-0.024055557701945934,-0.2665265996290478,-1.131543795362018,-0.6055017070187999,-0.1742746711829808
1993-11-01,0.263311841719315,0.28618353607776786,0.8436231089442446,0.6270595534179711,0.5711890098165731,0.47297675801949657,1.4459582943532958,0.8449943304865429,0.5096325109939635,0.8731657030352187,0.8977132002965719,0.9392072950398104,0.7619496816275556,1.0743849350464099,0.8284399841127079,1.4054973691766537,0.8489555470171691,0.9545489901151413,0.6277069194389149,0.6265069532491869,0.6480307089458448,0.4262976293522982,0.7291809121004619,0.42905022489340283,0.9223923269505744,0.34042193070915394,0.5684269742439148
1993-12-01,0.17913806570618865,0.2814026769918042,0.47879537115236,0.3885092987400504,0.21830217755862652,0.33179500668337075,1.0238922681254443,0.9919830930399152,0.29115837818265244,1.1607992510471405,1.2600788113479975,1.1679209360113234,0.9359709297152048,1.1065330325097804,0.9522935175103363,1.978113360298947,1.2782469554615847,1.126929863213224,1.007349773906795,1.114476092280291,0.9338345882401807,0.7215604734591822,1.0998627336278193,0.7964307077341569,1.6069405389517353,0.9889054477559349,1.0382986919396617
1994-01-01,0.08765493603176361,0.22786611451640118,0.24157518867013297,0.5232004211946382,0.5377983282661726,0.2955335332628473,0.8338523355713696,0.49888229950296886,0.3922924512782117,0.8861566723813787,1.3274608775793788,1.0198117364952013,0.8726573626255789,0.7993684441237512,0.7623810643876067,1.8984317608226147,1.245466931103971,0.7984058372928691,1.4731348651606193,1.939887141134981,1.1565861893288882,1.057306947153182,1.305949892982862,0.9521470633878448,1.9578539986413885,1.1773428291599186,1.2881915456555464
1994-02-01,0.937813388661965,1.2552872528494137,0.1957302136069616,0.6411626310239139,0.6563979607573017,0.5288923693783344,0.011323610731907225,-0.011222685371098412,0.6466784608536621,1.1909425052079852,1.8261022343282651,0.36768327468159623,0.6472222199296039,0.7733408197334937,0.4892732048772973,0.848283922265399,0.769419960462289,0.6819676002428966,1.3317909834396113,2.2148291396602295,0.9125323144485304,0.913167065425953,0.9763463560171672,0.7515465504453261,1.826776298906436,1.003613228742787,0.8988545964096674
1994-03-01,0.5138098637485605,-0.12259272894336998,-0.36685686464733075,-0.13953683003319703,0.9742832247407857,0.013174791905510057,-0.855198664419903,-0.5577734330888345,0.5067747798406553,0.7568717298267896,1.388490477712142,-0.09134934456367072,0.19058352370585707,0.47412484142602035,-0.04389798638953903,-0.06787084706669064,0.015176521420392688,0.22562369655765482,0.7995182716372476,1.4228642975606935,0.1381417922130132,0.3121375129511747,0.47539408566842445,0.17799351795652482,0.8871717189121466,0.6097193848492438,0.39236595578956673
1994-04-01,-0.23071059658256057,-0.19272170952626091,-0.37511486391163995,-0.38677948162790843,-0.7720603132275798,-0.07297579893581355,-0.1455536958105915,-0.25201299969749497,0.016773962299800698,0.46980190498730806,0.941998079184462,-0.6360138074727261,-0.36093254142094533,0.07110520033948249,-0.3704588546110964,-0.5517453751375256,-0.4098777954030588,-0.06305415289279165,0.7008328162796914,1.3863700721175658,-0.18028278386382374,0.13077876312103628,0.3015585670563331,0.0668779140377693,-0.24679820286413076,-0.18517917196530137,0.2753125585554358
1994-05-01,-0.7629771847469513,-0.7724396115190793,-1.1049356104133374,-0.999537250240538,-0.9356056874071187,-0.6503618576317205,-0.785586498234187,-0.6874005644828428,-0.9766652297723979,-0.853765738033528,-0.7228173679000539,-1.2321039459296694,-1.0936619054396917,-0.8730934847162368,-0.9933269882670342,-0.9073814966608801,-0.8656776140880034,-0.8828061171845647,-0.0310901727538028,0.33997715625931185,-0.8115051179790579,-0.4389470961552162,-0.3882977857406015,-0.4038745768345735,-1.1498199117060857,-0.8298920578177954,-0.35169959786682814
1994-06-01,-0.6321284097775621,-0.5360017071690686,-0.6997894779849405,-0.48561927467037935,-1.1344545778097759,-0.6589176962324669,-0.9807059271694397,-0.9138962606876488,-0.9224805780861489,-0.6773143227080172,-0.29518096914928466,-1.0134940707872662,-0.7992373859445239,-0.9227276902844341,-0.8672968804836273,-0.8347045959593675,-0.9122506000230767,-0.7790741609615811,-1.167294623122599,-1.2063420963984963,-1.1294293448632728,-0.9135520125038836,-1.172859682953249,-0.81653055766558,-1.6913945681360951,-1.1762887248069565,-0.9703582279856331
1994-07-01,-0.509231887931338,-0.6288453278969556,-0.37832044564319733,-0.09778414169147236,-0.4656784321032207,-0.3008169094003029,-0.2625653382476561,-0.6713517570258396,-0.4060866929201193,-1.300970125558572,-1.2276276990078814,-1.0620160456655903,-0.7225690965662087,-1.3892196846363125,-1.2062707808442708,-1.0291618788029004,-1.357257416310338,-1.3698802194159332,-0.9131990722405298,-0.7687581882855363,-0.7737546426843304,-0.4447701934052445,-1.2748266445348542,-0.6099084283019841,-1.3841987239305988,-1.1869149423403547,-0.7822259797615075
1994-08-01,-0.23746501182313295,-0.49495651345636543,-0.3950476754496932,-0.5039219609259843,0.5518838247911518,0.03332671186486502,-0.6973054170144842,0.10991310555814293,0.1349123444579613,-1.4314434070766837,-1.2857339779091375,-0.9767949796855844,-0.6936659833758583,-1.5580938902544506,-1.1265381945989283,-0.9688607018578337,-1.390978706279242,-1.4326591136634177,-1.9084646225556665,-2.0547961421144194,-1.1549152409657302,-0.7824066517694199,-1.9386905810607493,-1.0326065797370005,-2.123493166943434,-1.7325417640581295,-1.5488622514418375
1994-09-01,-0.7830351010527736,-0.759235147784908,-0.3523640284897729,-0.41781070327071956,-0.46546456231264594,-0.21538525062883987,-0.17221321114540591,0.09209982329304653,-0.36527684610938593,-1.193404212899783,-1.160310783371868,-0.8230195204140963,-0.7590897324572596,-1.432188704273647,-0.886244327815818,-0.6218131439226988,-0.9780917942007153,-1.1261499134249657,-1.572237721705568,-1.6770093438957727,-0.8341930440075945,-0.6542520707420449,-1.7537734269866907,-0.7861724708690744,-1.302368973460606,-1.0977126123932746,-1.2192218262011958
1994-10-01,-0.20226700296400818,0.4562014465546252,0.6097154588255344,0.33048683042151644,0.22395974712157754,0.11691158790599286,0.8680738910110481,0.9408900808323666,0.15437957432770244,-0.6830962761740701,-0.04336387669209154,0.02228462071343294,-0.3295023180098945,-0.15421693300827444,-0.39253757333107225,0.28591552116744495,0.11694089949906217,-0.3775667666084073,-0.9090046159856147,-0.4912809068744236,-0.07208236711200817,-0.2554413698384989,-0.5513523219871338,-0.37954740096164974,-0.12387777197047455,-0.12931101019844154,-0.4633165550047381
1994-11-01,0.2815193827637103,0.4267551466688553,0.4772127232103812,0.4836749367711699,1.2765640712840274,0.4161648354289585,0.7057927808737513,0.6128600523011788,0.3854139770564753,-0.02127557197146851,0.4650280617421137,0.49230587075804283,0.21984026864640216,0.25759823240636637,0.15701593590557034,0.8729367152244305,0.6212744212822418,0.13159234113324422,-0.2833322609484609,0.05643397338060011,0.13979495220269206,-0.10653727857381902,-0.05339463192484897,-0.0906940646176972,0.33314954519772866,0.22444627238060696,-0.16475778272763852
1994-12-01,0.4172391811617756,0.03287579834454165,-0.10708551692012028,0.09117581158383749,0.831045427473691,0.313085974738462,0.18121206466373574,0.41948215882927153,0.4423551138031079,0.45307863606980453,0.5071354674467121,0.5531422377804932,0.4537470576525233,0.8518174445892376,0.5059464298143668,0.9242594736808034,0.8738225338431452,0.5726882344464144,0.05244283573743809,0.1373784618333572,0.27539805900022074,0.05604297945393942,0.414437179575731,0.12313073698847675,0.6732761037178386,0.607359662393614,0.15544050018180092
1995-01-01,0.68462897008502,0.7659161134586701,0.12316002976394669,-0.16979534217023678,0.5695110924883923,-0.24866578600651448,0.5196776155478392,0.2152752432839027,-0.03266317926608195,0.9254823236305247,0.5816571780074894,0.15285533693456765,0.21991504127164913,0.7770192728727069,0.45120056810425846,0.6848402735565076,0.5719232379184293,0.4219339134150879,0.5449209448517512,0.6084486255290792,0.3851704089002571,0.17577634592332322,0.7653405979111169,0.17047181341943424,0.8108173666315844,0.6547272120941581,0.22478448320225233
1995-02-01,-0.34733510860201716,-0.16269683673035945,-0.33757353270544155,-0.4765886938171609,-0.9646057522794065,-0.5975473562833216,0.21623384668411336,-0.048291096799041415,-0.7396443322812536,0.667205599086833,0.4635417292353003,-0.21711404450470917,-0.23388397367132902,0.5813907827686589,-0.013321358600231816,0.3895748081332206,0.33957738517595165,0.07344151533740007,0.6720362466593794,0.5215029798409615,-0.038086009937269814,-0.09992422828663863,0.5016100492491152,0.04226975050217435,0.4789552537890034,0.2809464931272702,0.05809719370336537
1995-03-01,0.15357643363259132,0.5161255050797382,-0.06359215691828579,-0.037185082502776204,-0.2926657883368633,-0.1998220800732548,-0.14855714691711583,-0.06805924823751883,-0.11123923182478086,0.5347826563098714,0.8912689946284085,-0.2680997475254409,-0.4353679720952293,0.12598673525555626,-0.4375465595357548,0.16580617818132914,0.0059613589563466225,-0.27629232390576014,0.6717851827291504,0.7709174413381468,-0.08755756342185149,-0.21964329087363624,0.48546591312394255,-0.12423223891827274,0.19262404655007376,0.18389199781796836,-0.026888067343411495
1995-04-01,0.27263712773305965,-0.3108199692268161,-0.4328893582749788,-0.2858466030421482,0.036499613157430846,-0.40479417934296974,-0.5298319806206385,-0.45269624899810995,-0.23503689270303973,0.1166793197597251,0.43415616019252246,-0.6545379064247726,-0.634738077437405,0.07814580836814868,-0.6907612327677606,-0.35565808409352234,-0.3721679365531558,-0.48833289210079484,0.44209281011515367,0.5379795976021614,-0.3403569728354254,-0.5299868016259135,0.1668237493951562,-0.47027790476638387,-0.1115132035190591,-0.14961322679082092,-0.37475995339514495
1995-05-01,-0.798654533750171,-1.0669912719268178,-0.6198917017581218,-0.5392385319595102,-0.9592466516535215,-0.7852295578368292,-0.5948448582377588,-0.661337084014559,-1.0686834635044287,0.001793533281441025,-0.03832712831062212,-0.8111390803461697,-0.6738494883564993,0.09349524941021756,-0.7845479826372556,-0.6996280531966634,-0.7367566567280389,-0.5826716654031503,-0.2398311284402284,-0.25589712648660506,-0.6314744928847981,-0.7067298973435755,-0.24160551994438076,-0.6216598001491628,-0.6944211429215305,-0.5114994271297675,-0.6170571602999905
1995-06-01,-0.9524766958326605,-0.6090108675044895,0.0469256806862429,-0.20935418769526884,-0.46508490062702557,-0.19846420152898542,0.017811687403703574,0.2985053929792402,-0.7630073649158827,-0.8329181844370859,-1.1149845231010254,-1.502827567733159,-1.2556967930330039,-0.7512476474433007,-1.396004812270853,-1.4457868798888427,-1.4555970618146004,-1.2919742923516493,-0.42195601842418257,-0.46157675550131705,-0.9515339098282494,-0.962545069008056,-0.3229558168053341,-0.8863371446773725,-1.275288080639022,-0.8945571435669254,-0.833040929966695
1995-07-01,-0.9090624807716576,-0.9362411402877029,-0.10869026808114264,-0.9051381623834617,0.45875937036236625,0.08007579420534969,-0.671876874832037,-0.05943501162667699,0.3556504129855444,-1.7881523833658415,-1.9784763997680348,-1.902871849000916,-1.5674359531885316,-1.8676246732573525,-1.7958651369431948,-1.77483466206171,-2.1227843013802015,-1.8368643467185228,-1.2948187976990393,-1.9395681239241371,-1.6963155324726724,-1.4798650978190246,-1.0110958829214525,-1.425209514143964,-2.049572112632677,-1.6087045469725063,-1.4729537756534146
1995-08-01,0.1522775420217082,0.5202209133296346,0.09236658112068569,0.23897341280932388,-0.07339292903173425,0.004601011773215629,-0.1271903209191248,-0.4779157208971811,0.2011406366861801,-1.1867306365294206,-0.9351162267505815,-1.0737227561434144,-0.909560105854318,-1.5424872227030995,-1.0099563311481583,-1.5095826149665612,-1.9444532516719288,-0.942698931765761,-1.3656074990540827,-1.391157256328403,-1.2996084092913809,-1.0647532968537272,-1.425761310171749,-1.0353680917143462,-1.899002790289432,-1.7061754103340854,-1.1728940592564185
1995-09-01,0.5843159506805561,-0.2623913338006555,-0.16437213507508575,-0.04377077627729316,0.5655898496793341,-0.055861945122605415,0.3260830247608088,-0.00716279220047912,0.23763367859247866,-0.14510027231118444,-0.3261456027216632,-0.36425244001211227,-0.26989744649513303,-0.21518293962927032,-0.3806261071040551,-0.42204366322534076,-0.7062150687840633,-0.1775774211628632,-0.6310616563176588,-0.821144212271999,-0.9607867018273942,-0.7529289594989889,-0.5798463875600425,-0.668006618546035,-1.1727416646583995,-1.1230567667008824,-0.5671242049345084
1995-10-01,-0.4881945402116136,-0.9790160280425748,-1.1636091100055272,-0.9782087396286568,-0.1454141544999527,-1.146534460110912,-1.134178524397395,-0.9017443734671945,-0.6839280633395296,-0.23878389799403824,-0.34651266907096523,-0.4368261105567859,-0.34683360185529094,-0.04940071544085508,-0.2978582046093177,-0.30116809661946625,-0.4182091878694778,-0.03784005643631389,-0.7615539093892421,-0.9528733916849975,-0.8539738617655603,-0.7575467351947281,-0.5720969879972037,-0.6838125401573238,-1.0166813880043537,-0.8976737411552771,-0.4660478983746673
1995-11-01,0.6889838788089503,0.998632236629808,0.5526209061277553,0.7134669685992746,0.20194491808696852,0.44696620590553643,0.06441838369127363,0.12168745904733655,0.5479534159998174,0.39088346827478615,0.2716634123786489,-0.17551872874881527,0.05660091577065851,0.1783041103966123,0.09204596548912389,-0.025717070023175692,-0.009052370260388866,0.2678577192217818,0.14701096666387364,0.3979304944381451,-0.014584018871029869,0.033662710652117615,0.04302857765785731,-0.0002727873600861817,-0.2902222176904663,-0.23634970735091004,0.12058429595895821
1995-12-01,0.17155234583191012,0.232842689419861,1.1521725941839194,1.0790019471546082,-0.2635130463118461,0.8188550055175218,1.147364121046701,0.8907700232134644,0.6689044114914376,0.2690829641762596,0.5744263094720045,0.5147431106532557,0.41005211212735765,-0.22297584063378426,0.35548524049383634,0.6056941209437725,0.5122202661082235,0.3961581293571007,0.35746173852527563,0.6054467359169831,0.6284219467696396,0.4623958382261089,0.11248391373078524,0.33734208204955135,0.913670417301179,0.6327714066457197,0.3898582260246489
1996-01-01,0.6311804707970223,1.242719962211342,1.3178391144179575,1.1068555508168563,0.4848122457896692,0.7638467797015379,0.934530142982698,0.7681223922636637,0.6481633882996871,1.111403490655906,2.3043552232486246,1.687333997966844,1.2922747022319763,0.430041193486376,1.0160996088088459,1.866098787546675,1.3276700735781235,0.8799136482867632,0.6329185908615419,2.003410590474659,1.3389501389230491,1.0014938580985087,0.051099934495817394,0.6315003610089466,1.1583806561738446,0.7867950722144518,0.5478251089162162
1996-02-01,0.9566954519649906,0.6756785986916757,1.4349871409061123,1.0498412329270341,0.761601840977095,0.8939214208393127,1.9698475157336013,1.4671769958039325,1.0346748681631956,1.040519135114659,2.3352183375219058,2.1637747570457315,1.5180693076112062,0.45985819849324694,1.199548264104434,2.7328314753390703,1.8011568658958281,1.0086855233205825,1.2545792297983034,2.7886371912726435,2.190018403061224,1.5110289128998353,0.5879964091659908,1.0936016183965516,2.7830866928214366,1.7639297383024513,1.028831552323017
1996-03-01,0.8060818974280106,0.6158230810518123,0.8369863096682838,0.6556551467612763,0.738950280066702,0.5670508986796687,0.89932521844471,0.7268554409735807,0.759999893211755,1.4166772007674477,2.588543536556362,2.118527344428805,1.4600268046472975,1.1099732424339537,1.2163999106048458,2.677925253897065,1.6828215856083555,1.1960581378712998,1.3432349117618037,2.8714546624231256,2.3827151375283395,1.5898273654694859,0.9152773404659358,1.2035311981990617,3.1476877274844237,1.9065924923371718,1.2196392073801998
1996-04-01,-0.27364082822858027,-0.9542792670178114,-0.6779700781199788,-0.22761669538246734,0.24476620654274872,-0.24085113391643825,-0.5319491582578153,-0.22398561810026824,-0.13617431221299664,0.7333810298451481,0.8633729393518628,0.9832640761157116,0.5739855210902968,0.8854035623103337,0.613212849490142,1.6388864415069464,1.099118678082276,0.7430234873891742,1.0954895588988038,2.441577387599855,1.7960385577606122,1.16796330248231,0.9939304888677666,0.8755663397088872,2.3931695942700295,1.4160579612661648,0.9062391748795142
1996-05-01,0.12547635673326943,0.2581781439451684,-0.32246974776348547,-0.26505770603360107,0.26175939456701697,-0.23176709765892628,-0.4311066799101114,-0.3953487453835465,0.12070712427055312,0.32803180140681587,0.361590313135603,0.012999271625824574,-0.009014452668407991,0.7039228467860018,0.10941422451793967,0.010573601390592706,0.0154707909405576,0.3255809292586518,0.7848321581681488,1.112542290239244,0.9551756790347938,0.4977300090647732,0.9595559567027062,0.4734583488583925,1.5293477770434025,0.9171516527502523,0.6948428940646131
1996-06-01,-0.07291210822855061,-0.28594754978098136,-0.18812759147490754,0.03329824748114114,-0.6201180720042396,-0.25044429992219375,-0.752814785366139,-0.9557652008556823,-0.4732802256837045,-0.31794033178024483,-1.0449257397879934,-0.9399161347084575,-0.4290306456327652,-0.1071139908397049,-0.35139128956549837,-1.5149909979997127,-0.8057803397492177,-0.4541969137815069,0.0883171033827613,-0.018210979652384267,-0.10632519698197768,-0.03620919343210303,0.3724256715935351,-0.05787324714516585,-0.15363290109984787,-0.18339793305478,0.05701004230405146
1996-07-01,-0.7138724101061581,-0.37627974326256497,-0.4868842977890929,-0.5900635924320619,-0.4358342788814472,-0.45762694096820855,-0.616314347203991,-0.14970811515806237,-0.6904186570570626,-0.43934882421574334,-0.8935357020779957,-0.8440985163701032,-0.420303805278753,-0.6892338942519988,-0.5564869899449032,-1.3819250412883313,-1.1297779555265615,-0.6666523682743845,-0.8319412257709445,-1.6657425641398012,-1.4719970626561354,-0.8734649677006264,-0.37515286752525795,-0.9405448092434702,-2.084343552266181,-1.3775609647262992,-0.8233891990726041
1996-08-01,-0.667635093129508,0.09640695050351727,-0.5296154776959285,-0.7662406289451548,-0.6532377167790032,-0.9425112871907081,-0.5443029335088823,-1.0977295956917497,-0.8724933123892565,-0.8665910471495425,-1.2433345535369318,-0.6406918958197405,-0.4112741834004831,-1.5717699627606159,-0.6185895093168017,-0.9199338966653301,-1.371613071703842,-1.1744505363472804,-0.8745070385897632,-1.6412770957857523,-1.132182391480728,-0.8786389279669621,-0.7776249333522208,-0.888447637874014,-1.5660576427319044,-1.6474257652470141,-0.9056600549469608
1996-09-01,-0.16273819258099317,-0.19355006363564092,-0.16014212560349939,-0.16355057282733093,-0.04193509743955098,-0.3516820463110843,0.004364305055742259,0.18402478606911898,-0.19504228871318932,-0.8999864848451549,-0.6917662178805793,-0.7509447547296683,-0.6619175282006674,-1.191140647281893,-0.9187581400271629,-0.7875172415194698,-0.8507909746786763,-1.115178709740678,-0.9147793666355801,-1.2961326437542238,-1.1686090190854526,-0.8828956140149585,-1.126854451556533,-1.021914795599315,-1.2697407415787207,-1.2091850503159396,-1.1153893061108386
1996-10-01,1.1311303918495983,1.0876210595143452,0.5695605012672901,0.8049028979193769,0.9167000757547705,0.7130500876169381,0.7028711786274502,0.7737275814848912,0.792906520318534,0.5884591421320055,1.1138595486018108,0.09279079007227085,0.21615538813675622,0.14897117681847818,0.032811674066000475,0.04459513817790597,0.04143248568961903,0.04767526224630434,0.18382296619024896,0.7239858817033431,-0.45947091737475987,-0.3070938660239451,-0.07577943706735647,-0.4232938393320202,-0.470842045455072,-0.48126214203247103,-0.2875182072235065
1996-11-01,-0.4404688074915548,-0.8122870114418179,-0.43758258529477634,-0.6567841510052386,0.1819575441222747,-0.6123650847276703,-0.6098116798468762,-0.11222181665842271,-0.14015108089500775,0.825499790701247,1.2984643828489284,-0.012296692708075612,0.16354409576608583,0.4837905198990211,0.088620620889426,-0.07895885238427984,0.16375648612533347,0.3666774276869275,0.5475472851617208,0.8695616812796273,-0.392999684108149,-0.15437815980982048,0.3002415784615424,-0.16425273857808184,-0.6962177279746713,-0.2658326018580123,0.09694506870659296
1996-12-01,1.0252232294522103,1.0703239377922027,0.9983638302652684,1.121412826697874,0.9537711089438875,1.2232910885069492,1.1766756475023326,1.1331007838277543,1.1589408965259793,1.5897450750886104,2.027234290594078,0.6573498234422324,0.9673996476383027,1.1276115143007233,0.969433529607479,0.712063692655584,0.788516455905975,1.1046503729069355,1.4486307513110246,2.1640865002770022,0.3839079729256499,0.6984421473015775,0.8357293670760058,0.8113238695434933,0.541951736261555,0.5370766926190756,0.7554994286130348
1997-01-01,-0.12989321520598127,-0.2561255717203854,0.2557768935106572,0.04598143556878251,0.10749656707678192,0.07508239006794575,0.4355317014896847,0.5380662846972571,0.0394245335072801,1.1224567458381904,1.1506942705833152,0.6215244309632832,0.8304455100112154,0.8316472422115172,0.8534465903241829,0.9985939921677889,0.8976565430619124,0.8375170412678389,1.5104609842432328,2.100920037968844,0.5390805885379697,0.8089100769396178,0.8560818694442496,0.9345500974856835,0.8170793828940314,0.6853860976723577,0.8389211173255373
1997-02-01,-0.3710412776518222,-0.5520830436418355,-0.36979113432391947,-0.5506183520132844,-0.3104886478639889,-0.3250088278562451,-0.08005461601101693,-0.1886934067078153,-0.4216284948115725,0.83075002274522,1.0712339243923736,0.5702105969909345,0.7253134701298546,0.5919634341707152,0.8357831813417532,1.0456926625327019,0.8814072882853492,0.6221866556842026,0.7365764138871015,0.5931768428899745,0.1853951041897138,0.34954691343915184,0.3846940948479003,0.5083084835116597,0.5563158589110199,0.5227446571595407,0.44903990729064486
1997-03-01,-0.328212799995879,-0.23859116735312563,0.05690451431248737,0.0681720371853221,-0.628185041101215,0.025630906108517974,0.252259857994114,0.005446234328889513,-0.394507043419747,-0.46919166050218547,-0.39152398097253505,-0.13499788987869304,-0.22921852935395093,-0.2582802078380387,-0.18184768054690606,0.2703560593895566,0.18907457140591966,-0.29573689286525434,0.6282790828786757,0.47327358056109864,0.2746535614710446,0.45901448750885515,0.23994339942087992,0.46534350014255127,0.7836626118731861,0.47907946930627604,0.39765838708820467
1997-04-01,-0.14335144584022363,0.023290926847094006,-0.15472195767387736,-0.18309775336834205,-0.3821933742368992,-0.22675738573573048,-0.15391682690491948,-0.1458481838995238,-0.4290011983932316,-0.4658591628984292,-0.13905560642532144,-0.3449064756869551,-0.3423421971571189,-0.4034449276775909,-0.28090976139479895,0.07420487734418435,0.02037497268548246,-0.38101817415707284,-0.40856841337977745,-0.5862417314323419,-0.3355148135974015,-0.3335912860053951,-0.41832295209670145,-0.4359311024002798,0.029552031607405483,-0.22136901081082105,-0.3977490300479348
1997-05-01,-1.056379943971377,-1.4962682108658711,-0.7924033951702609,-1.1189019969720981,-1.1701363344925448,-0.8292045625436875,-1.2642725528572365,-1.241101474798751,-1.0958483604680713,-0.4641654607731501,-0.18966121929930121,-0.35668837495454075,-0.266695229212641,-0.694555049582393,-0.29149259676610956,-0.23972380767958218,-0.33218352936983453,-0.4452811716638963,-0.9069351571927318,-1.1112204860132862,-0.6567537807721774,-0.6369308122912932,-0.9430927325199272,-0.6981277086403435,-0.4249806513650234,-0.5711920646939835,-0.7270226265332176
1997-06-01,-1.474785353296436,-1.4977244707160466,-1.3750067862579698,-1.3732763507863015,-1.3902043266944917,-1.2095487010047148,-1.5104982391768453,-1.2701546872598501,-0.768307924624934,-1.0181456949697216,-0.8106827702046261,-0.8901292297164496,-0.9394242236128648,-1.1153576316395117,-0.9284126948689045,-1.07400648219919,-0.9616568804304034,-0.9956429419767816,-1.2822938818391754,-1.4493820660495922,-0.6534067392648721,-0.6543606847417739,-1.3903122758899695,-0.7214142104290043,-0.6265696186467262,-0.9055651354824188,-0.9470451111717391
1997-07-01,0.5612351114309901,-0.15434440296336283,-0.4393622903936287,-0.5562980697053057,0.8564429251263789,-0.7098714165196307,-0.47828351607568065,0.37848920432025096,0.2901307163964843,-1.599722624080626,-1.9876152599534973,-1.3182806133231384,-1.255502546460755,-1.711086426053663,-1.3819925515673313,-1.6810190183738825,-1.7615806451767166,-1.4792606910185129,-1.882598389394919,-2.3148705914590937,-1.3114076996376691,-1.2829532556060588,-1.816841451525402,-1.3548855989000947,-1.5707333485824166,-1.5383415061958952,-1.5232033503764946
1997-08-01,0.4041942552159537,0.17179608437175933,0.5319229266033187,0.42951249551089166,0.031535992899655474,-0.013535140012271145,0.6043514035402786,0.2862882986488539,0.16460232978493336,-0.7254750581504606,-1.1016351899391812,-0.3036077315516678,-0.16233943992963631,-0.9481234448017177,-0.995745062828064,-0.5133607890012466,-0.9290971870108836,-0.6661662456183458,-1.431077437371125,-2.530594983753362,-0.8416130557729018,-0.7734901428210778,-1.5835646195761928,-1.4036089254289956,-1.0752294587533024,-1.4945931879082166,-1.1355873650263402
1997-09-01,0.6713416274641578,0.9101219945470779,0.8079969626756927,0.6959683373536617,0.6518432119824965,0.5648037283883004,0.7455478544457127,1.1099950938411614,0.504854677300733,0.10316083803407851,0.30747141895908703,0.4130297723078382,0.42499547728050413,-0.020718950638748738,-0.034049955989568975,0.2756771388889943,0.2990989361195206,0.026350438030707878,-0.4677749971508152,-0.5394240167460015,0.04126597967446963,0.022915963907553506,-0.4659676398121561,-0.495746314858742,-0.032353018622627225,-0.08721190966622677,-0.3599524100657587
1997-10-01,0.7014376695957347,1.0352045163506398,1.3579307900602589,1.3495082266375171,0.8591054700166942,1.432313595299329,1.55202459908301,1.2115634691192319,1.241709918087261,0.8132092285978887,1.1370348740773029,1.3833984006693607,1.3322759286584773,0.743472866610272,1.0680982046256973,1.4449204273376444,1.1543030319358571,1.1416416337193644,0.33537068828125055,0.644920450587486,0.997752536495732,0.9633736210237133,0.45981070626056714,0.6665638834238052,1.215808310592446,0.7375890932158927,0.7618793882808076
1997-11-01,1.0173230739921157,1.061795062789184,0.9927446237446724,0.8450988930125886,1.1757990492627128,0.8040393424258859,0.8770480637152769,0.9663078683935922,1.166628693790347,1.2496120117303546,1.7205823648817158,1.5728419618020617,1.4779616426357287,1.3176302543009237,1.417221130741327,1.7172091917787353,1.5314755815302017,1.582166994113996,1.1181394155747602,1.558151023256594,1.6461161557983948,1.4553363530604475,1.1014592146221056,1.169413861407254,1.8785191326686979,1.37954662860818,1.542391023920767
1997-12-01,0.8819010802815069,0.6109000166619002,0.2190852922660897,0.06411679713077294,1.2153326249795808,0.3439197259290171,0.40431330227071216,0.41697733404473564,0.789511263259516,1.428132946896962,1.5850144963461437,1.5001847362538847,1.3469661932487609,1.6072720588827385,1.4632467498952169,1.7599688035611734,1.3750067897614715,1.786371779920516,1.5585447842762536,2.0427313428532443,1.4971519820381436,1.270588578242807,1.7513635223208284,1.4429080331793724,1.8011465473767216,1.601663252177266,1.8428708371991516
1998-01-01,0.2162944421150877,0.29594846572444206,-0.10960763165823635,-0.41435249189484036,0.4209397040474228,-0.36595611793175464,0.3549624729039964,0.1241748110844821,-0.13792890396722113,1.106435254978289,1.14456837673811,0.6058067825914045,0.3788612878559571,1.3267984903036145,0.5701802854046361,0.8566198458414275,0.8139299886419594,0.9732336943773584,1.3346976693179617,1.5465323528816697,1.2314615315176651,1.0148587912237943,1.5468104432193466,1.1496250657876812,1.505441043323912,1.1440637302019692,1.5890889037445541
1998-02-01,0.152648820116109,0.019100982609315607,-0.30097559507650246,-0.228333331094098,0.20534507600407523,-0.24782287574880327,-0.26935273627972434,-0.2950972466168293,0.05427963417196827,0.6316143533107685,0.3640691990132176,-0.2937985172004851,-0.30360257542729613,0.821268730033663,0.07608354518870933,-0.04267177888982143,0.005286819495346849,0.3959010595218767,0.9848131857791108,0.9090908074389227,0.29964417058085696,0.0769078602213316,1.2244268091779114,0.3048807448355813,0.4405650997659648,0.5286779432110704,0.87601153062315
1998-03-01,0.2754150562841748,0.1553560979863671,0.36327149573383466,0.022722269555355352,0.17486194016230625,-0.12841054522202353,0.6576469834973776,0.4144868751370146,0.32136654145603316,0.10405498154829501,0.14476281297417187,-0.3469292292408292,-0.474770253392782,0.11151178719845176,-0.36454536764913453,0.0896608613597112,-0.04151532427553152,-0.18133320099794467,0.4935716375687284,0.2834167741790491,-0.24805614826684705,-0.3785498748177454,0.7169487436574294,-0.1377343052823738,0.024120674102916635,0.0484719661123663,0.21378227211192546
1998-04-01,-0.24867668675129914,0.09594303569129053,0.025454168343557605,-0.313447857624197,-0.34605101366763646,-0.22436139182340242,0.3050067566625139,0.12824723735368984,-0.22288481636600557,-0.023238454063500176,-0.014283168262027832,-0.42118980184929006,-0.36106760606567617,-0.06728524713635273,-0.23125843698794749,-0.1865051929392486,-0.39631262234266784,-0.08242209803765387,-0.07085150247534813,-0.0067116939031523805,-0.4043323450344512,-0.607339467293549,-0.01225498208862855,-0.39778680776631364,-0.03480938910920811,-0.2859198217834696,-0.15917907130418332
1998-05-01,-0.31222429994254597,-0.45492775561202076,-0.17910727506491814,-0.20976381878279565,-0.585171469316864,-0.5114260975562184,-0.5177265924537909,-0.8891999639068642,-0.3218636013826755,-0.3284541412727073,-0.2533110429723579,-0.40249799401907105,-0.5355044240113415,-0.4421561492130382,-0.49448244695261884,-0.2000220620826921,-0.655307594546779,-0.44349139744625843,-0.3305164223902685,-0.4262391966560827,-0.5567540626757932,-0.6665874471484831,-0.3887443431705394,-0.40287272868019575,-0.3052118578784313,-0.6120832351633924,-0.17230418503255618
1998-06-01,-0.1809996467962885,-0.6380947824566979,-0.004516770594692706,-0.09629985920743109,0.27195830336197624,-0.06528858701001379,-0.09270261756665317,0.07221668892301206,-0.17738497275901988,-1.0893519834557106,-0.7624349644205657,-0.8660906385218587,-0.9474374140910107,-1.2248144175819748,-0.9003389381930187,-0.8386472210473909,-1.2235756657716166,-0.9191996961107535,-0.8612148245928141,-0.9014775257692279,-0.7911260575419727,-0.9999318406098675,-0.9309928135063805,-0.7814970629182827,-0.458998242946677,-0.9329427776567508,-0.7076700142056226
1998-07-01,0.08035868452827986,-0.1651476185858031,0.3853000310933815,0.36935343399109655,0.4311569089931472,0.7750691129284873,0.5156913555507058,0.47761893153280166,0.5232076710885962,-1.6926838000144897,-1.6856316213353366,-1.5993535511801034,-1.5566152583179649,-1.7898390812193952,-1.711224319927642,-1.866746232333773,-2.0796556124797445,-1.6493171445978512,-1.5182371802868382,-1.5196790069392954,-1.2943063149276288,-1.342802732244532,-1.6489866733894403,-1.1587660941292512,-1.1475736952817104,-1.5012133974215889,-1.1816685296627538
1998-08-01,-0.16891285233068468,-0.5437092092875038,-0.23209308126699718,-0.01565798744452111,-0.42914525978978735,-0.22271149329416962,0.2347043205241542,0.1524524228051216,-0.20425521043952968,-1.4538432233379344,-1.6724470030522798,-1.6630042193266568,-1.2408854060555037,-1.6328687787170428,-1.7011146862701347,-1.6570191446069522,-1.6759118274112657,-1.8541460325594508,-1.3585718507643085,-2.03924415339291,-1.398744768626451,-1.069864040330474,-1.9688293363861435,-1.505945848482253,-1.4190078939507167,-1.9654023543947694,-1.8785728839900566
1998-09-01,0.3713144085160497,0.13815712039516972,0.2117900628395936,0.3188097607347683,0.5290052720153237,0.40220121869729464,0.4355925343267114,0.30175203960672253,0.26268793137959834,-0.4314616572936307,-0.4718435418726347,-0.631125983975971,-0.29796368295260756,-0.5773794647132726,-0.49313318363174213,-0.5345667236628023,-0.574340710018067,-0.8136901045168548,-0.9352234922115197,-1.3265380766839046,-0.9670707238257839,-0.7191258368797633,-1.078851282553666,-0.9316880200519663,-0.8890183999197084,-1.0109747590529437,-1.3761128959415843
1998-10-01,0.6331440989252115,0.4966164065817253,0.32726486791074355,0.29112687149671496,0.9588744775886552,0.6658722399237844,0.025652017843470775,0.2290090798154126,0.7059427664614082,0.3927770131866559,0.21626623488334287,0.06835026597428212,0.32817734972283913,0.4604591161184338,0.2378595538549913,-0.03755845388684446,0.01836968152487726,0.13870981533348878,-0.0861162241592413,-0.2546364981161748,-0.32147334127582905,-0.13393137273488173,-0.031482705185605656,-0.161246003066485,-0.4101343814388661,-0.4384405733963658,-0.3726302101905356
1998-11-01,0.49674694001029995,0.8044991467533354,0.2820114694764019,0.2824162822917885,0.6262284974741005,0.37575855205963127,0.27854774911027697,0.4247966978275101,0.40080061129287065,0.726368988734446,0.9334740617804601,0.4492890333781939,0.5265620232917199,0.8621017674786279,0.598169268859027,0.34717190208887266,0.44473501049369746,0.5606036210152395,0.47385602173646063,0.7196023641554912,0.1005143496434373,0.26758532496907883,0.513755764323991,0.2666252669836099,-0.03773730716500391,-0.004202704122989853,0.19459970790692788
1998-12-01,0.6054427026894633,0.4963738531471133,0.22594947732258136,0.16850161862111118,0.6834440655815358,0.42785969970491095,0.3363069915193535,0.4991294682560281,0.5142419326518998,0.8440239219555518,1.1062526936477721,0.40498310689149386,0.4327756339285468,0.9959889831190434,0.556218118308354,0.279288715612216,0.46708084520146337,0.7123729336446302,0.8011533336713149,1.1088013695357384,0.35412807841770544,0.3703925921152958,0.9748526758948485,0.5177758770316749,0.17190219550807667,0.3227949388583616,0.5688058213444799
1999-01-01,0.8272208530293096,0.7842075881233019,0.34476577839624967,0.5685829989423862,0.4935093824557567,0.5666585567732783,0.34967802409113313,0.4848967598779523,0.5146098897250586,0.9246670187102223,1.4208414670112006,0.4392736337954906,0.528029991284862,0.75533746133558,0.595742552333548,0.4089471539098632,0.6504119936958214,0.6737686162251288,0.996354699767624,1.5520593212106346,0.4024257213625968,0.46010587393833663,0.97175596542102,0.5239719276927028,0.1338272168101044,0.354581379692334,0.7090206674521363
1999-02-01,0.007912983141139815,-0.1767502452126045,-0.23392743081814465,-0.25292765500192205,0.05191018007363278,-0.015787224895679394,-0.1676382959997063,0.28725430356848075,0.08981938815214235,0.7380150413180965,1.00259877529489,0.21377262485834192,0.2927219709503955,0.604007000011489,0.473910332349582,0.21148747162703513,0.5453955944562923,0.5695963646057699,0.7173352613893028,1.274961981038834,0.21579979635623212,0.22740974113636162,0.6272073934857112,0.3155234687818141,0.12567574235887435,0.355509113391183,0.4343774744318947
1999-03-01,-0.06212848979004388,0.12799810257757316,0.17497473373476907,0.02862770163630705,-0.1831468090555904,-0.24412006517329865,-0.0699837729707526,-0.038910127983884234,-0.36495949009230244,0.5022471065942172,0.7488980076604373,0.07669475375686163,0.16169401059270902,0.15074030495196422,0.2751681751872658,0.0128896592827332,0.3449312818015931,0.3069250161052615,0.5124917093431672,0.8732718626906047,0.07513123254409097,0.09306327315643519,0.4000586897556849,0.17061381893755806,-0.11987370658673976,0.1719995946273466,0.29658063186443423
1999-04-01,-0.3848497487443346,-0.04889360681850066,-0.5886251991285338,-0.29800269061027373,-0.5963625694779843,-0.44445007460853747,-0.5988693296546665,-0.8178775863725931,-0.42096533033297157,-0.08496976951224651,-0.09527670381632401,-0.42968788162352983,-0.4126601149541489,-0.20433462457843143,-0.251663225497544,-0.6256906205258956,-0.2623321605103381,-0.1348594860157992,0.20077555530037916,0.5093477006495102,-0.18004068367754356,-0.10736118663872984,-0.010240366330984631,-0.03237491572821608,-0.4671179693264972,-0.1656545867788137,0.06323552878873615
1999-05-01,-1.3042989590169853,-1.0456595558018555,-1.0496202554882703,-1.052541234864624,-1.3295387099816318,-0.9802092064732864,-0.6820724639917309,0.04546070200475284,-1.1515758375701446,-0.4892024777292682,-0.44098995670984,-0.7422084929402827,-0.6877022346874403,-0.7549673449632587,-0.6828082058544965,-1.0649453430656757,-0.8763058002973567,-0.7116803149843655,-0.47954557221816385,-0.5578051317245948,-0.5940122172651433,-0.6391265288963409,-0.600801733555384,-0.5186626093985451,-0.8174152963202843,-0.5416341127687796,-0.38468523357418577
1999-06-01,-0.3706732197103724,-0.8639603811156921,0.23753206698031318,-0.721783779682199,0.4422056369628716,-0.4163444104273324,0.7186484181266639,0.947397898644286,-0.815506500022281,-1.1254151843795488,-1.2657262623720449,-1.6042904211740332,-1.3176800931008417,-1.3423082173242629,-1.218355252807594,-1.880504547386004,-1.920749805738471,-1.2436655448090932,-0.9552638382023819,-0.8238691303205777,-0.7801487486560283,-0.7596031822688839,-1.1735985743501585,-0.8068264615499722,-0.9532983751721082,-0.9299410667722625,-0.7858023984338791
1999-07-01,-0.7818595153247246,-0.9321594268025288,-0.8798895886056713,-0.9086911522744038,-0.755758791223874,-0.7226548616358873,-0.8591979620603448,-0.7549949836409766,-0.565611743306639,-1.4182004952379614,-1.5485077673950827,-1.7269049202817424,-1.666795819320732,-1.677035898056044,-1.9881461016000939,-1.6170349339924253,-2.0587756971403355,-1.8272353682935556,-1.226153681087416,-1.5540887600378408,-1.2853805883294236,-1.20369984562913,-1.3408728710058728,-1.0757425110145638,-1.364662343761409,-1.4820636405765666,-1.0147724895588026
1999-08-01,-0.49614305003941744,-0.37684523838657796,-0.24792766367020952,-0.13914328081008173,-0.5089678812335277,-0.3154633608951479,0.10008829120868161,-0.3521670257052162,-0.2115051397441676,-1.3468379948262343,-1.2152806470603417,-1.0794941988222015,-1.0821365137388146,-1.4260783493661904,-1.56225727151888,-1.0468617700961562,-1.1168928123106157,-1.3362521545057662,-1.6328394478951342,-1.8082079329712255,-1.2206837478089256,-1.2045772395413348,-1.5706654045081632,-1.3908714542216045,-1.0916645700463503,-1.2060930196604978,-1.1479086490662478
1999-09-01,-0.21968505540691244,0.15095017422156706,0.5629671967053785,0.5739600220434885,-0.15241523910501378,0.4651555548342343,1.0778770783034324,0.5883253648151807,-0.1342973919477893,-0.8456723195409023,-0.5664124477353338,-0.5037759736580323,-0.40664688442993707,-0.9122915920862714,-0.9221751529644623,-0.11074755887486801,-0.5118471459092605,-0.73913735782806,-1.2327287843296508,-0.9664270467094424,-0.4587366440828901,-0.5823280759639785,-1.3133846123631734,-0.9611229802546545,-0.11599004771681644,-0.37800035322074255,-0.8604232694829324
1999-10-01,-0.22226131733760643,-0.4255680941525596,-0.588747658888422,-0.49504830239878617,-0.17378731924219346,-0.1705524470047458,-0.7401402395635751,-0.11038544743517603,-0.18188652117857448,-0.770630460054522,-0.2770988317305886,-0.12824296041843947,-0.19566402307404565,-0.618482752201924,-0.47303114551431824,0.12814201504080971,-0.08437926153184017,-0.4114584581188436,-0.9139479964442183,-0.8359610071691096,-0.6349342052356594,-0.6220126199165203,-0.9064709194043881,-0.8439729681548035,-0.3999368247784141,-0.4589656714156184,-0.5868211021645956
1999-11-01,0.9549510201172332,0.9087942647499814,0.8996427303660268,0.7507576795298917,1.1514130842720778,0.9241617717649829,0.8570630553890656,1.043885889014834,0.786624936550791,0.3403364387696412,0.8614010883241943,1.1796419412376824,0.9764435228321148,0.5186674425551024,0.6967787940809194,1.6999987111368304,1.320589765992468,0.37305217259890167,0.11069140895720452,0.3837599459644439,0.7359816312828421,0.523136760809356,0.22720350991117227,0.296722871740419,1.1147077226781017,0.7397591283038861,0.1922714754427235
1999-12-01,0.5792610553156794,0.8512003002159888,1.5377646845247412,0.43180716923968726,0.7020746501108485,0.742957691482692,0.6208259270632567,1.4207955869492161,0.6281041071983386,0.733935478651077,1.1592748907264867,1.3800035180963048,1.110058288863868,0.8255191990677347,0.9357265919334399,1.6795792267082053,1.5376736931718153,0.6512278172853896,0.6565191802253476,0.9754788624953075,1.4360262440336253,1.0223426611989368,0.7549083736786405,0.768893351925824,1.9330410612767275,1.5874831331947636,0.4800285688837081
2000-01-01,0.04215059505373536,1.108440432221191,1.1539429559402516,0.8676057843009952,0.023718661870586362,0.5142211980928297,1.4574367328095459,1.0997019865551518,0.18828374885158197,0.974180840390855,1.8974702107516501,1.8562656329036136,1.552126073015311,1.0016968622553308,1.2390638458404657,2.2099628752974265,1.8769101769248875,0.8927791154811391,0.6947178423264748,1.7250637041311871,1.9030062287250127,1.3231787583347143,0.7087407031427824,0.9344833665924129,2.3459603469051147,1.8758070952974992,0.613610388376774
2000-02-01,0.33654204206492055,-0.06919873447925898,-0.5140998189973739,-0.42126259597222243,-0.1099952774732722,-0.4236690521722284,-0.30780034130145867,-0.34619215581002805,-0.5620523944496889,0.49459170909403,1.2545816544821669,0.9622745958084421,0.6143219432047089,0.3310908590833756,0.47143629586768654,1.0410870610697927,0.9589510931272727,0.28989428831295916,0.8727121723275031,1.849177926481283,1.7207963374233985,1.1071530181532983,0.755194764138985,0.8364417784253636,2.0318979283475564,1.6033761949208432,0.5484431151915242
2000-03-01,-0.4844252352393971,-0.9198023798228938,-0.719821861859748,-0.6773079115338818,-0.5619095266929056,-0.7509880450138682,-1.0482364509368798,-0.735171572376719,-0.7209809605307733,0.04706965452733211,0.9578950206558389,0.22422353046171595,0.059323081961246825,-0.32203507843859713,-0.15970862281601594,0.31163526786422585,-0.013242616221265642,-0.22558239652956807,0.3019586575014852,1.0827334783932838,0.7018876219280075,0.20361260399549025,0.10166714314337368,0.07866111177602203,0.7863213976647163,0.6375832338467499,0.011783285317901949
2000-04-01,0.24997815770025508,0.4872126903859979,-0.04764889692388294,-0.11879717240922677,-0.29995229575677246,-0.2135853744152259,-0.12475847348321972,0.2280364497092415,-0.14235186565594912,0.10691779915801648,0.17133971540170775,-0.8661049758101499,-0.6717568496461169,-0.3925687771753743,-0.5539920714281477,-0.9874080317882808,-0.732534051113735,-0.5775707269715524,0.13481526533594274,0.9120834030121205,0.01740298074080004,-0.27547426303219824,-0.2623355732591348,-0.40073682280465556,0.1128600642626495,-0.10199874883915992,-0.3395931999977222
2000-05-01,-0.07826389686176424,-0.489684049842145,-0.3346976635962717,-0.1615656672718608,-0.5727844842974352,-0.46968357620060885,-0.5269546173360372,-0.5411726073780417,-0.6763968476211685,-0.25015438352998615,-0.06436331269175789,-0.8104086630591845,-0.32371165668877677,-0.7336354137210965,-0.43176695181118757,-0.9665475976602892,-0.6616144458510284,-0.6331346873779716,-0.1352616159550362,-0.18843492725783906,-0.9936791100666813,-0.8423494748851368,-0.53764389847699,-0.8360330699343695,-1.0284442438737948,-0.8813080092558282,-0.764470084250896
2000-06-01,-0.7463885866975621,-1.336020511675331,-0.8616445388926829,-1.019492600912373,-1.0459553458491886,-0.7548040768112831,-1.1641375557356832,-0.7548406710916777,-0.9328355774542717,-0.28808982886614337,0.04728870466223272,-0.5833906859294234,-0.4609864181009314,-0.903565541274606,-0.6071035462181193,-0.6806890325309656,-0.6548686205823987,-0.7937798740285488,-0.518613429535477,-0.6327183961073216,-1.215590268266533,-0.93175353210801,-0.9193837076954926,-0.9856534456108272,-1.364731035431657,-1.0207604008775226,-0.9680338806297448
2000-07-01,-0.6367500497591786,-0.24878528418138665,0.33105866670529793,0.07491270630275114,0.4778441198401275,0.24973493807171868,0.033445128026662434,0.35057247668422,0.3378646040786985,-1.1285353096018718,-1.2572613265346126,-1.2906145490588314,-1.0011422367935021,-1.575921810938084,-1.2480492972175161,-1.3121186365856266,-1.2893306909268991,-1.5770075467830127,-0.5921393886433665,-0.5847689469971673,-1.0453430888123496,-0.953783252476553,-1.0839570356399693,-1.070506318962466,-1.05858349628795,-1.0175447294305515,-1.0900699020758537
2000-08-01,0.2760309116497344,0.5041248471847,-0.3834099820540481,0.4264279124358137,0.37682698512086166,0.29673786154908094,-0.3481991987951152,0.08304299545903056,-0.2822731238357543,-1.9222477731861938,-1.9861044085990132,-1.6438332872078605,-1.786173425023895,-1.8293311607362672,-1.5892448161663966,-1.6151755448600476,-1.720033909888626,-1.6059445358441542,-1.4916389566257127,-1.8999375310494033,-1.9268647806760124,-1.7749523813266497,-1.906553632012366,-1.8629242127755616,-2.027291116189543,-1.9519614541117167,-1.817944319685358
2000-09-01,0.12801412463617443,0.2597180190517563,0.0154508486087897,0.1420404355717949,0.3274040534257542,0.02173927508853814,0.2655402333719123,-0.3920820706210301,-0.0521265798870365,-0.9437013101798629,-0.7494988564716046,-1.03460748989842,-1.1433177185205883,-0.6640431661439583,-0.9897373339403251,-0.7327451154613895,-1.3115450308329797,-0.8818684826020636,-1.1291306518860962,-1.2080984374126755,-1.4620667245926748,-1.7149310175428927,-0.9523359001169283,-1.5027464451746637,-1.3301355927665426,-1.7512914962162172,-1.3564023613122331
2000-10-01,0.40723586505094433,0.6398579413972718,0.6150167168685666,0.8588261483147644,0.3035995824038435,0.5972254820833943,0.5622761545374566,0.13537575847004338,0.4827841023557435,-0.08602339483602843,0.10049484375729618,-0.05072060144395962,0.03360737982399438,-0.015859842579409415,0.025689880088466892,0.08049795842868904,-0.41121404156131897,0.06718239895404683,-0.5691252033830468,-0.407210116011448,-0.6205061570370365,-0.5464673673146841,-0.5630668953232792,-0.5115223528980488,-0.555092578091196,-0.9523484384737952,-0.4166814340129819
2000-11-01,0.3036950191898966,-0.02461545978973193,0.02619560450981164,0.3888836256730936,0.3569586895204537,0.4364818656588259,-0.16969328316790852,0.11605272167403374,0.5299411766728704,0.4468338169612328,0.5754247014742607,0.310312638013802,0.41219872607593044,0.4730162439144436,0.48332826405808643,0.28607914746898566,0.12886060351731976,0.5253374973932902,0.018311608064023755,0.06171752546566078,-0.13708175199618122,-0.08959942804883324,0.08730229785450365,0.03522057812829752,-0.09556462328856782,-0.3148179936486517,0.17125290170867027
2000-12-01,0.5835627710666552,0.22539984563919568,0.589855661307742,0.738276678930307,0.7886364210372351,0.9328222035609531,1.0352307335967579,0.8331858594321875,1.149928291927798,0.6720224693295858,0.47319510981004537,0.6148054447242182,0.7567851239434511,0.7962728182369851,0.9102692955570278,0.5950520183757724,0.6148040494047149,1.136510758539531,0.5758513941502951,0.46646780630705076,0.44659621886504713,0.5222274299789682,0.7710052732515953,0.6734168704948036,0.5501192762575026,0.30901356693895565,0.9224431184564285
2001-01-01,1.0479878262086986,1.0535322323730618,1.033847011515114,0.8564591182784409,1.0684688166580116,1.011012499238304,1.0281154971334456,0.9420088677506999,1.0997694713752673,1.0566442686138031,0.7470518773476146,0.7870391924046526,0.7933870889172225,1.1830767539763072,1.1360327414515516,0.7785851907978993,0.864921022529547,1.3602211442498926,1.0234006741743955,0.8154162736029305,0.8556849772547498,0.8753214012868569,1.0904671178376852,1.1057599648248033,0.813058068591964,0.7660739615645712,1.412252027341347
2001-02-01,0.6851493206859371,0.4282669618617353,0.008912062940953737,0.24452646550428342,0.6092179143865205,0.17524683630489973,-0.05478707483480371,-0.0537648249023139,0.09363754921503499,1.1753783979954744,0.8355721952172442,0.7292533975598321,0.7371642778431956,1.1682033091425839,1.0351679972651502,0.7389144026502611,0.8557204033081243,1.2115321092750926,1.1250947477921946,0.7644251569207893,0.594164064538537,0.5874803957353791,1.2394679164405746,0.9151125332379989,0.5536563531808765,0.6841997093375708,1.1858207789318655
2001-03-01,-0.41022294025431305,-0.5186865678412355,-0.7809249205974765,-0.6802061577025444,-0.8571175170647947,-0.5481153632520719,-0.7512617846980144,-0.6800698619242954,-0.45569771285944766,0.7926311567091076,0.5898261485881013,0.26776603952011707,0.27009631154836766,0.7390942437859521,0.5349000849572554,0.0716199984959854,0.4183904393172333,0.5707846918167212,0.9132539806358909,0.6225517800414418,0.48824366351721654,0.5049420293641784,0.9351246227339032,0.7646793643153326,0.4844600952305142,0.512209033690436,0.978934784499585
2001-04-01,0.4385410237252719,0.08662487029611891,-0.6073736785358391,-0.4595148909504094,-0.21890489037126498,-0.3597462294446908,-0.49906191398801397,-0.2502874385989387,-0.09387239973591616,0.3590463089261154,0.07961272952401699,-0.6522120959487774,-0.3792065459583066,0.21466150628586142,-0.04633140438588004,-0.732771825451412,-0.19617816160373777,-0.04674080766856411,0.7374082859004697,0.5515450001122003,0.07550042388495994,0.14163334570578628,0.5704569940276862,0.3725917664449381,-0.059404168621416724,0.2039826169954559,0.41059059237707163
2001-05-01,-0.16589918506159163,0.19306915296943103,-0.44939766227477695,-0.46435760373076396,0.05028691738972933,-0.48047415184969167,-0.554864280274207,-0.24387767689309914,-0.4411072627344118,-0.18771200259199017,-0.034223403390529025,-0.7526826098392296,-0.7602508106451198,-0.15090694797300858,-0.3330190609499047,-0.7567585094825823,-0.27047625174369083,-0.2917238980636224,0.07849212179607691,-0.06807968537491488,-0.5635204665232348,-0.45309260149325636,-0.06770145711035208,-0.27542548744159884,-0.649888843431293,-0.19277369417250156,-0.33728259679310324
2001-06-01,-0.9135987657968421,-0.47472114295415613,-0.6024068976149558,-0.4206142523046147,-0.6693297843982726,-0.9449455389250252,-0.2985508762947459,-0.37659444742999526,-0.9404809113276293,-0.3715811577241863,0.019098315505942463,-0.9945041165975124,-1.109643684090633,-0.20668416924012778,-0.6455561365605841,-0.9815251220688386,-0.574846663270038,-0.6262995621895063,-0.6183801663909434,-0.2892705201333238,-0.881838644182771,-0.9358553832130349,-0.8150977475163573,-0.7817049360887521,-0.9681911911015397,-0.49072134316053695,-0.7960246268337224
2001-07-01,-0.006239892874729864,-0.25296581100839827,0.59770655088418,0.5984673801999923,-0.03484291527765197,0.4858989541862496,0.7492205552654801,0.8009937556413468,0.24813097998588574,-1.446506870807848,-0.5812220242150167,-1.292290878525213,-1.5705396829253888,-0.8015278368540899,-1.3580405311281947,-1.2760612640748055,-1.1449246979345475,-1.4320185570308537,-0.7854754089968407,-0.5581335127815322,-1.1465030474512872,-1.2388919572661055,-0.8891717626449871,-0.9892518817838225,-1.2010745811165024,-0.6751566814377129,-1.031889219127188
2001-08-01,-0.6761603884578402,-0.7364069092312888,-0.5007865924073248,-0.6789329819409123,-0.11470308796415216,-0.3168236483876969,-0.3105061646527625,-0.5945230221358254,-0.6156542474729068,-1.9867410507675287,-1.1977300375443523,-1.4669841764783025,-1.7649177477719917,-1.731113868811585,-1.9464853708477539,-1.2597203304154754,-1.5110814816000833,-1.8950242798687122,-1.55267077557843,-0.8506824111671744,-0.963803062934729,-1.2277201488703169,-1.477326727834849,-1.4472014008692025,-0.9222428235922356,-0.787198561464431,-1.5298613597358202
2001-09-01,-0.728210548836569,-0.4831764324825712,-0.46884467884917014,-0.7380914584818967,-0.32706223512569793,-0.742135932648595,-0.48959939520484497,-0.9180209213139612,-0.6318938758380827,-1.6041654514178494,-1.460625078879207,-1.4157003746989676,-1.6847960687624406,-1.2105698037250536,-1.6480684118328497,-1.2773181533121751,-1.4127371176818893,-1.4696030987162607,-1.8834132472925549,-1.2410661443478064,-1.2355873830746962,-1.5757564400571806,-1.9973199279389584,-1.8505653888077174,-1.2253315474619835,-1.1908577570336403,-1.9453661162667535
2001-10-01,-0.7344233539069505,-0.8139880331671778,-0.4423414737123664,-0.5967209401877548,-0.23880415370543626,-0.02989494262688727,-0.8469565047521852,-0.4561555092103136,-0.4847937478803971,-1.4347612860739207,-1.0322305326925498,-1.2770055840318655,-1.4685793734965167,-1.233575732774936,-1.5922664459018188,-1.2049740567447824,-1.3705173722236832,-1.44226765830879,-1.6479697656928398,-1.336880179803671,-1.1019673318894403,-1.2953294303228104,-1.7544189917028266,-1.6659342126543788,-1.0961116050691253,-1.0731336662190498,-1.6047867916318952
2001-11-01,0.46345760676007697,0.6055931705097234,-0.07890071334355947,0.05053715374251236,0.4110239341871528,0.2980904758845041,0.14529208030558097,-0.08802077893551918,0.5494934661302396,-0.3296178152382362,-0.28465187608836645,-0.9652363735901156,-0.947463669355004,-0.2267671364323342,-0.6486435531489438,-0.84949130537251,-0.944357238451525,-0.4120853782190351,-0.5886469959342611,-0.5091101024908987,-0.5616204303347309,-0.6208254560715366,-0.5579727099197047,-0.7117296393364217,-0.4712885145558582,-0.5911775198199846,-0.5939638842749723
2001-12-01,0.6603607903546908,1.0742508611002817,0.25613866605729224,0.22256085493487437,0.3954131773633588,0.31075678649307115,0.4720642665581948,0.11718845378051061,0.4425273328922443,0.36033449677933765,0.696575458697885,-0.3200708928355156,-0.36366160800134867,0.2725580529047358,-0.09870182272395699,0.021050343168758,-0.4235217391777073,0.09341182141421957,-0.061541679951488945,0.2302784838282508,-0.33568318365096295,-0.34426922724096365,-0.08199251568695129,-0.2300969249172153,-0.24024582133424385,-0.3441399907359498,-0.10372900175958887
2002-01-01,0.11544769161155626,0.15799101988715405,0.26317891802353616,0.011016874856189487,0.02987828563081741,0.1254400389490361,0.20957907981506296,0.14403245138729212,0.23317979513252943,0.6518333161538015,0.7950143813355962,0.1791705907668203,0.001936968411521258,0.46652677471727577,0.3030816650642729,0.4171677953694945,0.1555712185746242,0.5124808717996646,0.21684384517745856,0.41977909690541776,-0.0988835498686327,-0.14716429131208733,0.10855053286539838,0.04902507398964055,0.034520276702956626,0.008395753165631625,0.21034750941803793
2002-02-01,-0.3650013398967741,-0.42741468718362624,-0.03255952634832459,-0.1996925904023615,-0.40153735015399783,-0.351263190462455,0.0365867917608797,-0.2826151313608698,-0.3021275170705904,0.19482611594269134,0.3724392139447433,0.15947537712630888,-0.1510433742398639,-0.011615868879592138,-0.002250597725011791,0.38862644434944926,0.10510994680225849,0.09890866319792653,0.376854634390845,0.6113908408610422,0.1060189787761562,0.008827342552675959,0.29199527727687696,0.1673447497121517,0.2989030308585105,0.10375659591975929,0.32315812579635034
2002-03-01,-0.33291251453551324,-0.12384274025696762,-0.2762294690766761,-0.12006851395758857,-1.0341428582275827,-0.34718594764793287,-0.1718044794555475,-0.8341618062501615,-0.49249009738219446,-0.24276893634140712,-0.3373102954378842,-0.1330311425038788,-0.26688722748682053,-0.6800219863295498,-0.24244711980043582,-0.0169287149242879,-0.17866620870382455,-0.27693331369568774,0.06570879615639462,0.35730130522930276,0.01529311465525675,-0.07570426700872081,-0.11532025649764477,-0.06827992300342577,0.1999410541037223,-0.09507884941133805,-0.08031980544112417
2002-04-01,0.13729421458758415,0.4887935568942992,0.17659224943561244,0.16358152781221094,-0.21687489160588921,-0.12371101766423055,-0.2953942303439675,-0.5996412516214861,0.09054888114155121,-0.3114044687160427,0.09135428622313703,-0.17896702046555038,-0.20331125025072863,-0.8849914843253202,-0.35040681452189326,-0.19434568115031253,-0.6334573228149055,-0.4206119227269507,-0.23958203186486,-0.06401595252978001,-0.05408396302130658,-0.123032875367967,-0.48385437730694414,-0.1571952709258503,0.0075433739418580064,-0.3037638923293249,-0.228740086850188
2002-05-01,0.14641967166858935,0.3265723460545241,-0.02073474520421775,0.1536970688460289,0.0002433441971389717,-0.28891690779807244,-0.3482303204116882,-0.6279988394192794,-0.009099162058152022,0.090991382265411,0.36226749477616277,-0.20039706642223679,-0.0038793919041556824,-0.4611257744905643,-0.327735399587637,-0.5089308688227177,-0.8236334816568849,-0.18650440130802706,-0.27637063101749365,0.16564750186650148,-0.19685170912439715,-0.088480024612273,-0.5900198064039833,-0.34808643219424157,-0.23099289754094504,-0.6196217726420805,-0.4282259640482583
2002-06-01,-0.6487199639619315,-0.9873556753975786,-0.5508677050392757,-0.7128770692510471,-0.8365073728326019,-0.40488906717781115,-0.03911491731219761,0.3617485569280004,-0.7806663213693104,-0.12892855897853087,-0.0264429112861058,-0.4728344308627925,-0.2842099764590341,-0.43917116161705894,-0.5272851891162893,-0.9506130775279181,-1.010281748854356,-0.27128916165111544,-0.500765264855691,-0.21989134373640234,-0.4779980604013013,-0.29524406159408734,-0.7695518889309292,-0.47340751801732806,-0.6536580485467538,-0.9097961773073053,-0.5871725420358969
2002-07-01,-0.5320932087906377,-0.10659707271249354,-0.6848898602495619,-0.4662861400687035,-0.9567283410668004,-0.40720739493245706,-0.8259089546703339,-0.45989517610925845,-0.7753674568115263,-0.42334183618934385,-0.47087480382618724,-0.9401959937398474,-0.6200640353638843,-0.7947460671120461,-1.004849149093167,-1.347560078778391,-1.495573188700428,-0.7429715076476754,-0.43414200226620003,-0.04819894730018872,-0.5287994257346365,-0.3236764942942838,-0.7504348646539997,-0.6005943492370069,-0.8944276878994095,-1.0459293762727968,-0.6265755192375322
2002-08-01,-0.712949124623274,-0.1645747288541608,-0.23219982030075625,-0.5111871922490056,-0.5112507951276042,-0.44555236562009565,-0.36749352405742336,-0.9969524747432228,-0.9357839127121896,-1.1107092042171796,-0.7778130510587906,-1.178097775055696,-1.139761309525842,-1.1922825929984644,-1.847464130292126,-1.4933815932390229,-1.5747157583346945,-1.6162852217854655,-0.866801468123826,-0.531277752266283,-0.8827272909248214,-0.6230837283036109,-1.039233667571214,-1.144375641900607,-1.141214327543263,-1.344020416281816,-1.2108860868558713
2002-09-01,-0.0952792993701413,0.26653516520391163,-0.36295351338309534,-0.523007321494442,-0.23008015823818984,-0.3331299410450124,0.13661350175817485,-1.0310209324824244,-0.2011890041652035,-0.7081464450964579,-0.1203733814011445,-0.6918533572035636,-0.8117014919680492,-0.8590489384278733,-1.162418440623586,-0.5871562396465051,-1.2630659575234948,-1.1624870074504692,-1.1894406733365874,-0.7756977241492723,-1.06269928449329,-1.0338964713741081,-1.1935312271518772,-1.261921174360546,-0.9257680738825601,-1.6106265803982067,-1.4059941592168046
2002-10-01,0.4535333169656945,0.22955423108854445,0.012318487598161452,0.1938799264810297,0.5800067766243998,0.23284908212245153,0.20602037439561552,0.3097845305636264,0.4333015768091046,-0.1477844704249809,-0.13388080679508577,-0.4564957090199182,-0.3767954517778005,-0.02520401453920356,-0.3355588577935343,-0.19049182425125818,-0.31773756478907744,-0.2966163433911608,-0.48824720490661483,-0.36728346364223197,-0.7097323553001884,-0.5157634438438309,-0.43128512818339465,-0.6214580728388265,-0.5992048566680152,-0.7107185784275132,-0.5993565321833717
2002-11-01,0.5982380024965606,0.5144391212561673,0.8054464655123134,0.5099104025021027,0.8747841218943754,0.52392005998649,0.8098504132341728,0.8281267289423613,0.7279435615303745,0.4425635910024444,0.33949393124132066,0.24170839691873156,0.18491517038828065,0.6549052257257131,0.34511607479743006,0.41430483293798376,0.4277370171136939,0.5098404946768982,0.004331487614666019,0.05305103731955595,-0.10099618367052886,-0.14563171932568061,0.3347702596731845,-0.11919850300085869,0.028230798085282786,0.08041472653346944,-0.007165898782046567
2002-12-01,0.8615958143355757,0.9942491700959917,0.4720238445569412,0.5753980494597964,1.0478501068334651,0.6986470060959514,0.5343904858203581,0.6826015328704533,1.0408308159118627,0.9580741495794547,0.9281515084476356,0.4198141718925569,0.5515859651911207,1.2278054721843035,0.7194721484832534,0.41743518606458596,0.8804211302127453,1.0804634095680097,0.6771210403546307,0.8256632384098745,0.08038686266788764,0.16402702572788552,0.9669184065314365,0.3537198732446688,0.2762331079788619,0.3972607329057131,0.7206012792110328
2003-01-01,0.8497885379515903,0.9052548224802696,0.5049600165023342,0.39497383191677043,0.805773286127483,0.5025024492790702,0.9392469511267415,0.8435982646179765,0.8653388823753593,1.2598466990844919,1.328850051806839,0.8355129603729692,0.7636908612293093,1.4414097821546528,0.9170898800890251,0.9394277862703464,1.1189944267789753,1.2910914645139642,1.2200764700460065,1.3220184989671084,0.5496465625167064,0.5421150902582383,1.3733366920120489,0.7657831315547678,0.7245100649021194,1.0743782913064681,1.2212447692474768
2003-02-01,0.43196126564001924,0.4582229587989001,0.5484780999895162,0.2693754556020857,0.02934755807977904,0.15615736020247126,0.5946158124751157,0.5951745030590045,0.25218598944775655,1.2057394811137445,1.3044451385479992,0.7196188702764369,0.6642376237796473,1.1871543670868108,0.8067843708567028,0.9452397119649838,1.1119941284374006,1.190583707084388,1.20447582919143,1.3976323672703335,0.7744811924450911,0.5407343050750806,1.222454274782354,0.73432509041985,1.0161455696097166,1.1735539836862874,1.1487895615964796
2003-03-01,-0.44310042153862594,-0.44345932888011996,-0.502423607187789,-0.22659204826512921,-0.5573548829737904,-0.39694587371639156,-1.0812480675384826,-0.7056328356496088,-0.3196641414787854,0.648428762754484,0.5570297865213092,0.5472696829665299,0.3589133189054968,0.5705771954427015,0.4168436446128655,0.7786769741851182,0.6884831957562121,0.6446371047348001,0.9125629620358087,1.1125520818409944,0.411210520074794,0.32300008684931264,0.8842162089856038,0.48418875399673095,0.6824015975887372,0.8423633086199016,0.8782886800612582
2003-04-01,0.7785054731225758,0.7992479905646981,0.7173621660131525,0.8407343315508062,0.3881463836396046,0.7711786302365573,0.7147425971491956,0.6989667558478738,0.7000435492185348,0.3144044292236577,0.28708444949553674,0.42512050158088316,0.3326041008067017,0.2173066399061531,0.31346156313520185,0.5900566175321437,0.44179047540777683,0.3944070402246255,0.6549239907126224,0.7048784438616847,0.5178651622347609,0.31435989361329114,0.4919755190210278,0.37770953438613347,0.7503234007418026,0.7176536173489741,0.633150123524735
2003-05-01,-0.9155914075727356,-0.48654334332448346,-1.0561032128037735,-0.6225612000445743,-1.278841511945037,-1.0693730679465376,-1.6404940870048044,-1.5366806100444212,-1.3066658343613131,-0.22316587911200017,-0.3270091454897608,-0.08963972711606749,0.008295495403079028,-0.22404616872636504,-0.13236002484927364,0.05631938492859069,-0.05765816471889357,-0.0702702551755746,-0.10072341114708529,-0.012587340778820282,-0.014444015088041658,-0.1141692127137129,-0.20378425658693464,-0.12425999587846306,0.07995424815201062,0.031977067857636196,0.002475131539169232
2003-06-01,-0.9851064678851944,-0.8355023010301494,-0.8071451441951518,-0.491161925263519,-1.311489030814446,-1.0385746080651557,-0.8268217430933827,-1.2061497152426255,-1.3243147701695235,-0.30247795801014987,-0.3112724617610905,-0.1665904464335439,-0.05670682919772558,-0.5436387963868423,-0.3182149454050914,-0.0068973623086857954,-0.27003833176191316,-0.31211437070836867,-0.5728742282893912,-0.4941684926617987,-0.21131340376209193,-0.1453646359547242,-0.812215500334622,-0.32501386962718476,-0.02157942974564181,-0.31584875937012924,-0.4281634812229315
2003-07-01,0.3027904950409379,0.5571292571730451,1.1517041847875,0.8728246324639178,0.54310467448921,0.7158205470685522,2.821636053047767,1.440944902748119,0.6141292300636018,-1.6812101259383438,-1.7461111640868623,-1.4523217209857873,-1.069750416214697,-1.8499584489296792,-1.621464871207753,-1.6586006240608118,-1.7218915175840346,-1.743483419515225,-0.907262782848042,-0.9240022653556732,-0.571324659003939,-0.44931710908770706,-1.1276073891757146,-0.5725947828451312,-0.456299228856336,-0.5809617745824632,-0.7516420760417711
2003-08-01,-0.314525747476405,-0.23179709679551944,-0.2569014717795677,-0.23707291230173036,-0.20825973548620788,-0.29171557897665973,-0.2611694252491163,-0.45214012112465063,-0.48454584333345985,-1.432173832247042,-1.5917953789336752,-1.2650719392566616,-1.043479166143964,-1.6089064863457225,-1.505011006820598,-1.4570570562576266,-1.5304518355799548,-1.6291661006445808,-1.8340661498223971,-1.8438675809029663,-1.6091129138248597,-1.421585818895927,-1.9544684177285139,-1.5536565433456098,-1.731186327958831,-1.8542076089134105,-1.9029370248750264
2003-09-01,0.4161838993836315,0.2418791782598809,0.6997376494885534,0.49996221013067527,0.5843335758712646,0.36894636645909623,1.1305862299628275,0.9408663008347323,0.601317905436414,-0.4310088292366634,-0.5246425543371556,0.11878347720928381,-0.4755416623787749,-0.18348810613777736,-0.48383255860911756,1.0340326606132364,0.26545300867107047,-0.16039478368822885,-0.7323542885883895,-0.7628428386046636,-0.08375723549185421,-0.5434356370548082,-0.5857949933207957,-0.6642081046392551,0.7079817710561505,-0.022699236309941792,-0.4450165470498855
2003-10-01,0.6721646779391409,0.6386796431709498,1.0202730007190968,1.0453161604864638,0.5372382726474183,0.7667373488037257,1.1153294195264511,0.8501366964725827,0.6699392231928524,0.5211562683814189,0.5105838414108487,0.9246874180267571,0.841760838905408,0.5040378487269666,0.4591172368459831,1.3210856790236176,0.541707322905863,0.6223146292283216,0.03349375719164235,0.010412800771131367,0.609506469026332,0.33969737015049883,-0.02923464433138495,0.031771529504179594,0.9124526217692974,0.3076574247050492,0.1514560247194265
2003-11-01,0.5870853848905985,0.7824207479073867,0.6643432801958303,0.982292539288607,0.833454927134505,1.02332054009832,0.3402816245824321,0.21497219738893053,0.7707018396357338,0.9672052088764406,1.1601124396268758,1.4695194297708933,1.4680826534023794,1.0955851555328442,1.187273264399468,1.6880274040709349,1.005667468199151,1.2447461660322383,0.4870517664448662,0.8740897663283882,1.141184438821094,0.9517638772880476,0.5744951362012959,0.6802126550512372,1.3533591491669223,0.7188609370778751,0.7273360288079718
2003-12-01,1.0197360059925644,1.88314308390835,1.4144923801569376,1.1523154045003,0.7687326901857832,0.8115734670200565,1.0088147795699582,1.0291117481614207,0.8654126556886892,1.1768334176210347,1.8687895094876446,1.5265352941093313,1.7078387350045907,1.1313122706349172,1.3955132007598876,0.9956730398917146,0.7408092742021373,1.3076567196246214,1.133525164687619,2.1290250994867796,1.8038340370407948,1.6485610734946037,1.2041390240335488,1.2571870721719056,1.598025031533262,1.0255248851514276,1.3774538169636148
2004-01-01,0.3012610165619088,0.3024891580848309,-0.34959882978926,-0.18449640330807401,0.027560060579176635,-0.06499881697658944,-0.10205679603916616,0.04525823522793221,-0.12643853243840103,0.9269397062043746,1.7141580680766737,1.0528156448807007,1.1036014386789406,0.9493034238204096,1.1217587323707396,0.7580517120578543,0.6647260431092599,1.0301660753184605,1.0468496919475365,2.1340386492249888,1.256956174614578,1.4302365328031215,0.9532169574049878,1.0756754169651388,0.4791357089965372,0.5300908938825475,1.05652330347923
2004-02-01,-0.34418597167677695,-0.8492226758423018,-1.14203716049187,-0.9328553920928412,-0.4810023887455439,-0.6873546518169671,-1.5086036540512284,-1.5048485346842277,-0.6422260829105386,0.6419832461744414,1.23333186978112,0.44393278418379956,0.36168883333183843,0.3547032974030871,0.40683420943124415,0.16422667815764141,0.09545548343654141,0.5003115748026894,0.7353318026627799,1.746245666420193,0.7543209359807048,0.6995214850078688,0.6954634636282864,0.6685418969194694,0.2183866331883082,0.36000961263400283,0.6583032027845748
2004-03-01,0.7727785842106075,0.24084116100129419,0.0467761333277178,0.4222927025736783,0.9032152802730742,0.29361719105445466,-0.5715874119099079,-0.5671018947985736,0.4766056894286641,0.3927534414168558,-0.052868585437279764,-0.5510413018200988,-0.20753003387526717,0.3487537814696792,0.15903860574132367,-0.5529732826992126,-0.38900203830589447,0.19310942607790765,0.6694488429132409,1.2131283569664224,0.28965418712866225,0.2003188721505994,0.4245691795762319,0.14433464859007347,-0.139776790320647,0.008942692933571821,0.36086092165517647
2004-04-01,0.5568818268263892,0.46966380243629813,0.31889037334477455,0.33427256762928237,0.5132782802896433,0.31583521530793973,0.5686215847669056,0.667320619459605,0.2502644028941981,0.4736765664734065,0.16500264417617333,0.07158109571805056,0.2408171369601004,0.38258665404316045,0.28701025280887627,0.18996985163135605,0.28025889342833804,0.29741838225850636,0.42397065296550096,0.14612794248916197,-0.3190021575237361,-0.19254959508889508,0.20595156706501186,0.04363340361780991,-0.0209352261752472,0.053110436304886904,0.0642307856028704
2004-05-01,-0.4797587179169241,-0.7924884041895747,-0.7076189840132312,-0.833488998242394,-0.6530791514410121,-0.9413234742328291,-1.243542507493768,-0.997337493444032,-1.0410718654689937,0.4950669026584127,0.16935921781111296,0.11990305205939181,0.21447838690234353,0.3907951793051716,0.27112029595947695,0.3233574379372881,0.3387176135307275,0.17980294871442723,0.08434521491921108,-0.2572987279490842,-0.33947111551545317,-0.26116930958568074,-0.05519221957363421,-0.14428625356664831,-0.20686509782234266,-0.12611893556925946,-0.18664277629700615
2004-06-01,-0.12170596892411618,-0.732438332212329,-0.4875573891720194,-0.4206420573413393,-0.08287568340915621,-0.8570064315227213,-0.9173775908309897,-1.1246351203276848,-0.7689127863639135,0.08957480262583156,-0.11260680112468396,-0.171982202438267,-0.10484221156563309,-0.07014717361959082,-0.24501449759498103,-0.06233225931532665,-0.0024732869990557603,-0.3110659344903097,0.25724701113198767,-0.28961074238389783,-0.4307124299729072,-0.10302470345012978,0.15355805614520537,-0.25362784110257275,-0.5221328006818923,-0.1614727135424669,-0.2263816332018312
2004-07-01,-1.1016345835178634,-0.9767495705259839,-0.6515828401556808,-0.2826236416654832,-1.301982729342038,-0.8061340785828233,-1.1050423751644745,-0.7763395196735259,-0.4447002374475407,-0.6922847029474279,-0.9299359429852072,-0.8164655753688637,-0.7489298737859194,-0.7278189377906628,-1.4811483577839197,-1.2171660109610982,-1.2304801306972615,-1.3852887277621604,-0.3802941219524468,-0.6701591317681356,-0.4759790415295643,-0.27923958596241527,-0.5742408978147857,-0.6863447220573973,-0.46388652872641667,-0.25799084115622706,-0.885504762173045
2004-08-01,0.3944593629710446,-0.5679355522434382,-0.3125439703003057,0.16592656637750464,0.01606042340376622,0.24595656854279913,0.5499330495683201,0.316581392632347,0.09018101990405349,-1.096280557033102,-1.325002352736903,-1.146983069667452,-0.8556295747628555,-1.1170832378699467,-1.7913332293040802,-1.6540962746629488,-1.7864034775364606,-1.700685540200664,-1.335921527427671,-1.6595052581030407,-1.3164214761031965,-1.0771097245801726,-1.3800886426759464,-1.9231841632246611,-1.707660505026902,-1.666750572148086,-1.9710158086019145
2004-09-01,0.051561316224894384,0.11079885922762829,0.20519059871071677,-0.0489566697768807,0.061544827570568054,0.016584905798756773,0.07805427819513021,0.0669229471384529,0.33761779570609113,-0.8959094315110152,-0.7654779729765171,-0.4687673962404168,-0.5329425808913848,-0.8369301486003874,-0.801197072660995,-0.33835572479070525,-0.47586056344598704,-0.6336233783468251,-0.8809757320071152,-1.0406689993331846,-0.8395473054050544,-0.686992882936896,-0.8444802860800487,-1.1888323203674616,-0.8567465922255837,-0.9663578501843304,-0.9666583633071049
2004-10-01,-0.1842807877868103,-0.7173387078756912,-0.4459955931108316,-0.6967056218766008,0.11633488451739449,0.06828584540823177,-0.9609765248410488,-0.25324717494187354,0.4581180049657291,-0.5620708813523457,-0.7404556047665067,-0.5024945639296318,-0.7016735304430596,-0.33212127563182803,-0.24570857145770078,-0.231834954911451,-0.03133161854257301,0.07265727847533406,-0.9596929703563415,-1.1822580658425152,-0.7493426096044051,-0.699270081964324,-0.7603275955395806,-0.5882678819116869,-0.523421861376783,-0.3262393293482375,-0.46767814319002265
2004-11-01,0.874837420471457,1.2318734354457135,1.307598086217363,1.0410573282911542,1.036607458553549,1.1640424750713432,0.719748535661289,0.8300504922809022,1.1936047196568689,0.5748572237911322,0.8109778100903596,0.7812318270606211,0.5263233126863843,0.8857213960378375,0.8019194345729949,0.7232128777531119,0.9487241192187877,1.0576293906715104,0.07945810441382567,0.3895748271178871,0.37601224212187173,0.008459410934915767,0.48314662748412107,0.4748580622528975,0.44505795957257976,0.6772349422119256,0.6296944343595328
2004-12-01,1.4155396798661368,1.7961516656283478,1.5485733812934719,1.5453641831695515,1.6632131252785167,1.5415989106573555,1.3221440714191066,1.5133594468953377,1.5761450422699967,1.2873751426434312,1.758707966328488,1.4985315420830896,1.2091149030904362,1.7713113506997484,1.4897804088462876,1.2978046466626727,1.7312005136398911,1.814315371601029,1.1131814410335776,1.8615359444010893,1.4150530691465837,0.9575450184538622,1.6720410775691914,1.3866402417871526,1.4392753252820183,1.6688982325826767,1.7579993412122095
2005-01-01,0.6436901829082652,0.511633735258517,0.2861278274097286,0.24443843334444343,0.9002995206266167,0.6172903896021529,-0.20123467294270625,0.3282144431419194,0.8588992986974292,1.4810787854071976,1.9398327747433608,1.5984513095970165,1.3651694640214342,1.7986448996924347,1.6114211565058036,1.477444703013933,1.7129247731211557,1.8216802058268355,1.2899037464242316,1.7037210754396173,1.2805928428420177,1.0021675000299064,1.7893993858528778,1.4952810874518312,1.1124748995531666,1.4368362911691555,1.8252619202147375
2005-02-01,0.07941064646809372,-0.22913552485913571,0.2672975480887453,-0.18782747656017587,0.41700468348021996,0.2835271363792833,0.6983809980035567,0.7222549417929667,0.4459240416880604,1.1278044995773855,1.2614336848258971,1.1263509087099826,0.9995157092085108,1.4762919128542042,1.2324601267039597,1.4058147856315149,1.4648597187044992,1.4734213853955096,1.4783014602542361,1.9768879257463137,1.522110394421166,1.1258940193082005,1.8853659824974767,1.566623563240662,1.6623193972022827,1.7445171372049806,1.8574652528785887
2005-03-01,-0.09818268054483698,-0.20598568642208037,-0.16232052556374213,-0.11720239748828352,0.09973433774292174,0.14626215813514795,-0.16238019735503523,-0.33094853724936385,0.2529333666529515,0.42901755447346196,0.006607345378798995,0.057668271480690224,0.07888215340320548,0.4534658945978861,0.4412004972692703,0.4811944800980567,0.49618974000732335,0.60334634033663,1.146626789784519,1.4421177964407483,0.9933158346472408,0.823450109584724,1.4516601134136327,1.1845326773709761,1.2330299386362709,1.2766206150799129,1.456537387281094
2005-04-01,0.9704203554167128,0.6970598138196141,0.651981823911663,0.5418342518604556,0.9733812963823798,0.19534664016652423,0.36462626383304875,0.07827991368693912,0.5000450305114654,0.7863302095095361,0.47716518162321714,0.4088403029298341,0.3711279703162376,0.6862001746420785,0.36188321323148076,0.6462202487986155,0.5325972213049155,0.6167581807128115,0.8279520708895693,0.34555337716041457,0.2707636687298154,0.2276004968369183,0.7630096553032122,0.37812565450311786,0.42984929623449963,0.2561383652420058,0.6955721371874293
2005-05-01,-0.5690651972018678,-0.3094198416417813,-0.0277612589255357,-0.04356668465067839,-0.6424204835956654,-0.2713714563131142,-0.07510150811541663,-0.2687572719533236,-0.5583579915549781,0.4539486983849558,0.23102809545838895,-0.018716695994147273,0.2324914572327652,0.17368149980401912,0.031231304287370237,-0.27945319178095995,-0.42364495427406934,0.06729917960303615,0.4370751252976692,0.09521058008408177,0.08980348743680151,0.07827315147819154,0.26483034375076736,0.10988538931503757,0.24616117381092784,-0.12882340751114607,0.3349571410957661
2005-06-01,-0.8911318628764658,-0.7477927464055099,-0.22071158922476714,0.10860690733412943,-0.9055772645285028,-0.22665647120052496,-0.42305053562751793,-0.8022727454472747,-0.6534210121045306,0.3351544820117544,0.0862465350499149,0.15376006478367268,0.45554599444014043,-0.015868998802858535,-0.021826349763801812,-0.21577122670329638,-0.4998425896187997,-0.1302810908445253,0.11979756495930945,-0.20638037970267145,-0.13450742238063496,0.08035375911931014,-0.36296011859473276,-0.08774812196316675,-0.43930292567904883,-0.9067796883900041,-0.1170443944672657
2005-07-01,-0.7431671612738936,-1.4584543689591118,0.07932905763544258,-0.4980949921372043,-0.2633935341202467,-0.19678890335824456,0.1388805954588852,-0.09867139900993431,0.14448840156935058,-1.0458088365568645,-1.0317367382244993,-0.734807352952289,-0.3088034911206658,-1.3362414114359646,-0.6885002479339835,-1.1202824165693075,-1.4199657376446475,-1.1294866545972007,-0.2525595394676196,-0.6841151685702411,-0.4225215825038055,-0.21907668303877958,-0.5408840386864948,-0.4918007840877933,-0.8238103685338947,-1.113456976637675,-0.5991878126539294
2005-08-01,-0.81620635432478,-1.3846573822872965,-0.9710029655414053,-0.9790244004947553,-0.3534849544032575,-1.0752140872369893,-0.9430696498248043,-0.9976976239325601,-0.5604273063949138,-0.9691838326017046,-1.3410643276474767,-0.8440113547561567,-0.48251219154378244,-0.9245088371272506,-0.8980048997884791,-1.342432563207284,-1.3617060146579854,-1.0289669899214968,-1.3887409643433979,-1.7691943224705435,-1.1592955062299017,-0.7200822472786134,-1.6468226972017732,-1.0421328713751632,-1.5522420548241982,-2.0383296724344264,-1.404755018099991
2005-09-01,-0.14006071760520036,0.4990915640195361,0.03664691303172836,0.07951563908040632,-0.532078282617842,-0.19391759870234113,0.1493034306217684,-0.17117022677886545,-0.5394109356248857,-0.7906390133683854,-0.7085213984377208,-0.8698271493305257,-0.7705849548196736,-0.9376364338300689,-1.1285225746854914,-1.1339935746342913,-1.276706357222761,-1.2385890653702045,-1.0489747636567797,-0.8614738439092743,-0.742107502549262,-0.45037409362385783,-1.432797763562809,-1.0542870457754034,-1.1921312804303563,-1.721951324815695,-1.5193003560603386
2005-10-01,0.2567133033671742,0.28571131729980276,0.4662465056719928,0.32326259326791357,0.5725682989966848,0.11647834494121226,0.7718780932700552,0.33313647728545964,-0.2522232735104889,-0.06591006100068242,0.07361082237425441,-0.08375566519161527,-0.05547174161627455,-0.09444534363143729,-0.3144772815245156,-0.20943434401708222,-0.419848869430881,-0.6741360988797747,-0.6932940616437054,-0.6548040475677089,-0.7801156332874106,-0.7313482655667365,-0.8421904251759177,-0.9711370975679501,-0.841947888947393,-1.075664286840858,-1.402338925959929
2005-11-01,0.020579782841907437,-0.9021475903541812,-0.6152929119180238,-0.7775376383612783,0.7478851114109049,0.09301819940794734,-0.45860883025563237,0.29484697401570076,0.5033879193859181,0.22964986119375222,0.2580720308597445,0.13397427126465775,0.07308695206827688,0.4739008364869005,0.1547125508057747,0.23378500780959385,0.08054417306611131,0.04536069554547555,-0.1532667788903949,-0.2137063004063657,-0.28562674059193266,-0.340961539374732,0.0071343182694780325,-0.2489489597766421,-0.29912764774211187,-0.43933641510030436,-0.36498116817186577
2005-12-01,1.0215959121498646,1.2958720281085967,1.107394767241739,1.1261445011296545,0.7828431423875497,1.1839345974562578,1.096093336135504,1.146461631153782,1.0380353802470164,1.0511208581116405,1.1396743231303925,1.2195142346006203,1.2459578221658636,1.0421620121210513,1.1232128376326893,1.525821914706468,1.0351342625183866,0.9807026331616187,0.8315220630475578,1.231063769093479,1.0540540349096736,1.0669107655216945,0.6475495797078081,0.8341334956290138,1.2835928453152712,0.6492457709388236,0.6311464688457263
2006-01-01,0.6766718958209046,0.7864411762302194,0.5547553646257561,0.3938492560519721,0.6372783815625415,0.8978542319317967,0.8981279265853752,1.3036067367145177,0.8557147675863158,1.1255897644491963,1.5053527572479182,1.4905072996371989,1.467860742079019,1.0751481179257052,1.2764588765867526,1.8812006660888614,1.4917904588183917,1.2340649730292967,1.0064507637913735,1.601341838947467,1.3440954082832917,1.2532594041455642,0.9378530246045117,1.1497919409656814,1.8168800204281177,1.3107170366138392,0.981050179468357
2006-02-01,0.2794483977228908,0.38005566423934556,0.40183316944949826,0.20355234798871258,0.16025831588725278,0.2920207991961636,0.8591073571822547,0.9241075342387906,0.4323318478342024,1.2870083249627742,1.9904650226107152,1.8692480338704747,1.7033561714002459,0.8767212967831415,1.3952551343649895,2.2586516896969844,1.7496682903325627,1.3169127207305273,1.1795672960746721,1.8196930398834346,1.5575004819477902,1.39082689580332,0.8857644851884188,1.2326927081695855,2.170829762347091,1.6521279786018968,1.1878000193594964
2006-03-01,0.06086451806821977,0.3576227713761573,-0.36883714283696034,-0.33247656976988715,-0.300191967734207,-0.4091280710963134,-0.518504748998586,-0.31554534490975883,-0.3077211149703505,0.6691368737160284,1.284451504715954,0.8978656535899198,0.6718190808269359,0.3529036712568509,0.5855403197023263,1.2753101726933311,1.0870923353412938,0.6448019189596984,1.1160401354740472,2.082957758140236,1.4453349727821734,1.2731121205485356,0.5959808353586833,1.1249241387736042,1.8285585735922523,1.4811135788873442,0.9972860091079764
2006-04-01,-0.23890400519658894,-0.0771931085593921,-0.10157813611985152,0.01362334455304707,-0.7406839308066091,-0.2774944445999898,-0.3753204344176811,-0.6027952309691065,-0.45760413120238574,0.3503820625171461,0.5967564404767373,0.2948220310668014,0.09273019788030278,-0.19491432169725045,0.04689750437064834,0.267918836824402,0.2462517366114724,0.16114337259500744,0.5012170878395273,1.128381185754236,0.5727358215581813,0.33071494631650394,0.11978891428579691,0.3485994718226061,0.7077407040784778,0.8293021864801473,0.4292549937206533
2006-05-01,-1.1113856285637027,-1.3946140347288505,-0.6412080943251339,-1.2253491406044688,-0.7499224971067376,-0.5187783820535832,-1.4039274923524574,-0.8883363270576207,-0.8265145164665947,-0.3541011029125027,-0.39232631598610473,-1.0039566283307044,-0.9723171048688908,-0.596793857287299,-0.8578262291781131,-1.4320755626788109,-1.250346565694478,-0.5050437027254165,0.0589427357549422,0.2936307561684804,-0.07307092642008899,-0.24441902318077763,-0.3732652562280086,-0.32255096643983056,-0.2172354519884395,-0.08951840709055091,-0.1620688105500373
2006-06-01,-0.7346127162661971,-1.1537385391689603,-0.7654951566981151,-0.8306278812180883,-0.91512141463558,-0.954333354477381,-0.7761031363790699,-1.1007006966195272,-0.8262990246829008,-0.9370503775340384,-1.2478985853018736,-0.918014648768055,-0.968968833713904,-0.951132963310911,-1.0987239153903776,-1.24328732884887,-1.3673010754447452,-0.7829173435450292,-0.45418656199848034,-0.5761741347392947,-1.0323900569261335,-0.9689040208133676,-0.8500400331377468,-0.9679161769385785,-1.6275770712700428,-1.1834558808390117,-0.7405765262501334
2006-07-01,-0.5659874397372927,-0.44080227748669437,-0.10202796920378464,-0.08847457373347462,-0.9143351473752608,-0.048618592887791676,-0.015754144088161497,-0.11588405221417314,-0.4249170575883646,-1.2729091917911126,-1.516177619960345,-0.8987181117368299,-0.7900369792743098,-1.1686253172814474,-0.9971521888254632,-0.6788143649406392,-0.9554810409859426,-1.0409927668926735,-1.0076078463751912,-1.4806744682193829,-1.0564137880671411,-0.9141024737516785,-1.329280015143762,-0.977565458930151,-1.1627784432467567,-1.0131185222740118,-1.0879894992725019
2006-08-01,-1.059033797080475,-0.9574524522718367,-1.264303231133706,-1.2207495474790395,-1.0382277171636367,-0.8503546627073298,-1.2921309794617455,-1.4758094635543022,-0.970054252567149,-1.399444976653455,-1.1826941386352512,-0.8394147572242645,-0.6344593183503844,-1.3750845918675998,-0.8795978533357292,-0.6450841407131993,-0.8800551503724445,-1.1569883457894594,-1.5757374292663187,-1.8518014404121241,-1.4005760692964844,-1.3449189831128203,-1.5968441701656457,-1.3328019199054406,-1.295458879297571,-1.2690527027397487,-1.4386478833778502
2006-09-01,0.3465694431875733,0.4318881872452078,-0.642606052059014,-0.2980619831725292,0.4582374510840786,0.2624435580402173,-0.7425349126306252,-0.7432628108816945,0.4792244781607311,-0.39081050045316734,-0.5287239961646715,-0.6193218247437149,-0.47732113470127024,-0.3249984263615487,-0.05304256546623397,-0.4618813456995756,-0.4644474514431692,-0.04414678738242079,-0.5106435229795692,-0.8116429892110537,-0.8712043769565629,-0.8391471287141334,-0.4754613749521945,-0.22351596749351105,-0.8954444673162867,-0.7478096650084319,-0.13505904625940854
2006-10-01,-0.7145119186213894,0.721593883229083,0.50981261825529,-0.27390320241587585,-0.177288209287965,-0.6962893475317874,0.5693413118323765,0.20761183416054402,-0.4729154077434471,-0.14005458948805946,-0.05515417329543839,-0.08240591687693906,-0.4562604228749533,0.12224015929395055,0.11117684136164513,0.09096639773883168,-0.031676319874607756,0.3360092122563718,-0.46428051198159204,-0.2851999252906354,-0.25787619053846866,-0.539042896171308,-0.13187491393009174,-0.041474469541783056,-0.08067083682808338,-0.2813803232840203,0.11371025195805762
2006-11-01,-0.7487531035193871,-0.29812290147646436,0.7288263537051123,0.27395032848505335,-0.6528917410318007,-0.46454402462776956,0.7519589395489614,0.7105047568728725,-0.6892108498814098,0.19324555283540873,0.06493688330900649,0.36921888661198904,0.04623935753223477,0.36764399669760417,0.3620880265768021,0.7879222477836748,0.31449789268562217,0.6091898346187328,-0.3038873847599855,-0.23234266125550573,-0.06270489393124593,-0.45668748023204475,-0.07913794486183875,-0.0018181601679937358,0.290692154996889,-0.10525517263638147,0.24151054107961184
2006-12-01,0.2857062575691431,1.0061154599040814,1.248838304827893,0.9579453188558082,0.6969410722375483,0.6237321500434807,1.1742195528912762,1.1336267178142085,0.6341730836672764,0.036608886415585296,1.1438477310392101,1.2515439285206582,0.8566191655295263,0.4347765050914301,0.49702132655774717,1.3755311755516006,1.0021967659623636,0.512510103673233,0.2800083977636901,1.1072104008159827,0.9951011141825776,0.4926195115017292,0.6200875743644145,0.6416720506287773,1.2328569805269773,0.8238628888233549,0.8756334689586821
2007-01-01,-0.8664412376274223,-0.541950270475156,-0.7609320788053119,-0.7616926680982751,-0.8805710479242955,-1.6085992080149145,-0.8597790210429993,-0.5319763864270699,-1.6396495411512018,-0.1166435625760068,0.7287125172628901,0.7402881257986837,0.49920938394877623,0.14891775482500968,0.21643159270196524,0.8548229456658994,0.5929396940621338,0.24302529065316,-0.2985377515220871,0.9483937375978431,0.917899336476556,0.3881030673106955,0.09815250484847816,0.10134961377277835,1.0883175425651663,0.6425889668437098,0.18988670972835978
2007-02-01,0.13716360124588176,0.7041945255312383,-0.22278287576866718,-0.25923078108268327,0.3838718952893148,-0.4864428744517234,-0.7798999183761713,-0.8305933865049587,-0.509123149712426,0.26966577787492263,1.4559715993946063,0.6082002985928375,0.514086470775523,0.4798000343591046,0.2432984674962806,0.30002912264236464,0.41352061370140036,0.28319248304052175,0.04374093095980746,1.4665215274194021,0.721656987375649,0.44718302881375593,0.22763857272629318,0.04396274244677264,0.6761893463238201,0.4933009597262895,0.06843431898445454
2007-03-01,1.087714797069758,1.0390442624477136,1.2912269234074845,1.2329629834554598,1.1108124699565576,0.7777636010179176,1.0215614099701027,1.1444769382591276,0.8555247929778276,0.8866611218491395,0.8573821665728769,0.605405852992217,0.45549002255473825,0.7525044941181067,0.2971771862324091,0.6456718954889997,0.5645346662212658,0.4246005475535506,0.8669789803422389,1.8326984210802233,1.2678283023622028,0.9438689298342784,0.8610681328301927,0.5574280827787348,1.2424682625074448,1.1140257958215096,0.643153909703759
2007-04-01,0.3738522264449335,0.311038081571774,0.18382883275281645,0.34391105343350037,0.23711665521325562,0.1690129271685007,0.11930652521258088,-0.12200556508267399,0.19129470941501536,1.169441074303288,1.0992636965186995,0.8644698047007753,0.85993230303964,1.024395314535726,0.656593979372899,0.8801213936989323,0.7869179377149296,0.7683526542403586,0.9313934427979237,0.8663820941456419,0.5877566608398973,0.5063597574835994,0.644546371623981,0.34544754628418434,0.579962166111084,0.48469987238159756,0.4781516101274389
2007-05-01,-0.773088699424383,-0.7301870885222778,-1.2852029851587843,-1.0831704144850909,-0.8624158608706654,-0.9186563309707843,-0.9727635428302331,-1.3009257949042097,-0.7727438484693657,0.7964020254065329,0.5811768462384527,0.7032929108299779,0.6677528761561861,0.5968089761946617,0.40092431671714857,0.7514506053025966,0.5515551972337541,0.5065633867334269,0.9288126850472561,0.8523344955786986,0.5977188051003614,0.4770915149430822,0.720877629766027,0.28156253400616055,0.48158881262979125,0.4968781958770201,0.4345051466149873
2007-06-01,-0.5743409911785875,-0.5296149409723351,-0.5321011968622888,-0.4919380047316303,-0.6744832999483477,-0.5736591451419615,-0.4022078264166248,-0.64596180154987,-0.5521144128726494,-0.08905891599510095,-0.28635664996971566,-0.42266657070703045,-0.13547538236620987,-0.22732016396276436,-0.27879094036009017,-0.3212663908519352,-0.36574082916354855,-0.18683275283031783,0.6658985837594301,0.42034166094922365,0.5813647705634846,0.4503318983727406,0.4259287586906926,0.295883493571123,0.5170001610063033,0.5805793353760174,0.41521083496161343
2007-07-01,0.08043733082480792,-0.06324356632323835,-0.6754319855358337,-0.11274589896065214,0.22525283886795103,0.06747810471135426,-0.9352981870085845,-0.7182643642028549,-0.05180174437375015,-1.19052303294933,-0.9133539624627609,-1.1615339671097162,-1.1490535670278936,-1.324956591204846,-1.1411164436095431,-0.8067494489721259,-0.9481172382487038,-1.0725431105452687,-0.578199174031524,-1.077748221312866,-0.7860584896193679,-0.5843013518476163,-0.7834512866350303,-0.5775522357297448,-0.8037529307500401,-0.5867046597978972,-0.5993499459133785
2007-08-01,0.05898142393196532,-0.7391286991093622,-0.21309511070066825,0.08038564901289962,-0.11587167028968783,-0.19675376815786796,-1.1913121622024418,-0.9689874299574366,-0.08463583563041789,-1.5545174764608451,-1.7490854605955428,-1.4020627036951685,-1.4268109203097639,-1.510435692347189,-1.2385835965954646,-0.9666062574065947,-1.001566913086555,-1.238287228977386,-1.5019642061338272,-1.9857596969850708,-1.728861050755684,-1.528538316215068,-1.72444520423576,-1.3870363682058282,-1.5638552306143167,-1.3290362657839163,-1.4076632723810596
2007-09-01,0.24483360853008457,0.4126118166036135,0.0694146864432183,0.3884402270235027,0.6817251638327745,0.2986083461519464,-0.1336615298865549,0.15977895065908634,0.2271785815715663,-0.9707844483655854,-1.044962588121887,-1.0718069494951397,-0.9143822530723273,-0.47476159381325633,-0.666002350577415,-1.0127998382952104,-0.7109882632604224,-0.7978910845607504,-0.8241141558959076,-1.0800913028996084,-0.7951179067576167,-0.6635898862786861,-0.6547099669578839,-0.4262791759478001,-0.9436039262473453,-0.5520339236740087,-0.4558813870457791
2007-10-01,0.5695854961777821,1.1369297553559705,0.6617670660015924,0.4665154522765512,0.6381297994877559,-0.2418135960553518,0.4703596721570006,0.13481285253855338,-0.38835204387010275,0.15830333069310645,0.61671436203711,0.31293390950114774,0.05746187623805523,0.40519295244214343,-0.02689117420340953,0.14684473507817422,0.08035834035647742,-0.18869778938342768,-0.19588314427885048,0.002429522756044713,-0.18660137977770885,-0.40035647509308536,-0.03735748466338553,-0.4357074168963735,-0.5185700507507278,-0.5204467732093238,-0.4893501512471985
2007-11-01,0.7447983407033292,0.8367165181299097,0.670642789090198,0.494078151581358,0.8003545498312172,-0.09561088990592422,0.9610624584540107,0.7599741563326187,0.20335350357463233,0.8102606075997253,1.3774996252970932,1.0138507039253306,0.6622085939334084,0.9668432022737758,0.4506327593794762,0.842165285410307,0.7342855680109448,0.5398536894522719,0.5251835323383415,0.8649406201765583,0.5071366839827459,0.20771547336533708,0.6213486300413847,0.030074037638495695,0.2729597912087164,0.20158464521858732,0.1953277897880916
2007-12-01,0.4627906829999504,0.702546250138637,0.9390669049812721,0.7112134435718878,0.5520241289778647,0.7135975718398839,1.486808600311359,1.4919794762783052,0.6210994050112408,1.0374078650397152,1.5611566761479732,1.4474503882411154,0.9590411688783531,1.1045325742108971,0.7625608422785007,1.4332822224129307,1.1864206779726667,0.9203315702508946,1.0410915145360728,1.7497200704277485,1.2632996277188968,0.7732124201635671,1.1339004458685191,0.6023902686971192,1.1165691227561223,0.9489749241081965,0.7605793702758102
2008-01-01,-0.20181914481469843,0.09026983494262206,0.09551299295301681,0.22860011323983845,-0.6175467104454372,0.008208567837268883,0.4137494549966391,0.19997921607422836,-0.1466638768236661,0.7339996291805939,1.0590646386351725,1.0919715262780476,0.830853218051626,0.700355705036547,0.6836110111089632,1.2710222992682405,1.1012691322261887,0.8150104709333651,0.9642236472551264,1.608463363557182,1.234546514495912,0.779290554650802,0.8228080422902302,0.4980948327171118,1.2938704004838513,0.979879074186259,0.6358130115440749
2008-02-01,-0.5188135786410185,-0.21364161841206492,-0.06488268602791965,-0.16478280245485427,-0.3843217683885002,-0.6429527823960483,-0.35294377749751077,-0.39274384591854233,-0.7125939520065785,0.257692037126686,0.5067366007850113,0.7220493336963544,0.4836384602137513,0.1985463663395557,0.5183366783976194,0.9153666566095745,0.80589590467125,0.47820270118444624,0.5553486232534386,0.8770248555275331,0.8092131598598821,0.5077139318416963,0.36344083735877597,0.42362535020555975,0.9963197744655505,0.8378101175575587,0.5785767761012697
2008-03-01,0.8736043085048685,0.6325515305851611,0.19448767716089532,0.4460723630266181,0.8981678880871341,0.35191405191023645,0.010704111569582887,-0.1323831327102004,0.5419595778486079,0.2869932807992616,0.22430711785097335,0.09111693394409148,0.22258079662657726,0.2121015720273289,0.3154662611531347,0.07512033784483234,0.06640195078351077,0.3568398451633539,0.5196108717475925,0.6641871139637985,0.5715404741900288,0.3671982523370141,0.29762098644567236,0.5087463350094337,0.8681152214714348,0.724802816534318,0.6199448692536204
2008-04-01,-0.6328914200918236,-0.6263613652232168,-0.10481504976644185,-0.0744777833872576,-0.1849737963556103,-0.21343540426245883,-0.1513595513911546,-0.10248011598413932,-0.269356260970249,-0.03548914117973622,-0.11744865639946342,-0.0026319008005048707,-0.0440733805105785,0.19960965791675145,0.09872959192470841,-0.12129329776072192,-0.0035213171585188434,0.2712302938802956,0.007056096894989796,-0.166755526970668,-0.0733162572384394,-0.07649413549410675,-0.08846272833992298,0.04183211996476095,-0.05830989262885101,-0.02173686283775148,0.16207619865317247
2008-05-01,-1.0779038127376326,-1.2574248873934264,-0.5214127821126975,-0.8343333956029056,-1.0268661450841081,-1.2422606618324608,-0.7450153175144422,-0.8854152694832989,-1.450250020796924,-0.2431223402609809,-0.5428463730275015,-0.17745289083611954,-0.22384885799075893,-0.08970533002684795,-0.10012156721823526,-0.2490187037893755,-0.12392636833206422,0.03958544382545241,-0.4492957477513724,-0.7954730605042946,-0.3506569102868553,-0.47255263533094294,-0.3883125913676824,-0.23630595372882854,-0.5133187759085811,-0.41426913649102165,-0.1482012543410971
2008-06-01,-0.6246099608950666,-1.1158615441815978,-0.6918202628726817,-0.6979785505604699,-0.35900398641659936,-0.9483219673928349,-0.16291547847351748,-0.7377579261084429,-0.9908318459461157,-1.4895076157731297,-1.6042387390095683,-0.7290139440516614,-0.8182034880077284,-1.111262090636513,-0.8255708169045766,-0.8489161764075596,-0.6438478212911269,-0.95588079944116,-0.6843258370095829,-1.142177947093821,-0.6814920544804015,-0.6316248247909945,-0.6515541476838245,-0.42829760921685717,-0.7646775412940927,-0.5913453754145286,-0.40596296691237066
2008-07-01,-0.5324489552119968,-1.382429165754044,-0.49879432579392413,-0.7627541494221002,-0.858824394486781,-0.2219076536380082,-0.3300225494171854,0.22804581045397246,-0.5817886827948605,-2.0756987442942045,-2.4904382091586235,-1.4226751069792585,-1.2522107820294206,-2.173819208396952,-1.4767006356550487,-1.6049992715911596,-1.280056081583045,-1.923627931309254,-1.9399163277478255,-2.439418180345873,-1.2709384935017876,-1.3338290791009801,-1.6972729185711461,-1.2431042872526854,-1.466509729300559,-1.2122711841598413,-1.3964502472893652
2008-08-01,-0.6129644831629548,-0.9668591480650289,-0.38942668484446996,-0.44511187057604834,0.5676270677192958,-0.17791008493109672,-0.4205778700544982,-0.2052841877278051,0.20962160903841906,-1.7397877358450797,-2.4653276282620715,-1.8554534113444783,-1.4395237887889183,-1.9621755607529896,-1.7089786924264223,-1.4595887912457521,-1.7078035840753876,-2.113710782755154,-2.288855793379725,-2.863204922651465,-1.9972199246762232,-1.5682168676825623,-2.592406682652232,-1.8235569295206098,-2.0575402773383384,-1.9463654393061047,-2.2296012744386817
2008-09-01,-0.18126552715066707,0.13426249968583048,-0.32142090831806086,-0.7079703336375622,-0.06644808412206021,-0.9765498939179391,-0.5343775014743504,-0.728454241541347,-0.571482398628042,-1.0092567559141512,-1.0868189899728549,-1.32173230639142,-1.2580518454325156,-0.9736966806939171,-1.5202261118010092,-1.0204924951083232,-1.5878081662806471,-1.2885573643616104,-1.503520043067126,-1.463585810058088,-1.471978641381183,-1.3818858917988168,-1.572025063858545,-1.631958500928389,-1.6485812879953363,-1.611789546347078,-1.6670495445854028
2008-10-01,-0.08434832114064299,-0.0721819079969392,-0.14126290787116852,0.10135313137231655,0.3458844222838779,-0.2287916877420457,-0.08295481885851701,-0.06570670958432702,-0.13633957177499323,-0.2505581338093956,-0.14358761457793684,-0.5484247512670467,-0.5584225511856172,-0.03175996735770715,-0.7431608727511322,-0.22109003175744976,-0.6320240108586977,-0.4884804462339057,-0.7282552191612671,-0.6062533695500812,-0.9220473200484934,-0.881029624407298,-0.5432494725071634,-1.1078107076829293,-0.9048075429820446,-1.1687293041475935,-0.9610145151413289
2008-11-01,-0.122094431666296,0.8459242495460284,0.7932877054263592,0.6420981624920873,-0.2364332187308785,0.25143045524767615,0.7235140173369754,0.7972619674137645,0.005482609840028223,0.06832915658139609,1.0045898528458637,0.6231814770649946,0.2818094380229605,0.3139664149640617,0.03738437095527562,0.4984034007807099,0.460557026153355,0.02186216199144281,-0.3333780092532146,0.7015137293432132,0.1953848880121258,-0.0482343736399023,-0.198259276835551,-0.3835760439810796,0.09546435319711484,-0.01311856636379151,-0.44959969312514897
2008-12-01,1.1259484609854453,2.040439385268735,1.4872873678238114,1.5579750270980608,0.8289183228537715,1.3788318083963913,1.2166489647154948,1.3596122243098525,0.9498258274205582,0.8907629363953751,2.224164028340075,1.295505675405666,1.3038836556537639,0.7386887348505149,1.176365637671191,1.1433524707263565,1.177313831844771,0.7386233038753344,0.7711033169872277,2.5097919301609166,1.2082592796704361,0.9853758317818914,0.5805144827567896,0.7079976526992199,0.9096027508281058,0.9713314528754681,0.39509677261935955
2009-01-01,1.5109505486046024,1.7729200710740245,1.6439504792655968,1.712445817927459,1.3150547928491518,1.815772290358065,1.791571702904207,1.8169792158180664,1.5754133214921078,1.6433861491241082,3.2385268440755426,2.2729796261202835,2.1804566288811604,1.1649732834950584,2.060999578507645,2.0580679861557973,2.112345660180715,1.5091621376894844,1.5992409486997463,3.468611940623561,2.1225645857024324,1.9077039748465887,1.2035242521413747,1.8185709256059814,1.9345729276699513,1.9032357736474517,1.3101778610293624
2009-02-01,1.0124264326532244,0.38783275822372454,-0.32903086254221425,0.016238320799596927,0.8498663611046949,0.518888587796311,-0.11002293391619522,0.2852231397230326,0.7978981283519242,1.9642316869883305,3.0487294398568787,1.9301746129784267,2.063269069110221,1.4889110840688917,2.0654010269216903,1.882915971982505,1.9082611990457325,1.6761274868933314,1.8515886243093544,3.4562782853893075,2.1252816217643176,1.987254019513364,1.237667819655863,1.9975893763256938,1.9937943269270362,2.076367916571612,1.4710925674461546
2009-03-01,0.6898651010936812,0.5189916197852313,-0.2497935649809262,-0.003105723401577083,0.22312283354349757,0.42683974799924485,-0.4365983177510755,-0.20157413415198236,0.532556313521061,1.6138515608950312,1.8555643837135958,1.4217307922092621,1.5111965105656182,1.0942078483001692,1.7143050423561625,1.4298286036529666,1.558936726323442,1.5020995157954193,2.204800872875263,3.1981108244848335,1.8555768874401406,1.9022553274478509,1.4210647533446965,2.0993699567195514,1.7616904820123618,1.8274213583827708,1.7479347632481501
2009-04-01,0.28006141258806305,0.4107793541859753,0.8940093369645323,0.5122494817372839,0.6306438753502472,0.2732218898575842,1.0471447722617686,0.8291071972154378,0.24983759339473874,1.0147893550129217,0.7610654355621481,0.5173654273535255,0.6405881240625408,0.8871531445735129,0.8347323698579725,0.47792821888430065,0.8090798746299193,0.9100922446753821,1.7594683788147885,1.9621218520064363,1.516093935084829,1.5383972983618759,1.2969705376325178,1.7152362656377234,1.6148868800179301,1.688326434765248,1.5292027092349085
2009-05-01,-0.780928348266148,-0.9336980596254684,-1.023900730101098,-0.727214222132159,-0.40842963768450713,-0.8613018772695172,-1.090131084478018,-1.1538888185240546,-0.9270810851676555,0.36035163572423917,0.12728417902518058,0.3018823616129637,0.3973770955493603,0.325405811265905,0.3204917635442267,0.21884385863452374,0.4490328510372625,0.49004045934797086,0.6751393917179828,0.2037233823625028,0.09524486950637964,0.2560527790597636,0.4845241426713353,0.4008577981429158,0.18086273034472916,0.35329813415432254,0.5703982935833597
2009-06-01,-1.272867618141736,-0.9196064491632254,-1.094308416972207,-1.2526700526477066,-1.3111710811576247,-0.9792670782901177,-1.426886361788191,-0.5086160286888138,-0.8590362584044245,-0.60179351133904,-0.5947544696383344,-0.14128364211024821,-0.2735532526715242,-0.09735083926077423,-0.6050582732678901,-0.17648067900106926,0.0646614528158841,-0.3909308038684384,-0.14998565604640252,-0.3134891254048339,-0.11097317786436467,-0.14508762740076847,-0.1064067105197071,-0.16019646279131178,-0.2548917488693997,-0.1358064265674077,0.03032364165676234
2009-07-01,0.10674561056334998,-0.33628025263375416,-0.9323472467887312,-0.4916604069433559,0.5717116771252835,-0.006429726192453167,-0.14158492599686331,0.42019136096445786,0.07146118758892805,-1.723110207785096,-1.8461402065167123,-1.5929089177281153,-1.6172762295552676,-1.4187235675548282,-1.66197131083451,-1.6492269591240458,-1.6511291742669365,-1.6365145752841745,-1.583189418287655,-1.7551535804382494,-0.6190385400752655,-0.8250849602967442,-0.7095068864384867,-1.3052512096854496,-0.7047104184432945,-0.5649710166230367,-1.1288110501505524
2009-08-01,-0.6352265384042108,-0.7358198507613023,-0.3083419536900117,-0.18372174342352313,0.24697166302952087,-0.4668778003892139,-0.2357509441666648,-0.35860688831653753,-0.29802016006914733,-1.58514633735816,-1.8809858966714954,-1.3033729509276424,-1.5031962323920476,-1.8965613391613423,-1.3266479297346938,-1.1967181330001277,-1.3801562830891911,-1.58336463779658,-2.459185651610364,-2.75792882676379,-1.6158192693725113,-1.7177839860729889,-2.1029553703545263,-2.2738082112862625,-1.4964003648261444,-2.0323044165021424,-2.450985426826643
2009-09-01,1.3145409461273625,1.4388559352581467,0.7065552487652207,1.084338691396966,1.2450588757912122,0.547591149184784,0.44831061445352727,0.42360084972094736,0.7960377415234147,0.17306695296362548,0.07602836448769766,0.1858701296514336,0.291354405707444,-0.08999694220138695,-0.11581134681570206,0.23300232212998603,-0.059607075984896604,-0.1092399728034335,-0.6730133927111214,-0.6501947178205607,-0.3730195601918114,-0.36741984816733564,-0.560950017574883,-0.982390204837315,-0.45491309956104015,-0.7170637870971868,-0.943949208225844
2009-10-01,1.3240146363162453,1.4020366016545123,0.5939133788293424,0.6922524988486791,0.9995810936285505,0.9952730181344696,0.32938213752383033,0.3722844167107875,1.1692474703318656,1.2556724933251016,1.233191358345511,0.920153275196353,0.9304542030980265,0.7118515910556611,0.8989048270660585,0.7264718355170559,0.6691974812763275,0.9388012175232417,0.7574314721880907,0.5761195212910385,0.30377672519615045,0.29315493739592025,0.581266315665545,0.10837624951791908,0.1870414442554472,-0.13526525730644004,0.3369723205036972
2009-11-01,-0.2918115143896506,-0.43005584367511474,-1.0537624969899382,-0.7277848586672871,0.048270931057902734,-0.4084751128371919,-1.1010792320138596,-0.7500388657828893,0.00549788123055651,1.3802414808457313,1.3664064609450441,0.8586079407415956,0.8515526857472074,1.062838971843756,0.9673642385762263,0.5398150225555819,0.5654746601519557,1.0978803481811132,0.9582657611439451,0.9220856832965516,0.3825339654371241,0.4573090842113214,0.6606615691432802,0.35988982364850464,0.2753935290738908,0.05245181103102389,0.5646350465942017
2009-12-01,0.7281811674983071,0.5609301577074303,-0.35586268483717115,-0.204730888664981,1.1352469136789503,0.032396548839189084,-0.5851260935755334,0.003631559430596546,0.3819031443654355,1.2078163967406619,1.1312503481190812,0.30725756773263635,0.19998660510804558,1.003758229190091,0.7169622698129123,-0.05471993308037584,0.15989804526823276,0.9106426925029395,1.6537173494556672,1.73425953929888,0.5602325764908518,0.6134035706448812,1.4108419264673442,0.6908630579800044,0.2705387666401273,0.31967144267838127,1.0558424321533575
2010-01-01,1.270315429600238,1.130369391855994,0.7676855321265981,0.8731543924647938,1.097264284781338,1.076068279522118,0.7056556907422885,0.8523324893589737,1.0947527992571315,1.2237333110482316,1.150703641644033,0.6918914684474451,0.6634261428763449,0.948396948470671,0.785693995001813,0.7353801924468638,0.7326868842275156,0.9024507485845554,1.7710151540692751,1.9266835185623825,0.8928483805880956,0.8331042261606386,1.2646313600395942,1.0864681573432737,0.7716263587588602,0.7106206543700544,1.3169177598173514
2010-02-01,0.8801643393868396,0.8014615252274769,0.47003369863590144,0.8183102186923988,0.7028040918430309,0.9602375431286432,0.8488928023292448,0.7941060920225831,0.8694194978751176,1.540301278190936,1.7074122042951403,1.1583965789850779,1.2224717015952122,1.159348883968789,1.2062358292207978,1.0384537140614558,1.1586633750985813,1.2537036641934787,1.3475805553624756,1.580808478275798,0.8209078316027291,0.8719952645031946,0.8427562736228745,0.9671427059029525,0.7072264686905639,0.7511469739882243,1.034652398326977
2010-03-01,0.6081011086364683,0.6249263009553946,0.6557371295885283,0.7913670652738962,0.265039751724706,0.7177627446373794,0.9016815383955994,0.792502736525935,0.623537329187162,1.5194975287391488,1.7328303520938,1.5269820044480826,1.5934636463630527,0.8179698021035325,1.5100514921897128,1.455446443207352,1.4429461993923076,1.4227616360467819,1.6859092183286388,2.030561613687755,1.2432853513978317,1.356197393453658,1.05237018876046,1.3037619187752645,1.2916964513942633,1.2145451006689512,1.2935497970124288
2010-04-01,-0.08593793959961574,-0.3009249896778694,-0.5262534413496944,-0.2610887918223058,-0.0455806341461823,-0.2117336315092533,-0.5872457791977362,-0.37045149188743703,-0.08155662409551717,0.8496557653996837,0.785158379953002,0.7184718321049449,0.9206369238196259,0.5202425131417786,0.9519447448030339,0.7234707211029116,0.8289956763128324,0.8526179985286074,1.3611291990858432,1.5044881633965366,1.1479643557970463,1.3489503772100067,0.6773861465520488,1.2918128584807014,1.1678632224976628,1.1012672346106844,1.1789094272822531
2010-05-01,-0.7757773724157544,-1.0215956126754324,-1.1529715187657832,-0.8242079151264669,-0.9584059531626141,-0.8562160192241294,-1.081639816153108,-1.0208211977243342,-0.8807253134837241,0.18916987296895088,-0.1329620195953448,0.05019137252067616,0.29842732217045553,-0.07514592863179374,0.20130398135485966,0.1255137037623213,0.0755457552311393,0.11021766313281853,0.5689376597838433,0.5303913321737168,0.3386277459602468,0.6150998351297421,0.09220739100280428,0.6040476092669179,0.3201107448552798,0.42911826108576934,0.5328700411316849
2010-06-01,-1.3522542872429226,-1.23503045091871,-1.1674349124310537,-0.950071955042951,-1.4576141211663027,-1.0428345451101428,-1.2966750391612476,-1.3232770989626046,-1.2048792144178002,-0.8822499430388906,-1.4506362767309822,-1.3682657876577387,-1.151308228006017,-0.8217726771899043,-1.0436890030915644,-1.4504747234301039,-1.4506849586274582,-0.9373286640695979,-0.3102020312004817,-0.6522905501410391,-0.3355581019284429,-0.11543882347497868,-0.5821484959989686,-0.21554420403123262,-0.17202795775296115,-0.24013222227508277,-0.28193759601013524
2010-07-01,-1.0551610313731614,-0.7597942644296832,-0.897090712374983,-0.9076842034381521,-0.024569508241763342,0.14268801487055893,-1.4208004715863516,-1.0450107894766454,-0.6488069261416365,-1.8703131373194395,-1.6729279593017958,-1.6763657442530167,-1.8560595047716222,-1.9286619413374022,-1.8844700152060057,-1.9442259556171433,-2.0278269831155766,-1.8514275989730864,-1.4638325621177344,-2.039075809378632,-1.529013511147473,-1.4762824201735902,-1.2916100359397957,-1.4131627777551956,-1.5640321943480642,-1.4625541490281937,-1.345587870206127
2010-08-01,0.2398241591513212,0.10977350112229668,0.3665800036607872,0.5396269544369939,0.2523396250282976,0.2430929558843114,-0.06819481116864635,0.0641249575438266,0.29305200461943826,-2.448118174256184,-2.1704424752631,-1.834343602764788,-2.107837205011087,-2.1174858750715546,-2.115287217416792,-1.9384344157453732,-2.0966383718341763,-2.18276765251944,-2.432680070278546,-2.5862542168408784,-2.1347220624585006,-2.150324083837963,-2.2253833648051655,-2.161405639201853,-2.309536756507228,-2.2226870049630976,-2.1912919511873477
2010-09-01,0.8529203379112253,0.9266817932984313,0.5592619515747353,0.49167447638700795,0.8499898903521159,0.644807588742544,0.7885448759788413,1.08442896451503,0.6721983005178038,-0.42174948651226457,-0.31541977527065657,-0.3282898261740979,-0.6183665101110175,-0.33877790027507726,-0.5376765841241149,-0.23493767897406526,-0.3004595980349648,-0.4992043428991691,-0.922775650277533,-0.9615533069212137,-0.8181149511117549,-0.9686016198789612,-0.6941586564895458,-0.8249178910723626,-0.7356425411433564,-0.5810531702517086,-0.8214875703770352
2010-10-01,1.1108096055038497,1.3635739261749908,1.0025233382639307,0.9444627416642295,0.8517634270080908,1.1067548753509897,1.463414049983218,1.7636302501766752,1.075148420885811,0.7108419684243719,0.8004474211375192,0.4962953065620682,0.3403900919646179,0.5920151931216266,0.56081084747689,0.9626013554568017,1.110390763923612,0.5813648376161485,0.15964837869566137,0.3867291872503425,0.07537449224007872,-0.13805337954311078,0.14909844653456472,0.10152272445647738,0.5262510520274752,0.6396214798351244,0.11814014354101632
2010-11-01,0.07091165396034199,0.39535997380378457,0.09923149439281775,-0.0875449357383986,0.16145161604150426,0.09323922475520681,0.04837240921263088,0.3630604119741328,0.22736307787123142,0.9796282486338282,1.2894906718123595,0.800675871790294,0.6011413764245674,0.8326905257588559,0.854754912817226,1.1017424872472332,1.252302828379449,0.8841851622688061,0.47394410996606956,0.8269743501293679,0.36845089136450376,0.15730235665656506,0.39199528382823723,0.4076273501909752,0.6964619832028536,0.7585839325982022,0.4643130888671303
2010-12-01,-0.21904645568910308,0.14937163500278142,0.056477123682179865,-0.32491315572740936,0.02511432997714504,-0.32820525064347633,-0.33708490084729115,-0.37066091280685537,-0.28220771932850613,0.5920834259908508,1.0119968236185186,0.5209913984317565,0.2732600577327064,0.5320615166233986,0.4934388829141945,0.7374199857680761,0.7846318360181214,0.585766999313205,0.7351926314485175,1.307523900342275,0.6409191521948314,0.33684090326843436,0.682057889504783,0.5634550490768294,0.948294726311514,0.9896346099803902,0.6302713921927114
2011-01-01,0.21599298341070008,0.13434349297392933,0.5872189488546912,0.28524731908912904,0.5644973759681541,0.3816730212737256,0.8976988799723585,0.7085574777254563,0.3304570327404552,0.09336819884809561,0.28528424990259227,0.23274911569387038,-0.14984846364553822,0.43704546550919215,0.09354012107470965,0.1582266828590709,0.04409931347613907,0.2634514988380668,0.4562456435807241,1.0272614175681403,0.5982194573816608,0.16312518213708926,0.6071776766374715,0.3891035887319876,0.9556319969271889,0.8039699373389945,0.5059008381550706
2011-02-01,1.0720928538507037,1.3301660945110616,1.3126699307218916,1.1520136939220222,0.891083825323313,0.9735146786884428,1.3966038530994518,1.1235560883101783,0.8120665990768007,0.6496970691075856,0.9286656120147639,0.8584957645370157,0.6355187019452767,0.7829524712441234,0.656623518547983,1.0109918923672783,0.6709467804414688,0.619692309861836,0.4251177914382828,1.078862166307264,0.7604375196502635,0.315973616789042,0.5785955467292224,0.37608684987460017,0.895009925366741,0.5459261711449982,0.37503772886063547
2011-03-01,0.5549881441753712,1.0402510388371775,1.0141225620038354,0.8619619307537276,0.35824225891512307,0.9096116150086928,0.8234664336698462,0.7820714132985539,0.7192336738578398,0.947606694204265,1.363640470102609,1.2016183551344213,1.0049533930942327,0.9337382997335635,1.0665123130259557,1.2545157861683736,1.0284101611616983,0.9660726158181768,0.7017689168075972,1.4804184749902012,1.1832028488609048,0.7580119749377476,0.6487849727881052,0.7316251716765032,1.1671737988445092,0.7078940126764981,0.5977116389858821
2011-04-01,-0.037843521467033125,0.467859641937741,0.6839976045462615,0.27248207081013054,0.08708964084626294,0.01566274557900676,0.6090850663946173,0.42467772240759294,-0.16188370629198492,0.8650928062168907,1.5343383093298815,1.2448294654578407,1.0265027494865757,0.6981305589240386,0.8712089010235766,1.2700304151098536,0.9998439728696912,0.7150949051285574,0.6320373853276875,1.4866492067680097,1.3810124619233688,0.926456913310439,0.6628537907717151,0.7161248420570552,1.4035264888451053,0.8187908249438842,0.5378405393885712
2011-05-01,0.04671876555656591,0.19915274381835704,0.3567583640471481,0.25816784521999414,-0.3287432987450012,0.2034558499993525,0.20856886596778884,-0.09096946001114037,0.03367943397333788,0.34712469969712967,0.8827950490731585,0.7919233535560013,0.6848044529967025,0.13643950537076033,0.4510305155169928,0.7117831301340054,0.43081035706176923,0.20661785564577748,0.5724678941256613,1.41213054671345,1.1764742332287914,0.921676310096285,0.30501038957775295,0.6432289403550935,1.0641307973357448,0.6511212831115447,0.4229027478301012
2011-06-01,-1.3089027914074445,-1.1297752789081668,-0.8985998698296116,-0.707590998774054,-1.4023536941741732,-0.7665259883784985,-1.2325523574310246,-1.3258571757632098,-0.961939629316164,-0.40039875164548927,-0.07887791314654424,0.12663910188210822,0.03737053230565209,-0.6626901676233605,-0.38278319858847426,0.22031609739688046,-0.11892118094478211,-0.6726736256201226,-0.06364070610118526,0.4741977306477174,0.41874263930810174,0.2897438557797003,-0.30789728319264353,0.03472154479462575,0.3049687535952526,0.05913246691097759,-0.17113640292375978
2011-07-01,-0.7047308741170059,-0.8797760887824306,0.2715984069131209,0.20465363732962924,-1.2358404377263068,0.0997790390937,-0.1410415643560431,-0.04686729568661664,0.17996075090922417,-1.0726896031942597,-1.042176701156695,-0.8511739537727377,-0.6728126284205709,-1.4595015311950796,-0.8788314601265772,-0.9157956725919777,-1.1160484176409038,-1.1467212420416502,-0.8204765180213298,-0.6603283425103776,-0.3857929335755758,-0.3546247710212145,-0.9142547031749171,-0.8492924563654239,-0.2749808354186068,-0.4655850552926863,-1.0631210285725083
2011-08-01,-0.07556958502822195,-0.27204388333174184,0.41234950151779404,0.33235700123769574,0.7066691296163881,0.445329846357526,-0.09452633049890212,-0.43365291045383075,0.34580898372937124,-2.3031668103485994,-2.5283139231693315,-1.8547566594524423,-1.78700500809847,-2.230901670066771,-1.7100736004708397,-2.0652555929347387,-1.9539110641603525,-1.9461612811570705,-1.3684976953981165,-1.7563266519425043,-1.4707940793092176,-0.9844418779793561,-1.5768944467424602,-1.197912207434905,-1.5795935772504828,-1.5277992769472861,-1.357061399632626
2011-09-01,0.27303324775392607,0.21729793998381697,0.49767689630896617,0.13846598543711028,0.0386083581678834,0.13049333377273525,0.39827618307450546,0.16483805400597368,0.08823422184013434,-1.3035608754489874,-1.4849589684128557,-0.9636896289147046,-1.269884486557621,-1.458489442609905,-1.1179967911807072,-1.1585202124050602,-0.9937826112515664,-1.199801724171604,-1.4386257251071268,-1.9980060881468598,-1.4902870495566478,-1.3030552976442171,-1.455621684450286,-1.2344972259688594,-1.6467446155700662,-1.4543937263805742,-1.3681359305494813
2011-10-01,0.8171847392482088,1.2584553795157134,1.2162759907756973,0.8380830024441769,0.7765093430549833,0.7726130772586506,0.5921629874911519,0.5908781060600468,0.7607687002710449,0.006093684769482357,0.3329924774918827,0.23813830608806322,-0.05178068846095934,-0.05234265439409049,-0.009871935945713268,-0.1679102899486486,0.04896290076498179,-0.06695334073183153,-0.3721699055380094,-0.253359652183655,-0.359051590878971,-0.45810564090087624,-0.2990053881941595,-0.41665336626083826,-0.5609331213083288,-0.29594786541611817,-0.3680514777390116
2011-11-01,0.12874411980702827,1.0115876583944103,0.7620041861455741,0.3209185669377872,0.0602457461887088,0.42883727522501514,1.7264237874390598,2.048184648563829,0.4283896649491764,0.4195967582699022,1.0827690031950117,0.786660752907083,0.4587981218999959,0.3503858744060827,0.5072878106303086,1.2112994457063733,1.4010673946555638,0.474221726233364,-0.04647553456881037,0.8049225739532001,0.2425148353031953,0.050361189348329914,-0.07180771652288982,0.1391597942193109,0.9469464246927076,1.0999522562747057,0.1622350089572799
2011-12-01,0.7259425091239696,0.6493660963027195,0.4094898320158476,0.39015749931418875,0.5006032938176485,0.46849113426941497,1.227098021352336,1.5993172765258674,0.74058052989984,0.755652392370548,1.4298917876053185,0.8633474961389525,0.6692785763583747,0.6907351726931674,0.714670394626629,1.297777080031641,1.3231960550553536,0.8298981306514823,0.5508317323960592,1.4312365491501025,0.6231420989496729,0.4290125619645326,0.4012934945834925,0.5083659040873865,1.3802436226312225,1.3891571087472012,0.6731886876684834
2012-01-01,0.5108843026996882,0.6779375271888294,0.9144609815514005,0.45808496934922904,0.38974010389153585,0.47136578490003095,0.8187195965788948,0.3393707676544438,0.44703919890789,0.5606016483798276,1.1964816332478942,0.6937158277026716,0.4929700118462466,0.42262352645518797,0.5659614055178317,1.6101177316361033,1.3965897269848455,0.6653464328683282,0.7971335683046871,1.9131794667079813,0.9373148723157562,0.6172523629670126,0.5510943175664157,0.7088326852127145,1.7925918214507968,1.6560294710831835,0.8655842642710297
2012-02-01,0.9527935367684559,1.1834547825408284,1.3892003025276085,1.0778030414737407,0.6044901429192582,1.009086331037651,1.5887445780134508,1.1696003874200014,0.7817868580413823,1.068351877732343,1.5085507919579078,1.1845863999784454,1.048493657158684,0.704738908227796,0.8942631473353982,1.3965075039617927,0.91542444864794,0.8934691738667093,0.9636947728872981,1.8863481434815517,1.10950267145492,0.8901467755430958,0.4131823743922002,0.8180184213056305,2.119144919087985,1.6561672498897322,0.8554787489026424
2012-03-01,0.557554646579437,0.22803512455615993,0.6776320994699733,0.10729136336041274,0.16819134638507743,0.41663847332811166,1.224125179485472,0.719975569574681,0.4229869119196008,0.8802937638119515,1.2318558505808426,1.2630779220905244,0.955558596592398,0.34727116095092625,0.8144449125964116,1.6796217849740755,1.102815067061799,0.6809426300880064,1.1312568031217964,1.4940070994134205,1.0342815831975283,0.7828671296738495,0.4805506293912719,0.7214774795169197,1.752625207095498,1.1169917758317351,0.8237227034787943
2012-04-01,0.043907321002162505,0.11925474664654184,0.1882149831392608,-0.23854580013090806,-0.05011256688605499,-0.11239480490009127,-0.09652050059993435,-0.6036663099793602,-0.02168343117161943,0.9437178945470801,1.046910968489573,1.1046587918258555,0.8086885253881353,0.41883296047194724,0.6928217248073878,1.3636917761504779,0.9812721719459302,0.6752226446698009,0.9353757648351924,1.3881192093666983,1.1736177179685379,0.7961950038428703,0.25458469096279696,0.6492662451508542,1.5758548228316607,0.9387818209697746,0.5916140080579653
2012-05-01,-0.5718735713062936,-0.6180400588932204,-0.8109413838035463,-0.6163384647128706,-0.6213525361763363,-0.9064318120961635,-1.034850148862798,-0.42998581906831007,-0.8361701659227213,0.13352821053075348,-0.01846857620290963,0.16721440765053727,-0.1451845327358813,-0.2624771755172608,-0.18912822253709474,0.3233166959666023,-0.06174146380232421,-0.07305512761667436,0.5398868316972363,0.6780475311917405,0.6330807063597015,0.37276878966639937,-0.028350187396694135,0.3305146366988064,0.8433932197763061,0.41587222212484115,0.3289645174072166
2012-06-01,-0.49357760465795236,-0.07042573407196824,0.21963894550278543,0.23094697852327883,-0.3884259223163217,-0.20212098773651152,0.09414892309656783,0.1684641882417947,-0.5908472978749896,-0.46411608668594106,-0.5081305923757885,-0.6146491469428726,-0.6913745069275723,-0.7009012087056458,-0.7717750659341899,-1.126432285553204,-1.1878087353499638,-0.6971984520504079,-0.3672456679528784,-0.6600411090839545,-0.39281583613973564,-0.6461556045692629,-0.7496496180874536,-0.5535771110987014,-0.4043703398176362,-0.6405501007344682,-0.5079727456528724
2012-07-01,-1.3164759510197854,-0.9714351161101997,-0.9789228310132639,-0.8915661353059308,-1.177782007226118,-0.7712607928800248,-0.6872157766826115,-1.2393973275086356,-1.0123276206750582,-1.6347737822692314,-1.9305580012974763,-1.7984971614736884,-1.5544971883320724,-1.3921199875901196,-1.7958108392006682,-1.8051351908101436,-2.305118811957409,-1.8801524353650207,-1.0821033925085761,-1.2681369722197264,-1.0981889109381513,-1.0124140451656674,-0.9659010843765947,-1.1448241575246851,-1.9188106752398733,-1.897021156687268,-1.2051369002549384
2012-08-01,-0.18686469764265473,-0.7613931475600961,-0.33912944852468996,-0.1530164904531321,-0.07827802323895618,-0.04572487738065746,-0.3857588498415732,0.13327173197311618,-0.07065071629211236,-2.439668150657462,-2.6551116260932357,-2.023167382599532,-2.0473702745924154,-1.7591244379488598,-1.9880742508118967,-1.5261318226569127,-1.961016852387114,-1.979443785010413,-2.2854584292909865,-2.9231444415455226,-2.126467602146175,-1.9710274226829891,-1.7771611691551372,-2.1841580862725247,-2.384985152042093,-2.659208013487689,-2.4064474695249056
2012-09-01,-0.5836739228562968,-0.43465034157326904,-0.003046061485817621,-0.3806662639438627,0.010101062472388175,-0.0977919758388453,0.1618397068021221,-0.0219117974381918,-0.2700096885384669,-1.521921825164335,-1.53406208431454,-0.9251038298211904,-1.1336875397425432,-0.71112224046343,-0.8909005391993912,-0.583760859440697,-0.8850940965503626,-1.1591722789627374,-2.108546351889972,-2.5424208790833283,-1.3520779466786468,-1.4728421774600406,-1.1861566544809539,-1.3741747747375166,-1.3070110004403328,-1.4408911766344412,-1.7094358941121095
2012-10-01,0.39852183534478464,-0.10934100391436843,0.3455110458369368,0.31013828917001807,0.8971580697042402,0.6172922619735737,0.7360774381481219,0.6876996961714384,0.9711367670664928,-0.40895233591261715,-0.9032162377325474,-0.255824694649014,-0.3839766425902789,0.293833272348315,0.09526960257091911,0.1157997504357499,0.16706603827934735,0.34628081413271583,-0.7737584932649827,-1.248036124989416,-0.5654672798546881,-0.5510602450468189,-0.04058406405791146,-0.3158721159412061,-0.4100521109965903,-0.42254159853637563,-0.13657517782734624
2012-11-01,0.6062162493674664,0.6464105630579394,0.6837089315946079,0.7667959424710814,0.6389057695628153,0.7545374852756189,0.786154280470308,0.5830212594883459,1.001221606192342,0.3103143185766535,0.1277008425386658,0.4275393861557453,0.41181946427503063,0.8146002360879373,0.7175425120215762,0.6714073586360493,0.6512050090756031,0.9563589284370415,-0.07860251473967958,-0.31551129221146773,0.02459220328731096,0.008421866292257905,0.4541861361542746,0.32671078770812545,0.3450248131766883,0.31832661843627175,0.6112848180370972
2012-12-01,0.5964271679356354,0.9581499961223037,0.0445236702528435,0.21930032628615753,0.4013063159766728,0.2919358620708993,0.0522978611406654,0.14539648676305295,0.3921296486578088,0.7797468107615066,0.802185974268823,0.32881250700713094,0.444713583038641,0.8255813095040809,0.7201379816562747,0.4974293237483359,0.548676178849846,1.0490231758508928,0.5548396666240283,0.6030053487589355,0.2104791320759847,0.18572015569190098,0.7889358126882515,0.5682450243893707,0.438444246180404,0.4870792123666733,0.8406103668319008
2013-01-01,1.254272207902826,0.9132636256971799,0.4533678287030498,0.6239536427767978,0.995476769374662,0.8606387248270291,0.5142033592730174,0.8636062727268115,1.0076276658098582,1.2925073511871137,1.2622409001890436,0.463352977125733,0.6667869559746428,1.0162143447309862,0.962431971688285,0.4432649939379568,0.6885913287456324,1.0768774251864046,1.3499062486014204,1.1954883331891386,0.378909296125918,0.49941682904044105,1.1532822353760896,0.9436203570794482,0.5156777114597293,0.7126592617331212,1.3876968949211352
2013-02-01,0.8801305170396505,0.5891105192491205,0.29154519419057623,0.5633667062068568,1.0410720730639853,0.8817628772768017,0.37542150552554615,0.8095660060306417,1.0278754773001613,1.4025598532109904,1.1803463398730591,0.16144004459764263,0.38569873830488405,1.017169317830599,0.7898687205285825,0.13277717818326262,0.6963862874087571,1.017161259745767,1.4763530300631238,1.5073741325412888,0.4254602813152551,0.6182237571515901,1.1161580452596231,0.9491111412509331,0.2930179752668047,0.6227970426482272,1.2500862137788036
2013-03-01,1.2585519199498052,1.3279357026968084,1.1109216061247138,1.2518927758565106,0.9867214745083563,1.2227390510721337,0.4752914646647527,0.4977666984184454,1.2365142490396006,1.846126602615031,1.3572960690458957,0.7567854117866292,0.9554441516239741,1.2969494345407904,1.2533444264864273,0.43522335101048304,0.8665941621182282,1.4107242134036104,2.0361356357254756,1.8046534074768552,0.5562841642991312,0.7949591910592015,1.1998760900601022,1.1065339876355722,0.1814707027881562,0.5663950848097057,1.3706324608878462
2013-04-01,-0.09882460570334471,0.02993863495761814,0.3232720156101498,0.402134401133133,0.2065532622931696,0.43498357374949137,-0.14842023144601005,0.01970665430169032,0.22965368012740808,1.0493292858304661,0.8953739793801266,0.6910283136102118,0.6990852336476836,0.8384952216668021,0.8946809614172875,0.03124099540162565,0.47200904451741305,0.9759916121047305,1.6558921751244888,1.3220659843410354,0.5918081834903743,0.77329371007803,1.0711865796601607,1.0121897494684893,0.06412490487599709,0.5278856343229037,1.1808525526875393
2013-05-01,-1.1263788889976405,-1.2805737301943927,-1.2680468476271873,-1.2106670093102796,-0.8571640332964542,-0.9797838432492977,-1.1396750707648975,-0.8837752044430963,-1.0068595049797147,0.5110810799953912,0.4460169568196221,0.3597600962447942,0.39979920463525903,0.28546538404437194,0.4562699297313604,-0.41558115760474557,-0.14307980847173515,0.437126309652806,0.6488353258714524,0.5527968189443451,0.11861359605476358,0.18608814421499237,0.4546803233539663,0.4097754609728868,-0.3950378521953643,0.04293644911679574,0.4465406353729153
2013-06-01,-0.3913274676266308,-0.920754658592977,0.0689167009178776,0.16376118849804353,-0.40930229043150523,0.29494215611196095,0.4115593092155492,-0.48128355655298954,0.21172992408667082,-1.4682305723781632,-1.2146656892796186,-0.8143508087757022,-0.8791558159305166,-0.8902518181519272,-0.8944090353758314,-1.374983251547348,-1.0058131810557636,-1.148320259855286,-0.05601700796320176,-0.05819793146315212,-0.07419323297647988,-0.0297568474260399,-0.16044053086582652,-0.050046471670675136,-0.7517807872565928,-0.4816357695815191,-0.2208721567365243
2013-07-01,-0.6516113479936174,-0.8049488364655761,-0.5883621349101381,-0.42255223087113913,-0.47444569271463566,-0.5886093015834094,-0.30479793152872536,-0.1252775346831954,-0.19376241851453452,-1.9790637065995318,-2.168415032976055,-1.7987956721447953,-1.525543908119772,-1.9361570654611318,-2.0212018241695047,-1.588142515974293,-2.0022864302114254,-2.269354444802759,-2.0011922043651986,-1.8137514203222607,-0.8945872243317318,-0.9306535193909683,-1.374041149922992,-1.3009065513884552,-1.394511524644436,-1.2808268557738707,-1.726294459037061
2013-08-01,-0.0499210920393217,-0.021475565578993643,-0.15807834226272938,0.16572058771540835,-0.2989715315066736,-0.0797772316243343,0.3046284382022477,-0.4097171921319272,0.13762247547523895,-1.1155756395256924,-1.030502914423171,-1.0111942227599335,-0.7244482135504853,-1.7257520295196693,-1.335331641979448,-0.7215604414888648,-1.7217729775547292,-1.1845710179802296,-1.8596208323235899,-1.576236518196723,-1.1868204655504897,-1.0062375825185041,-2.0808335926689554,-1.6494424039863749,-1.0508435309385789,-1.7317724160720847,-1.703609386560821
2013-09-01,0.04552351387500121,0.28877646769250453,0.0392919279418301,0.22705309566599138,0.4464225450354871,0.2577808199773032,0.4447880629885477,0.221978847334314,0.603472509418997,-0.40371740143555995,-0.252823756079922,-0.15399337615448785,0.05224617394841777,-0.43484261948874636,-0.3555411256129468,0.04886103250740859,-0.6262811071352462,-0.18889138780364853,-1.1091307816641363,-0.743442182876362,-0.5137366036719506,-0.35601352126997937,-1.0803251797570326,-0.8192882265794313,-0.3895069833707525,-0.9174408846335604,-0.7605513042739237
2013-10-01,0.13749853610329518,0.037628518140543035,-0.4936992918364522,-0.23540088384880037,0.3816321949630042,-0.11224046280290324,-0.32311895450186867,0.300454548386342,0.31857352249531967,-0.08994740046402565,0.162455288914518,-0.032160641372571755,0.01661648807231294,-0.10508060949821914,-0.11123323870029334,0.16953165794433844,-0.12711255492997825,0.14528399568373707,-0.5143950962643689,-0.29033114631081613,-0.30080698955052204,-0.22868946872298201,-0.56366655822491,-0.5157093733008895,-0.11883493795700031,-0.3788421667164805,-0.3524808309716364
2013-11-01,0.8560608191518377,0.5806109345520233,0.3838677174456838,0.6091632190783267,0.8654137579800582,0.8445226582303696,0.7372493227942805,1.1074487158012611,1.0045552103925963,0.459559987257693,0.44774059336408073,0.23494009464709642,0.2620429223876234,0.7806236990014349,0.4818977031958067,0.4594413092856875,0.6054678974468584,0.7239019796504569,0.2480630527127636,0.30942368073174137,-0.020765867874672314,0.021755575795200252,0.35465558929135466,0.17921091774619238,0.3645886302947869,0.34324554698487925,0.4727114526312537
2013-12-01,0.8237238462332921,0.6207241520331067,0.913651921532661,0.8842299387742705,0.7733478236432377,0.8256284166872149,1.1095551101647458,1.1690006922549678,0.7448471664135434,0.6687650626784638,0.5606404421764479,0.48148482587020563,0.36861419633785153,0.8289669259230906,0.5590867869083255,0.7076593235684578,0.8771457528275561,0.6531435340195967,0.5561276821487288,0.5639177354344402,0.37558028234546975,0.28231122672272757,0.7997483011912796,0.47683393264645174,0.7430324974972876,0.8400520594478342,0.6552879091660412
2014-01-01,0.8071110228850111,0.7108004829502262,0.45147507635658235,0.6676546774589625,0.7118255905333469,0.7462786102461141,0.5681073039542888,0.7609332095106296,0.7013122733089667,1.0596440180545925,0.8212196946349284,0.7357680170042502,0.7601365564875795,1.266600116135922,1.1186971014720075,0.9935375081936864,1.223245708239561,1.1692785653851143,0.9986811128622564,0.7784098171274756,0.4410485553862957,0.41543413604835727,1.1001538682945404,0.7839210333060642,0.736294098990341,0.9999877142079304,0.9288991430443615
2014-02-01,0.7115399896223913,0.8044943767634002,0.7558863154625519,0.6192823354909414,0.3967071401766753,0.566349606163247,0.764404308898459,0.744302620323829,0.4963681339237375,1.0231555660934826,0.9017723862357476,0.9371535473690613,0.8681508545597125,0.7789428057260829,0.8554087881235197,0.9648835002212359,0.9707325657323606,0.773537294857157,1.2223502665015813,1.0735455364399236,0.7571711481738426,0.6852772270614002,1.2425444262621783,0.9912836046377338,1.0231899235745057,1.154711741071216,1.0780087442691049
2014-03-01,0.8664571505195119,0.5106296904097134,0.3909675601320536,0.4006532605803102,0.8731154342921431,0.5787832504168388,0.22327503060867843,0.563575395957488,0.8154209996011088,1.1779043689315394,0.9418580725968603,0.7439295232912059,0.8020767425340977,0.9783137172560707,0.9220607651324431,0.659602893431572,0.8013346205557013,0.9764758244077537,1.315031108210261,1.0790848588266388,0.8255743203305528,0.775299963246973,1.1116504371309304,0.9449540298150746,0.870396481160228,1.021300424988559,0.9305610818509958
2014-04-01,0.7226076551729432,0.7486108572516212,-0.1016565866520821,-0.04863435658676837,0.749506054170722,0.08300962031379312,-0.30362098886360356,-0.26828836126540295,0.4983063605001905,1.0932227338562697,0.9461498361882368,0.47483260168055164,0.45407257236810544,0.9019351441071575,0.5533635752618853,0.3643633093959662,0.4112002756123598,0.74714684112959,1.3349518244755225,1.2377167050507105,0.5050822678838965,0.541431860780754,1.050927386624963,0.7682051611450864,0.43069499745609446,0.6604284882717739,0.9045373139660544
2014-05-01,-0.42488442399170245,-0.48617046493037297,-0.709634767484783,-0.8289692655711708,-0.4680731831698426,-0.7336411744748167,-0.6347560093316885,-0.7381906034170465,-0.48779814847074615,0.681507157827334,0.3212001618158181,-0.15256448538330586,-0.050137810416492914,0.6331050179637628,0.2589400035174412,-0.3087194782768633,-0.03846643192725891,0.5054454960192121,0.9346595892964844,0.6798194389129875,0.2132729355276846,0.16237439925200722,0.7258486880800555,0.3319724630057992,0.12695693388306525,0.19427057941352702,0.5861527740335373
2014-06-01,-1.1195206807303355,-1.243684433128069,-0.7538151991096699,-0.4195814565638919,-1.106287504734538,-0.6927305273360885,-1.0278056019324158,-0.2146583302230421,-0.8299686857674233,-0.012963897557362531,-0.2153139842908169,-0.8145894217351679,-0.6873082436662763,-0.143802984926601,-0.5306739322458509,-0.9982287528199384,-0.8902185852989296,-0.3126314279299372,0.2554622039719108,-0.17744228664445796,-0.4655523135393918,-0.3086717178760747,0.19219698159241413,-0.1735117459180132,-0.735468248273054,-0.553537947421818,0.11389776735589535
2014-07-01,-1.3062106589569533,-1.0467605297752878,-0.1703398040415928,-0.7764105320755986,-1.1384904211537776,-0.9576652814826387,-0.47547380243864057,-0.9325140169163488,-0.689310364970527,-1.2717608424194884,-1.756710896865431,-1.486794597162038,-1.1256915620476566,-1.2824954928484205,-1.128735219405857,-1.4987497442521138,-1.6444174583592166,-1.1161809625346475,-0.7349753938447996,-0.9521964924599136,-1.2754344667575157,-1.0611338324402375,-0.696009597352532,-1.0543209505945534,-1.5985343440753002,-1.5267252672269853,-0.7907133731048466
2014-08-01,0.11528827016416708,-0.48263306902866426,-0.03573458332284554,-0.23646256650311118,0.2088428806671312,0.648724060349379,-0.49582591400028864,0.266575103198896,0.377131892333796,-2.3432158085461685,-2.5178446889128825,-1.948553136546414,-1.2960286585516834,-2.4251686491991427,-1.7308528838561021,-2.0375767638522992,-2.1793682757829655,-1.9774571805976127,-2.0238780883586176,-2.4359067537288044,-1.742634577122085,-1.4322446899235415,-1.829978103770468,-1.7016079071785388,-1.9329357389643498,-1.9350073876753018,-1.7119249213878003
2014-09-01,-0.8313658664140647,-0.16777431810406798,-0.5682555663786912,-0.7291901451070094,-1.0762901288187225,-1.0382143375228352,-0.4912849124166432,-0.5855753535710235,-1.2491829497655649,-2.411642982527498,-1.5180589144360177,-1.5121381255425566,-1.575611780320757,-2.233428751912989,-2.030702524098745,-1.3521732152995216,-1.2460901559777342,-2.27379388992603,-2.6954471707198024,-1.9517781836645944,-1.6955875771469404,-1.434313279098132,-2.502985663272072,-1.9467262772274883,-1.8770600802986328,-1.9122998201089099,-2.2289648028924147
2014-10-01,0.18438499089712554,0.7304285548018826,0.1822701111792525,0.16288495443990275,-0.16206750913688764,-0.5511693502062567,0.19154095813670757,0.0031934446624332213,-0.13575285728216632,-0.960410421949204,-0.3530547276639384,-0.5649907741895651,-0.72490632768027,-1.1884758856453348,-1.1668678891982918,-0.43242382330096724,-0.5538364381803943,-1.013914928525095,-1.6054320861583538,-0.7439572990940894,-0.9976261566951122,-0.9728839482953227,-1.6463713141742145,-1.5492893617318837,-1.1260287017115027,-1.2068558014886228,-1.550548511481135
2014-11-01,-0.026023727619356483,1.1316781013210766,0.4781426516023221,0.1750760617383051,0.10701976812650098,-0.2811726934226788,0.6114909241346723,0.19887587700882373,0.26157842191613345,-0.384855154819601,0.9128229454159736,0.29149538391311725,-0.07123753426974397,-0.3432090424459054,-0.49768232769836473,0.5393728057989232,0.21867465618136472,-0.08395865761612312,-0.7512179363736478,0.5880135743219963,-0.06076026242199623,-0.4330549025889553,-0.6656917720868561,-0.8189952871635601,0.062139150745148516,-0.2749872630235949,-0.4370408981937571
2014-12-01,0.7356016695803681,0.576437588980585,0.20336366390871335,0.4730167156188888,0.9631156438628465,0.4915687186921121,0.1401612188156989,-0.35508944156775435,0.630945998855249,0.4667682096030504,1.0810583119137973,0.6080157711637746,0.33611530898047565,0.482483804504916,0.23523881409508585,0.8120629639564781,0.3047727458286664,0.4974079791350127,0.07162772689627696,1.065193041733333,0.2586963149218117,0.020364517247287245,0.21892124513165057,-0.13849280353219126,0.3550498559101285,0.04505447725727724,0.28469447337404563
2015-01-01,1.1005601972087538,1.0898484587714834,0.4649634510605389,0.7478993056124812,1.3236013442784416,0.5557204357279941,-0.09749207067961589,0.30027640054684124,0.5650242953494331,1.071941366897597,1.6495322343404444,0.8297233894454519,0.7586468062513898,1.2472410170836226,0.8941461225650822,0.8806594262089491,0.8210457877788929,1.0874651442649115,1.0422740338796885,1.8398875891854554,0.72253414858031,0.6541117557364187,0.9344562851804641,0.5139807435501018,0.7205548866969127,0.5086400322831435,0.905691461101441
2015-02-01,1.8514459663669722,1.4580685548555434,1.8004567483320186,1.8293744874776223,1.7219371175509197,2.01390675940764,1.9762124038027706,1.8207252976292216,1.8916564890604106,1.9892577645169223,1.6026538288736918,1.4898375454491115,1.6241294939045698,1.8881727347737942,1.8031388194179248,1.6340120128010462,1.562037523082226,1.951373229352068,1.938869080564449,2.2415682147579226,1.6072586591203357,1.4990677730929762,2.018343061423336,1.735047405075811,1.8286702713712952,1.488696009265205,2.136943974527231
2015-03-01,0.9440786775516469,1.2072468528168763,0.551861198700342,0.6209598208957958,0.5606858457840979,0.5066199251837971,0.3873992931015963,0.30723638872258724,0.40856738070692367,2.1529672658044303,2.1022558038288057,1.746154313966388,1.8396232139071225,1.7405046887885363,1.9195719917015006,1.8282029959100445,1.6724620886965293,1.967437450529356,2.329417276195041,2.2056468323463005,1.598367612063457,1.7164358363392915,2.0732096045050437,2.043147136725688,1.7091870656693577,1.5028808551027595,2.2259641482625887
2015-04-01,-0.8672991233893398,-0.43132239168443154,-0.7846636408145337,-1.0468559429104103,-1.035111956959136,-1.1067462401749677,-1.2150195798322467,-1.0807618033693969,-0.6537558390770878,1.6192933607461648,1.3192234520452568,1.2129667248836784,1.2792786209171823,1.1520297982288676,1.506155115528049,1.3939492327207599,1.1681869780224872,1.4891856504224843,1.9972704565247597,2.0335263837019877,1.3278312298233674,1.4231733723245517,1.637101109332324,1.6992979970223234,1.4561202753327156,1.2451432846012833,1.9404202546252107
2015-05-01,0.16299733222307008,-0.44452332841633796,-0.5462306649023916,-0.5418636187493489,-0.5980127418133486,-0.44647902702820524,-0.8335516497808917,-0.7160815646768222,-0.3671720925878729,0.4177343864145998,0.3084384056202516,-0.16849369248960883,-0.07161428220495848,-0.19384981843138108,0.0013872304059047353,-0.2322583760027804,-0.4021987878432164,-0.022835562098455938,1.5101431379906252,1.1897923219019289,0.9198283008715561,0.9444324493455716,0.9001146738868577,1.2340316099342623,0.9620394265913523,0.8362560851036469,1.3080234842768717
2015-06-01,-0.7638447741584242,-0.39825190946825884,-0.3562369987313566,-0.09315145519837588,-1.0857036383638863,-0.6954328535488534,-0.2916178928147723,-0.5959470928311437,-1.180282118992185,-0.6413603512339808,-1.04502385164805,-1.0308372805533037,-0.8191039007500069,-1.6695041743912378,-1.010809720030724,-1.3525010505105306,-1.2544292447539422,-1.3332001481098892,0.05576601501123766,0.21504949552620956,-0.3216186129743944,-0.2424623295932046,-0.7504800669401812,-0.3019636497036568,-0.5487717224725415,-0.470046771830217,-0.5210105046615487
2015-07-01,-0.9090181616463098,-0.9682732162493218,-0.539702611593758,-0.5430970589210163,-0.9168174286764689,-0.6783799764914986,-0.35720113622127325,-0.7089874629225951,-0.8951731002357234,-0.624747452947888,-1.2428727800279804,-0.7633281620724719,-0.5935189065710156,-1.8645752486676708,-1.0263065504703637,-0.7778393794457203,-1.0432116104171456,-1.3795934205448563,-1.2375114231559392,-1.5515221770141088,-1.2768893682628126,-1.1934724380505328,-2.270358339846277,-1.3521448455908507,-1.3776524330362063,-1.4285774616836813,-1.8866835729361848
2015-08-01,-0.13285975683177484,0.009777508501066096,0.05285568185317894,0.005105305312700791,-0.33456126004864983,-0.23856657635727938,-0.11137239454473348,-0.244101247197209,-0.27191353403227886,-0.9959454743542224,-1.0227041352610784,-0.3442488045009463,-0.3155452758073807,-1.3432690955330076,-0.6591410026021775,-0.4025278308523774,-0.39337484997218053,-1.012578759549693,-0.7965556367389057,-1.1772324576435318,-0.7050312401284577,-0.7011444143187767,-1.6304614892443154,-0.9044026561013881,-0.9713353395720624,-0.8117602978310833,-1.3672121366874341
2015-09-01,0.11003232319554772,0.24508747589842722,0.4964217089086026,0.5653200693062103,-0.04138435286287535,0.38895983618008145,0.7152986786725268,0.3209476501294727,0.4494441327563899,-0.2496011768239172,0.0748289242425289,0.14345770284636178,0.21003930250775915,-0.45620753451201757,-0.23519378362555518,0.29757328645211045,-0.025533441319587947,-0.3405936935138864,-0.5898545638864602,-0.30717012007142097,-0.09725388362811209,-0.06870463211349208,-0.7068220059630165,-0.3200794023599509,-0.05240380280366301,-0.15214208419827713,-0.7738230229721706
2015-10-01,1.3423004196396242,1.3719059532672335,1.0684603624428153,0.9642170186548703,1.5446620407634033,0.892700071451852,0.7314258413743909,0.08707939155489353,1.303882735388769,0.9527429045402745,1.3826709549418825,0.9579462397521661,0.9566387579827943,0.8901709387265772,0.46768474001043514,0.7231730198459356,0.27250552596793526,0.7337519564545553,0.5813277998643294,1.1324808541012097,0.6249328044243424,0.44958542633598286,0.45374098322137413,0.11288149034958951,0.3187555572757429,-0.10016156037504963,0.20729126789515642
2015-11-01,0.6268605294815768,0.5332047005702331,0.45439692835499085,0.6995217710188827,0.7026584074196651,0.23946082891515838,0.6156231953597859,0.5971891200908861,0.35901428547045255,1.2736718322353102,1.778732419444854,1.1200698575370192,1.1482273375919114,1.147022423810588,0.606488334835476,0.9480095196216329,0.41335656990787023,0.8994955969969893,1.0176128945809668,1.6978636514914835,0.9755795547760597,0.8709307933540257,0.9211824655647296,0.25863169828750576,0.6942224904506946,0.22973700799047947,0.5257166580598482
2015-12-01,-1.0174561311108614,-0.4642444406024752,-0.5905829987036594,-0.7403128577460536,-1.009169978021185,-1.1122517703780046,-0.37117707429629127,-0.5321387420665411,-0.9412926052661189,0.8997698298789691,1.3552139464938908,0.6636777306406055,0.6091300149441906,0.8656346815970444,0.1907669213355668,0.4290724834285822,-0.05156258959323168,0.5815112756021829,0.8382278972983409,1.5540284303707839,0.8017883079039307,0.6875184675839708,0.7630611529401216,0.13881421860791404,0.6183601065807514,0.10611620660591332,0.34900511973179305
2016-01-01,0.4441905766404609,0.4979168352458351,-0.03731526558218837,0.15688415204388526,0.19906032659596531,0.030077289237501713,-0.40100839167697605,-0.25509069875202284,0.18858437380775023,0.15837932120599446,0.4894286803298481,-0.06126164014341843,0.03918255201287363,0.09072930313578834,-0.2790706072734202,-0.10470223647023101,-0.19792078573235197,-0.11484182438933452,0.8890969510687985,1.3345537552427302,0.4715195486288354,0.3451847375781472,0.7303712468664061,0.024031646563207276,0.14193856910097366,-0.18037952334119406,0.3746967055281984
2016-02-01,0.2047650372541836,-0.24415796020105732,-0.05238778341611406,0.11190257338270514,0.36348098683775265,0.2667453094272105,-0.23391810105699043,-0.05516921343547614,0.45204916964510294,-0.2022061248630492,-0.024255264068275637,-0.7360782575802388,-0.6518471418457138,-0.2002706438896751,-0.3780207411377632,-0.7627239418327162,-0.785103086532885,-0.13496488575514065,0.0652875835148229,0.16452796776713274,-0.19195479562304468,-0.15186514992277286,-0.03484794482467155,-0.3016744761803719,-0.2540145691468051,-0.19892591054987357,-0.14686924685919175
2016-03-01,0.5815126610969301,0.45163196228552943,0.2678046715265797,0.4516240386915524,0.5308374472819489,0.4200541422346938,-0.022383047624259227,0.05745194658941934,0.6286081413312863,0.6192634743301783,0.6125012674322432,-0.13331589468535834,0.1594007886773968,0.5996804845823843,0.3734329777204198,-0.40744514888811073,-0.38023663245442973,0.6216932709631161,0.1928669903587083,0.258276081626366,-0.2941129021335873,-0.20285722736867598,0.19410224271776352,-0.0004019606284504571,-0.6195122329861636,-0.31419972319565065,0.12657375431501985
2016-04-01,-0.38241407819861667,-0.6608437845909233,-0.7437943975169822,-0.6008885752602392,-0.3469244311739895,-0.5367538391225097,-0.8085350917859285,-0.67380603245806,-0.09973797297195817,0.10669597058654708,0.1179022876587464,-0.3461833418211374,-0.2318560555473344,0.23708097941626222,0.22014704164556506,-0.6007100710354406,-0.536746364345268,0.44222715401136187,0.2694533959155839,0.12407644700111498,-0.39107117375576594,-0.2594788767732962,0.27144017138849696,0.056982182808152856,-0.9161387149268789,-0.4051196811602295,0.36460487755041626
2016-05-01,-0.3746146379453173,-0.5098368004470384,-0.8670207829169508,-0.5048633185017125,-0.3120450006142069,-0.6359194236161295,-1.2365437362133942,-0.9112239666297862,-0.5771137146937726,0.123633538116121,0.04180564229823841,-0.4576428386711917,-0.2872398018246036,0.34582184619604256,0.038685214872896855,-0.8250035933358292,-0.8003592949812812,0.34120615551732103,-0.04064488118889382,-0.16391655322093768,-0.5555069142636505,-0.43736693301657936,0.21075375996927087,-0.11977746051784008,-1.1807067731876177,-0.6228072881870876,0.1798068009241226
2016-06-01,-0.45386283716719733,-0.6280978858079216,-0.7384674485447231,-0.47006319010587666,-0.4151956093270509,-0.37485164505976104,-0.9469206759921257,-0.5264173677431971,-0.619197154482674,-0.5886841463529733,-0.8401093313467277,-1.1476980976561448,-0.9851510657072542,-0.5630739294868848,-0.6003078188600857,-1.582664482602587,-1.271764728375253,-0.4296890470966603,-0.14336122281426505,-0.20879744416977986,-0.5121058748862266,-0.32036240321972687,-0.11943471227493986,-0.12868067876990108,-1.3838289125363894,-0.6048900513032268,-0.04236118560346014
2016-07-01,-0.6004945955276093,-1.0977587073829198,0.29548249545958644,0.21501098310807532,-0.35989528221704364,0.11355610969425071,0.17087533248501935,0.2901868988244431,-0.23742536471178521,-0.8986050339195863,-1.0301633475774743,-1.5197323711737114,-1.2257557252860725,-0.8778756049122309,-0.9071050185451335,-1.752305398923456,-1.603658106802516,-0.9538682119017012,-0.9020675510447966,-1.2537662181817315,-1.317951470622036,-1.022395789943971,-0.7612315622362676,-0.8264954886767799,-2.185999026073551,-1.253277144335598,-0.6864657791761252
2016-08-01,-1.1667584253734393,-0.5551800114607018,-0.41796780220449337,-0.46674697732333603,-1.0199992780672091,-0.47482909854943917,-0.2514584883248474,-0.6704785727582142,-0.7080929639485429,-1.1337441470901448,-1.3955649068351457,-1.3905603833969318,-1.1682249013885362,-1.3700914125687447,-0.8694974956735744,-1.2973409506478175,-1.19389470567593,-1.2611840411148385,-1.1165580459641846,-1.2665801318807979,-1.1651167821309159,-0.9078891847346493,-1.0202772023296676,-0.8236365044765241,-1.8426528891100025,-1.1745007110468915,-1.1364686963750823
2016-09-01,-0.29027059573349767,0.6062465733914811,0.479348671161372,0.41672183542618413,-0.6672512454311667,-0.09945072618679594,0.9006987858530364,-0.01784701359126464,-0.22633818300464847,-0.8987602427245865,-0.21188770767282086,-0.3606706949653055,-0.46505588865603237,-1.3208037604521057,-0.6854406294280668,0.051098289655081106,-0.5303708088363526,-0.9716965341170052,-0.9478444140746721,-0.5255402309733496,-0.4437211160554716,-0.4067155769285618,-1.2022476311034442,-0.6190177627920744,-0.5054167677969581,-0.5959653276411784,-1.1300370797450034
2016-10-01,0.2416495990840214,0.12366362453577164,0.008392304633990245,0.3400468000103871,-0.11945272900653907,0.10964425086341338,0.25285503283100985,0.06982965195522632,0.06381714934882764,-0.1729248665226034,0.2892835102436772,0.1472213385557687,0.05015129313443039,-0.3678336718043226,-0.1933166646750312,0.4464151664837031,0.04386336507135733,-0.4630334249093415,-0.5059101830128993,-0.12552251985581936,-0.3330230894096104,-0.32875646061931013,-0.6852307635262443,-0.5985173583120738,-0.20251633838190822,-0.3569288780708189,-0.7444241276046015
2016-11-01,0.6556626154597395,0.64154469467218,0.44121358559949964,0.3065766184707265,1.0465789484839683,0.7004202427563901,0.6613709979101753,0.9116421982609724,0.9753094038293237,0.5044598566629099,1.202539152199348,0.5668140519768675,0.3210087035529853,0.40056722328975347,0.48836262594807184,0.936205071362782,0.5833796644314176,0.7879461726965856,0.2199776310849404,0.9456232206700386,0.37941135522357833,0.10349055517712832,0.09787292018768826,0.24369692371150878,0.6016477517250303,0.36744985768216193,0.519010237004945
2016-12-01,-0.09710534678679754,0.40463928807846783,0.7378296097412109,0.17877800539747932,0.7867453185188155,0.34698714447477175,0.7389011247187623,0.1832257445154763,1.3137289791167663,0.4928237567406654,1.3056952271219375,0.7632835641494777,0.14242651041978713,0.44630009604620635,0.5542586804516726,0.8901129030903353,0.5829576368879721,0.915511420979757,0.3713030551403165,1.477790196021945,0.887145575340233,0.2289042581494893,0.18714357969054682,0.39783570576470423,1.171445899180373,0.5526689462191452,0.710959649152322
2017-01-01,0.9054116290464281,0.8463754842946444,1.103641439471553,0.922540381931962,1.2783122338181492,1.0583090585627415,1.5092521839545887,1.354696748033846,1.3325202617428633,0.8686538744807584,1.550575145643057,1.174849417983647,0.5478206588576733,1.0930321125588163,0.9786993827704576,1.4966296737856049,1.115171560059393,1.460967802516954,1.0553724027595115,1.5952607938324113,1.0564666256509634,0.3977379441712662,1.0849777111569907,0.98816691655947,1.5275922589602025,1.335551743390243,1.6837399127579105
2017-02-01,0.30028784963131117,0.39115669531320674,0.265520501847124,0.5155611103058673,-0.12557096268300055,0.659636366456442,0.08959667545545669,-0.20088761388821436,0.3022335081467336,0.981455677130749,1.0973630799791694,1.1449924895142536,0.7816305211004673,1.2837500389928265,0.9494336050082549,1.3096404657123404,1.1545859888798928,1.348859161758515,1.146867349433529,1.6682014126785856,1.2633203439181335,0.609424822308619,1.287424535803994,1.1707635936780278,1.6264399196346515,1.3381099383093717,1.7831280563670078
2017-03-01,-0.48258324954772525,0.05807737844734234,-0.48832447300578824,-0.19658191087884475,-0.9801988059210026,-0.45278214058985783,-0.8098737215329281,-0.6007338833143173,-0.5477932717519345,0.9306926469673377,0.902666679758213,0.7150663756584936,0.7404049914901881,1.0168684990258383,0.798422588970726,0.8369239770894196,0.9586641029643186,1.0940485130950455,0.7013416698954699,1.2732345457998282,1.02354313115296,0.4417603811855666,0.8102759250184406,0.6427630496079108,1.1473066955158353,0.6820191792885347,0.9673667268356264
2017-04-01,0.022754822752189437,-0.21996070474777973,-0.14578860491550152,-0.21608623199951518,-0.029683233914296114,-0.15904538653591865,0.22887565640120885,0.2283028184039311,-0.1673644140452634,0.17274542355118186,0.27297077244612517,-0.03392862564713798,0.11648040123940132,0.023229780109296095,0.020519302713366792,-0.28951684045736675,-0.08594718913014741,0.05629405830403313,0.7747720149754505,0.7801121891724674,0.5897403659489933,0.39970991737032946,0.8875185765730207,0.5578636268564582,0.7542238157573853,0.7419204520696849,0.8485573225109024
2017-05-01,-0.43232728774104184,-1.3069059965038243,-1.3363031059414312,-0.8611866208966741,-0.9261093803216507,-0.07467310547787154,-1.0192362998829363,-0.34001721320228967,-0.13196291762902534,-0.3723552047851902,-0.31106771919459564,-0.6151110058970709,-0.41870315136122915,-0.7122229158706638,-0.7708302250081319,-0.7353761309268935,-0.6166141166680121,-0.7872342974394487,0.06146603829401179,-0.035982614529933045,-0.15643862447295762,-0.12515690447313466,-0.14006034400004694,-0.12382457033475,-0.4173043913242292,-0.3274590595695325,-0.21408526326904104
2017-06-01,-1.607056898161273,-1.343213052685329,-0.8177503329176364,-0.7975432971157269,-1.2510616003928312,-1.1721615660123406,-1.3062327681542611,-1.494894455646082,-1.7948598338307953,-0.8368248814825697,-1.0138214922607869,-0.9216619462005852,-1.0220200995992217,-0.904094061955087,-0.9232345207220117,-0.6507426235752095,-0.7132535392063202,-0.7991870490317767,-0.7955565784672612,-0.922482069726655,-0.9961074834543503,-0.743345939896885,-1.325930772065773,-1.0638585920060148,-1.300329254338126,-1.2310801280199448,-1.3642140976115016
2017-07-01,-1.0294717916267295,-1.253711936032268,-1.055895873473468,-0.7895856121326734,-0.5004226342764261,-0.5775459833047352,-0.6281232129136942,-0.9576944883044661,-0.9058808135550681,-2.059069194833616,-1.678982226471072,-1.7843619394740462,-1.829516195262652,-2.1097258390627167,-1.8632631945105838,-1.3596848188505515,-1.7393311830614344,-1.9498349125395666,-0.8848995682157853,-1.5515268570584808,-0.9568070755448452,-0.8894986251807868,-0.8772575489700957,-0.8196520691551831,-0.7081448407985125,-0.6631664829274823,-0.9343657352149227
2017-08-01,0.39181203176676566,0.6884875628443792,0.1681595774944951,0.31341609757704186,-0.3006327067185356,0.1092463350988957,-0.4346000888008071,-0.3422608207387648,0.3784517887978162,-1.8062477059245547,-1.8855792246258813,-1.7534384482761858,-1.7951220402255768,-1.6633081004645924,-1.6304767884156495,-1.2891986147862193,-1.6033440862776915,-1.4932188123796202,-2.033536911181111,-2.453022602954543,-1.813652895149266,-1.6723881978445103,-1.901860303965773,-1.7117373524835824,-1.4492384056013214,-1.5365347354053762,-1.9070384549125705
2017-09-01,-0.13574200538532458,0.04536885509975324,0.22145891821959418,0.1313345949111282,-0.33887311396199965,-0.3506756929054171,0.5586169241249817,0.04331715347237986,-0.3073798214309113,-0.6896401596529027,-0.6434243910630167,-0.6708659948441547,-0.7228395851806323,-0.6419275218886478,-0.8349486667043853,-0.301766063381641,-0.6548351042101838,-0.7170456411271033,-1.223899258204069,-1.343348355473319,-0.9075687701695957,-0.8398050983121264,-1.5595040464424137,-1.1796867551040073,-0.5112381140153992,-0.8931903119893433,-1.4445803394396062
2017-10-01,-0.6686576463963552,-0.04246413529541806,0.26432999054430845,-0.11078630363028676,-0.5289548962039958,-0.3883681165249496,0.9689287179405284,0.5858976786855326,-0.6309889852416486,-0.3341522441820229,-0.017244028373142116,-0.06956812237960801,-0.35590905118429267,-0.29191612067399436,-0.48732467834412874,0.400600946653804,0.060244159794525604,-0.4727654131097844,-1.0794897044283631,-0.869238348559135,-0.5554481036330036,-0.6710400322000075,-1.439499734401474,-1.1026465177536011,-0.04532819128960953,-0.43043427709813065,-1.4625577985750169
2017-11-01,0.023277324939468408,0.14583642290215207,0.28162691334415324,0.2711832000806379,0.23328582464890607,0.30064911898075736,0.6249388009866376,0.8161703509969085,0.15204754892682995,0.22925390046060987,0.47376073271856867,0.3477604864451295,0.0659284243050587,0.4236359659562704,0.13859589038208533,0.8264545885736927,0.7339769838690069,0.1265618008515024,-0.24203256287042732,-0.11130782749484615,-0.06967045883577239,-0.19358799012950237,-0.3097885704053404,-0.20175614660420085,0.3535835500200503,0.28129934002726065,-0.35020214824945844
2017-12-01,-0.013919618246307882,0.041596156327358524,-0.24115585894545133,-0.2973356139321327,0.6611663715201587,-0.21192542250021248,-0.10086649470727874,0.06922432278388645,-0.11947127198703632,0.2093616893728712,0.4329412154571222,0.08136276197209291,-0.10972263451684942,0.6993880035410234,0.1829269752784258,0.530315808010431,0.7206955818685493,0.24179638655478677,0.012920540843802406,0.36696270759154925,0.08305747964465683,-0.04971733630214283,0.1495159199310219,0.029776696680715798,0.5009049707195377,0.5045857541478438,-0.033202652030511356
2018-01-01,-0.4358381183675724,-0.39321634139981687,-0.32238109528365544,-0.36396740877506895,-1.3568124333946112,-0.4723987608099442,-0.20988889622901669,-0.343364290571549,-0.2377316639302904,0.4410139857177201,0.48063845670623334,-0.08134319338473718,0.04602221729313296,0.46714820723177664,0.3399655866298791,0.13519413850862136,0.5381541568247569,0.555406854212659,-0.06712000561203456,0.28647130091198547,-0.049825444642134585,-0.20888406478370408,0.10536221853326388,-0.035870386097366355,0.37556416041130875,0.49733013007251514,-0.007846894471698415
2018-02-01,1.3259996464409851,1.3634101352579637,0.687615586485426,0.6873658747248892,1.4766374327899108,1.0234859861874337,1.1191643524336223,0.9587858038040681,1.384359180048512,0.8693021239553874,0.9927464649542884,0.059367840010656765,0.15411589569057682,1.133392949660581,0.485846539958186,0.22455287137858715,0.47902014485501143,0.88738869477368,0.9503281366410135,1.0406307978802416,0.10735285394867021,0.15415673289595014,1.5342795855141693,0.4850491426772581,0.30096264189177896,0.5501063143070033,0.8689096185915356
2018-03-01,0.09415284009683363,0.016832063520920364,0.13595575213644506,0.19144074993976695,0.07732625658781059,0.10952481780884232,-0.1220066532291589,-0.07072364627342546,0.3220187967220729,1.1349513501099247,1.1848097698823925,0.41694148230849587,0.4859348372272307,1.4070104924864455,0.616411083911931,0.4163630851049485,0.5522580032231491,1.1017598690592152,0.9927039565742868,1.1647609494228988,0.10873829538525093,0.1880198393734198,1.4625521755195614,0.35621828916749926,0.12377328386049467,0.179016917922421,0.9317120670061153
2018-04-01,-1.338041019822719,-1.8538975754614322,-1.2256513867888288,-0.846102535509761,-0.7785952128764653,-1.1099174032700558,-1.784613764799275,-1.5636707246533623,-1.0782389902057612,0.8933145174229569,0.7734615210206496,0.24109663268294002,0.3813916101410314,1.2757175041687243,0.40336512828926663,0.18341770783317257,0.2029122819510326,0.788388822914381,0.7558477974396767,0.7622199817081327,0.012775243269859838,0.1820726006356023,1.2137792202582796,0.2244241195412921,-0.07381581901744363,0.020160872101611486,0.704811695352175
2018-05-01,-0.2670384169998444,-0.6934428252978073,-0.5211613037417906,-0.45707260883996864,-0.327267582083384,-0.6119085365493662,-0.5671800905665842,-1.0660587792337202,-0.5030389975624622,-0.13728435643522313,-0.4712839737252401,-0.3889866208081662,-0.15313564890965184,-0.07888493590339467,-0.30507282436434235,-0.6323429873120242,-0.46584457697379106,-0.10608712118073944,0.719745549477147,0.5567501472088022,-0.04189174923914245,0.21885530128570227,1.1349530390862141,0.18428247026716474,-0.13893594585940922,-0.12135997283234762,0.5931575066393334
2018-06-01,-0.14501216900791314,0.10320170872791222,-0.06618287055308616,0.16616389548513924,-0.37424064959577547,-0.005818486568015567,-0.46441375052368156,-0.23381725000095704,-0.17179441790057776,-0.2623255933376722,-0.5480981930603054,-0.30463904449023665,-0.008537096118026636,-0.5471052204223419,-0.085290733157598,-0.6098263053922488,-0.4438689727056233,-0.22694798046925763,-0.19167400395483228,-0.3385397481528494,-0.24771780207081495,-0.14223245851140234,-0.17472958860206192,-0.2496438852789899,-0.5064369823153326,-0.3123241796917309,-0.16080096333022273
2018-07-01,0.15187774371324134,-0.2727803167416786,-0.7877555492422106,-0.30955632632931335,-0.4120599758273044,-0.18209584356123124,-1.2512890024608625,-1.0025491967941211,-0.5164838082266344,-0.5142436394382005,-0.7295200957463038,-0.5462982577894513,-0.3462945779881282,-0.9087214494643593,-0.3655715147534166,-0.659082100118577,-0.5597488301337799,-0.44713416405429457,-1.155273859934838,-1.3834167908883546,-0.9559279202456588,-0.8237894755339376,-1.1541291384014782,-0.7689334631866559,-1.2448123025014963,-0.7102313381054498,-0.9325768879259273
2018-08-01,0.2869794253218857,0.27181452725171773,0.393604091241652,0.424547681116096,-0.3792217404528018,-0.10519646187476778,0.5998396780696448,-0.1796134885178397,-0.43171077925163587,-0.13499409030543366,0.12569226002682918,0.13573054471107998,0.44414591336984377,-0.6871210284516809,-0.04655446913937428,0.03700194300764489,-0.24590392122744997,-0.33625654780351427,-0.30151650264993063,-0.30188978772206476,-0.219409254046134,-0.03151967726579554,-0.8600633980109894,-0.3871236917340503,-0.32090461979379753,-0.42790332030655676,-0.598035554588562
2018-09-01,-0.33646296210930493,-0.3954792314822402,-0.5170146810217148,-0.33415455429237284,-0.12070567264480231,-0.00436703470316798,-0.5385016140551219,-1.177669473489163,-0.028008337783860776,-0.24483513208878144,-0.36545738670686434,-0.06445089945510274,0.185956186769718,-0.23677492061065644,-0.37854301828181997,-0.045075557495663325,-0.8967117615087183,-0.2874890428341035,-0.3599784166691692,-0.28791117035173097,-0.03668160179318144,0.12788304894117303,-0.5592616881157593,-0.2640530335083829,-0.12484218718366871,-0.48645098638758494,-0.3785000215435466
2018-10-01,0.5104713147423247,1.2726426157511055,1.5566341067447407,1.25616745550208,0.15067193878838972,1.2878601217976338,1.83602762853317,1.4425786052508933,0.730839971686187,0.6013895604370041,1.0294044969491212,1.1767144394092457,1.20005342475966,0.4956930498992716,0.8625733414805548,1.3929634216098103,0.533739612647736,0.7190515913707252,0.2553025985120656,0.6697051413113607,1.148477677466573,1.0326940126512192,0.12466995722461766,0.6046453564368706,1.4172102578485348,0.8346676610281013,0.39912409245621827
2018-11-01,1.2761147522558853,0.7489320549678488,0.1931773532918308,0.17569645930258568,1.2495852980451916,0.9137319948436098,0.094810654759843,0.3013551549088401,1.2942883839498456,1.1409928942150172,1.2377269978982857,1.3441299360492536,1.0903456665786342,1.2990173963303184,1.2576337878077413,1.5189685674461004,0.9385880247361398,1.5358965710043389,1.1528919120378132,1.3995349316301526,1.4834271054345918,1.3513838780881304,1.2221186020542554,1.1643427290945254,1.8020884387211271,1.0099304264163695,1.3992477618211931
2018-12-01,0.050380526111141445,0.024723678107291723,-0.3877292813007051,-0.2509281253494553,-0.294541011394942,-0.12480485528756022,-0.39343411518339266,-0.10833242171822798,-0.09777765245750032,1.2104384491228484,1.5159857872225946,1.2735314547861578,0.9959546202157493,1.2995681333187046,1.2590969093616635,1.6573377018895428,1.140326282106383,1.4863087704173596,1.0010319350933046,1.190375389407506,1.0227330749554433,0.7510552609724654,1.1642896399953533,1.0877031982125112,1.3387562119585832,0.9033568497165779,1.3654133778698039
2019-01-01,0.5522840113692068,0.7327360810164344,0.19655411046761356,0.2585483641512111,0.41415932541426326,0.4716225099270627,0.12663319636320497,0.5293731920438692,0.47876837527806015,1.1932831719067447,0.8245305575699692,-0.2749960200121493,-0.19208541297642964,1.274460321341463,0.6055542157608397,-0.1718072604727396,-0.04528875829318183,1.2488695110280443,1.2995617950556473,1.4437954308859453,0.8757488359981934,0.6906080280180802,1.3836584712127855,0.9941529483953632,1.1770988417357013,0.8782281082317319,1.3938430256179177
2019-02-01,-0.20073709110244223,0.48668873168328675,0.486925748145635,-0.03857108770405036,-0.4209371876504124,-0.37621310494956195,0.5808904741713996,0.16927306803948072,-0.5592352569124649,0.3078994331238719,0.4713041764990188,-0.39780016180781363,-0.45589656021702857,0.0953855872390308,-0.11669818516539303,0.14815426476041174,-0.1359889457659053,0.00634850334713121,1.0355411367897795,1.1220130952751575,-0.03142606124320387,-0.1449619450978712,0.9756770240133105,0.25808606084740054,0.007284699561409733,-0.09012489336289767,0.8171999707897332
2019-03-01,0.1639715377665804,-0.057828993229025516,-0.5097128951923194,-0.5081719663228416,-0.10293444236839479,-0.030751463819071297,-0.6393182398336186,-0.7375667917131605,0.2722845992714343,0.4104370843670827,0.4091801516262882,-0.43419835130792905,-0.3692278997054277,0.15927242339945044,0.06620648345288194,0.05968399031326142,-0.15344188887776666,0.2823606463582636,0.22308002171673644,0.4312412167195609,-0.3511661933587948,-0.4520306417688092,-0.24591010734188518,-0.25937215804693564,-0.09081368525300393,-0.3412969858746308,-0.2728085479494968
2019-04-01,-0.037669076310241724,0.1460265247033214,0.1234046741566488,0.05595077322246154,-0.23455100607318063,0.1508025523727224,-0.4477406988786033,-0.38922406755793504,0.14388076359877797,-0.1723997387654772,0.15338771549693073,-0.21231887753097758,-0.4373663789891494,-0.6642610703845809,-0.23848074544952716,0.1456717468167851,-0.4817430651773607,-0.47737662041813034,0.14581698050708028,0.3864692827971995,-0.2570402126843786,-0.2804287799733148,-0.4140835344340729,-0.18559906306673754,-0.24352114589848514,-0.5422020636800396,-0.2663112492933617
2019-05-01,-0.19909854021612144,0.08219454379600966,-0.04684864537277143,-0.12671307201366694,0.03584369821491196,-0.4793764037609991,-0.07569790165759907,-0.2694507173433386,-0.32226543342525743,0.09639955000482613,0.16625452974551516,-0.24685794316358414,-0.1678913423547283,0.024845353051826922,-0.05372331224359415,-0.35547179443490995,-0.5915229038114664,-0.00855685105834771,-0.13113543449639786,0.1860987241368696,-0.07833888945165736,-0.30426584526854905,-0.6766933417926886,-0.22157925092291617,-0.20450983404175838,-0.6804443050305106,-0.545865876264023
2019-06-01,-0.4543036508290602,-0.9360228781964494,-0.7910055330639303,-0.9627117067178695,-0.622710660805479,-0.7390547201969643,-1.3099319939460135,-0.9538606269827384,-0.8477407493100728,-0.42245739231113516,-0.12884332663964693,0.002311965913230785,-0.34694447922945354,-0.33518270327675187,-0.5211967811956326,-0.20630908582900973,-0.6953065827316631,-0.5412348867161988,-0.44375319972104954,-0.37840640366641665,-0.40409614526092613,-0.500794531126429,-0.7862836533707607,-0.30704033570617345,-0.691324348927126,-0.867840567334539,-0.5302240337778188
2019-07-01,-1.5595914730868317,-1.0091388642344938,-0.6973768616832181,-1.1752960326272228,-1.603196243131768,-0.9478132799794837,-0.8218987398020232,-0.5335148966783649,-1.3583436759697693,-0.89096824995787,-0.6211783666388098,-0.8591563153349905,-0.9083612126841304,-0.5669794999746194,-1.3443794037280126,-0.9538843799180426,-1.2701977341505832,-1.1560595964658762,-0.9566501579834958,-0.6257922902267279,-0.44820166593553895,-0.627683039049363,-1.0551659724658575,-0.6134355226537253,-0.8164109755671076,-1.1446105434715403,-1.0325701274716688
2019-08-01,-0.48591259353352334,-0.6701246749993842,-0.7685667685024825,-0.40056008814874244,-0.09589958699631773,-0.8850148930029558,0.6641540395899019,-0.05739453188533238,-1.1487608310089097,-1.5840599575715437,-1.2821810569081988,-1.2748759624056525,-1.0112507251295828,-1.72339123865188,-1.9562582317795998,-0.930026736538736,-1.6303589408625068,-1.6569740366232124,-1.131384695474349,-1.0221499702401087,-0.9203378630375815,-0.8558115492711841,-1.2916987247897407,-1.156348407988822,-1.3254657685756683,-1.3990509373948754,-1.4190800475739718
2019-09-01,0.24948730844215156,-0.04284934073411526,0.5111991031357364,0.7989024312226459,-0.12486735990949431,0.5502115710029799,-0.19530912459698302,0.1754318854159269,0.3721947871556118,-0.7064942223780092,-0.7534069693809224,-0.4814361968365699,-0.21864938952144564,-1.3563674732406037,-1.436948238965968,-0.6618312289877724,-1.0239847967928717,-0.8924756090895214,-1.040236538835098,-1.2531471455261343,-0.8627551288747459,-0.5953083355892888,-1.8819927357734538,-1.3308632758989074,-1.5380138615368504,-1.6344421875011714,-1.3805320753991228
2019-10-01,0.8371085049069631,0.3875851778310889,1.0419393575545137,0.9625149260105014,0.6112922373479877,0.561247722738334,1.1796143742071181,1.1593839538274298,1.5583156053223977,0.02480767900713637,-0.20505467668919472,0.4733188834384687,0.4201757030738997,-0.2126560749533482,-0.39415255450725195,1.1117167561567527,0.2907813930657902,0.16569438733495717,-0.18975913935793862,-0.32676660174603306,0.3119409471951337,0.23979091434043542,-0.45179780639897615,0.018129922026413805,0.7780782191361626,0.15268242212733782,0.051924495753684824
2019-11-01,1.3912765771413782,1.6174783528883994,1.7829750190464597,2.0410640266689737,1.4134935320248523,2.4092283038992726,0.8228074252483253,2.1287676783080816,2.1906586659094693,1.0272922257395753,1.0091653845293798,1.469066321062624,1.3205235711888708,0.9736858868450141,1.0720439724691684,1.9362656671933651,1.5183054479215876,1.4004734374788226,0.9078587500622634,0.7011661918150989,1.264910518883495,1.2945931279217404,0.5521070549637437,1.3737680938308692,1.6215566398006198,1.3704034848020257,1.3839353948442268
2019-12-01,0.5067529128836298,0.5810220378882824,0.2395659609939683,0.24454306133403528,0.27166287469816924,0.4233781998804519,0.5122862882002085,0.592929426794529,0.667760581898074,1.178795157640065,1.1174992308969547,1.222574716099644,1.1150935674483389,1.0588069356981515,1.331051761938366,2.0608277762401648,1.467463492658097,1.612585241776131,1.364342010047982,1.1392155465078435,1.4655734639793438,1.530163276760927,0.9595225719780631,1.6945514007637508,1.9118764785779014,1.602343252456257,1.8937019213248292
2020-01-01,-0.5527539236876412,-1.0371387053742145,-0.5495060775236019,-0.6745061494990259,-0.584433916447341,-0.2962910785537642,-0.7568107905550148,-0.6219996376936063,-0.38699420059163386,0.9112962314158545,0.8982460169086358,0.6433975253336531,0.7466068748650488,0.6973808502212374,1.1785078628185652,0.8501552810161143,1.0172847538669674,1.3100503856973136,1.1358873910529608,1.0993377007223448,1.2155804102906131,1.1284036668423592,1.0639543425161222,1.5466907076965286,1.6927629638131942,1.638887602986628,1.679906825080377
2020-02-01,-1.4318530566067007,-1.459852581610284,-1.1003255475335534,-0.8330150585731143,-0.7090066935101242,-0.8849059579537525,-1.365776317498043,-1.309585683802916,-1.183770841578866,-0.30253260794429204,-0.42529115224972036,-0.9605956611245178,-0.9274589369951752,-0.5845376509945952,-0.5481249890478717,-0.8069140338813664,-0.7810998267434925,-0.2945107053704001,0.720834125035658,0.7541388604706618,0.5682436697807526,0.6757632346148983,0.5128810518902767,1.1051462719447662,0.38564374497051224,1.0488972762933355,1.1832673967201812
2020-03-01,0.7174025956104761,0.7741329803890299,0.8891818557093359,0.5640509540382496,0.759847468398353,0.8023947487235438,1.0043698292289274,0.8364190089345491,0.8249291118095841,0.045312678792029805,0.16375184862420808,0.15759544018597188,-0.11153449668838902,-0.09508492001942642,0.34744971193530766,0.24583326588807033,0.11532167610685433,0.33771110314697417,0.31781369009769755,0.370280854881015,-0.09444711791597972,-0.307694883520454,0.1581422152445686,0.11078618267421636,0.2140589609111855,0.011871209831079307,0.3160706360882529
2020-04-01,-0.4117282538308525,-0.4373659852199102,-0.2273671918997658,-0.43572518042890146,-0.3228379454788831,-0.5057596817419419,-0.6871701049952733,-0.5122700314875889,-0.4539589470305343,0.15604204129353136,0.1826369095535984,0.1828680297468385,-0.15175639385570563,0.0982712480743459,-0.003969089340227248,0.6939684751740538,0.020721584203184686,0.07073715942302186,-0.1425149028032422,-0.10999234001730887,-0.3159231827681242,-0.5763912694287424,-0.06682489774459495,-0.27779799109139114,-0.09699731422366005,-0.2864012719815694,-0.1821961681307602
2020-05-01,-1.194964947471169,-1.1453670058206504,-0.9697711511214867,-0.9643945733513306,-1.0313666492147568,-0.9338031635485559,-1.1023173735055778,-0.8025201815114461,-1.1286405608966101,0.14453479875124026,0.07295916807964418,0.017734017074450385,-0.23668262462850678,0.11831797259505185,0.1727106043646883,0.5793472554356894,0.01756160621224456,0.26627042168326925,-0.30648143859652416,-0.2816649989242603,-0.43939377185028927,-0.6817661907365,-0.2743655238595652,-0.3993107364707123,-0.11400107872912786,-0.3928336301183253,-0.4083664688003715
2020-06-01,-0.7670366872018327,-0.208665792002139,-0.26967709248989374,-0.40145502032381464,-1.1126663470868419,-0.6269577950451118,0.3535025467129497,0.21961711222061678,-0.9982832913078153,-0.9633893733635003,-0.9735282162893659,-0.8990068735061211,-1.0384974984022288,-0.7856163600861197,-0.984112641746544,-0.6142660819010207,-0.9043069149372894,-1.0492796888660565,-0.16893932695332087,-0.1244624930384237,-0.3931080160441667,-0.5684534346513322,-0.10584274235892857,-0.25090964577889513,-0.05264339996845241,-0.4546018973035964,-0.3405653189058516
2020-07-01,-0.8513159109779178,0.042097312892346396,-0.1585145448720425,-0.40557587120519895,-0.6030077713134884,-0.791460621279117,-0.16871746390978815,-0.26589779760512855,-0.9750418192408958,-1.3198782187327895,-0.7633463833115597,-0.7333250571723612,-1.0536545835533386,-1.298351160048065,-1.1603306096846244,-0.70458831613047,-0.9723661102655995,-1.5827802994081694,-1.1473982618043939,-0.8248719929212547,-1.0337410100914608,-1.0737985705310198,-0.9774087946745734,-1.0730060215082773,-0.8426966500991789,-1.0773401006281031,-1.3510141278385943
2020-08-01,-1.1106164001010512,-0.7357363455452204,-0.20878740060538226,-0.3135263334270487,-1.3550815944422228,0.28851785434153243,-0.00892262698651819,0.8282196776915919,-0.5357157830655154,-1.377223756944661,-0.6149069625236697,-0.9740210216927727,-1.1381446838545202,-1.560737609462674,-1.4730386482624849,-1.1682366010755172,-1.4754744206549804,-1.626976498786989,-1.5826968310097376,-0.9793361042227063,-1.2741483900265005,-1.1873460786068948,-1.3618124967232612,-1.4928700715753607,-1.3076068095523468,-1.299909491931772,-1.8707921464603536
2020-09-01,-0.056648050712265585,-0.07719075042370335,0.15444628930003718,0.15536999004866922,-0.3703006998489242,-0.13386079094204556,0.42660077246029593,0.17668570092909572,-0.2798132832291176,-0.5997789776421971,-0.30035370566374053,-0.18851050345198778,-0.40092564174209805,-0.8001892354502108,-0.7893830083288095,-0.09249805619055304,-0.6362429278542023,-0.8257264027459412,-0.7593768761930976,-0.5269561011542963,-0.5697659361928898,-0.5935017174282793,-0.8114787865532057,-0.9570083179862838,-0.5956765118412625,-0.9416858410904173,-1.008995674200893
2020-10-01,-0.3431810804280293,-0.13758178665112578,0.031186842164721434,-0.09465972756159702,-0.5220133050930658,-0.4045323386054915,0.01122149557932169,-0.03666296267674002,-0.49742117334474034,-0.15879124985751497,-0.33414191273065114,-0.11616965414308592,-0.11130835676707562,-0.20769747496509688,-0.26912686175179984,-0.02091136184236168,-0.1595531068473107,-0.07347189503112275,-0.6436380171390055,-0.38293533869946883,-0.2975795259878377,-0.37297778917218927,-0.6213113785906017,-0.6738996382206228,-0.328331602886804,-0.5603941676847507,-0.6652043425177513
2020-11-01,0.03971683574242163,0.5105814490865422,0.8545062782822533,0.3796070441525292,-0.6472987516224359,0.3180801466075505,0.5012951676346955,0.17038178472293225,-0.29927359924482333,0.38852651365308216,0.44549846377563557,0.7231378655141621,0.46043495427491943,0.14004891238967157,0.39524344034335407,0.7071691672933852,0.35337576844508767,0.3408937353801197,-0.10471902410592922,0.09498424935258809,0.4230749980834514,0.02497161848224839,-0.3322383949870223,-0.0959133657173808,0.17277884947584535,-0.16367642445802,-0.20009474740347888
2020-12-01,1.1191613233523918,1.0117069476988365,0.678525882206547,0.827322468478911,1.040425718813436,0.9982880320311861,0.4469458478617109,0.6579043491045086,1.1553540887560934,0.8478332299658502,0.9635251023478024,0.9356300288016105,0.6722371494237909,0.7881541904553849,0.7085101152474786,0.6871497247230722,0.5758667118373634,0.8229012944932484,0.7497518184222509,0.8112265767821346,0.8232006064107834,0.513913921741624,0.5819248345913477,0.4672961442582197,0.4910264501990569,0.24712423814428336,0.5978594945286805
2021-01-01,0.6189863644820232,0.14397436331726116,-0.040146472592404205,0.07716861437710966,0.47463645700295803,0.27655927057529245,0.049745194394844074,0.20124943850339294,0.4441283929940076,1.15370157829544,0.9775019260876766,0.9552356841627154,0.7184932744089662,1.0175298025158237,0.9168542955577194,0.7036817854597615,0.6701436586290426,1.0640560963272645,0.8915051003775825,0.8962266131286571,0.649530467325129,0.46235957748864265,0.7469960967981065,0.530298450526154,0.28599151982693505,0.31960559287512236,0.6742576183070869
2021-02-01,0.06750955149933256,-0.2939308231359286,-0.3817997696998046,-0.27649590797576556,-0.21559819169124078,-0.08611948721857127,-0.49247161993229244,-0.32446782534411045,-0.24378745298871918,1.0725309918453958,0.5439837698284504,0.12955384530574127,0.39964707108008857,1.046417290453034,0.7085005526636302,0.11141443193775001,0.44604595896997895,0.9771013649177828,1.030885493733436,0.7463222216564694,0.39570107771564483,0.317109111273322,0.8380486989788178,0.5346259540121361,0.06632980062280844,0.12083792697229137,0.7577158186132341
2021-03-01,0.34654164715533836,0.6005163534315762,-0.08950725817332118,0.18594906211374754,0.5784045864215331,-0.09304772430274678,-0.3803783210484303,-0.4825244520326487,-0.00960809762421182,0.5984524530128539,0.3023631523954786,-0.1330370264293098,0.14782213544099632,0.49740689115860803,0.33136830864941247,-0.18792808031028949,0.028696041075092864,0.40006029456637593,0.9891970431429846,0.5726183178451508,-0.12774365535420382,0.17834931457895548,0.7967989552395881,0.4169276900431901,-0.30922765625790244,0.03903326355566868,0.6299866288828284
2021-04-01,0.08902463195667058,-0.2188916616211749,-0.6686037765254398,-0.26986256445995704,-0.04192219998914385,-0.2856763882521226,-1.027882616628471,-1.0453245769231911,-0.1562552685005237,0.3115367691655118,0.3254446663372796,-0.4236138393038773,-0.08609582116436132,0.2546408309123291,0.024046761076616015,-0.7833717464269371,-0.549267082975779,0.10407919416147324,0.3163333019388481,-0.3554955055735197,-0.8047885764951751,-0.47411318550657683,0.06536400162552734,-0.3178808428999881,-0.8242253496952016,-0.7464562067062179,-0.193012195808275
2021-05-01,-1.4781453889610177,-1.7675123231129048,-0.774160180119427,-1.1246728022405446,-1.762081756943685,-0.6031359786903021,0.06077661489625772,0.694074872895851,-1.157579208827539,-0.26923741812396773,0.07976617615368609,-0.8777722485049032,-0.5232357588058784,-0.10146800910073064,-0.5001237138160406,-1.4051021809109896,-1.1085115986407836,-0.4705569621699988,-0.09602546251978666,-0.7584184442940144,-1.2346356702011754,-0.715205657587269,-0.11637663150557634,-0.5045133720802036,-1.369329528668956,-1.1728989243335117,-0.3848298581494591
2021-06-01,-1.1047923052886515,-1.4914391707012848,-1.3133072058878048,-0.9784837316320464,-1.2132598100237761,-0.8467921844363745,-0.8844811484921653,-0.8610382936478956,-0.9255055678261105,-1.1841266840732843,-0.889332236767636,-1.6303251961199607,-1.1400784996222004,-1.1628011577814974,-1.1390635935201385,-1.9747071888079613,-1.8483958028989032,-1.2874749394851892,-0.5660344084482161,-0.8732780989317188,-1.3032994143688368,-0.7951858688358198,-0.4412207289371305,-0.808866638341339,-1.4407687867605763,-1.26785865813666,-0.828782241558994
2021-07-01,-0.6591406409885352,-0.6160944491245954,-1.2666290557610982,-0.8904676822694968,-1.2677936634138751,-0.37351726057084567,-1.0532903430746012,-0.7554050357327212,-1.0661544070527078,-1.7996810263835834,-1.4130057824765958,-2.104731850092896,-1.895586025529575,-1.983194003011307,-1.9709857363715273,-2.1478469791355463,-1.9621791403762179,-2.188655630655201,-1.2863359411774533,-1.604914825610983,-1.6914832943854166,-1.418870129472186,-1.294433648833505,-1.321147026720364,-1.596291711751913,-1.5576997058239976,-1.2466247089542395
2021-08-01,-0.3086164731476022,-1.0144545782664645,2.128396817023945,0.5464924777575064,-0.5153458252811687,0.03363489167744399,1.4078713473885147,1.5388555207700307,-1.2695204625966598,-1.8900331402126747,-1.2803713709475046,-1.4522372377079655,-1.591081614701479,-2.0783743571044733,-1.923603178655273,-1.3005873064415574,-1.4746865456159404,-2.1935551312446133,-1.939539530791765,-2.710629609570856,-2.4112386832523374,-1.9755484581278728,-1.8037065898805527,-1.8281150894942961,-1.9904496029116328,-1.8060338585018423,-1.7017283982335512
2021-09-01,-0.2573473423761967,-0.7170125511927968,-0.22981993765855646,0.09730507220457006,-0.09480230820969936,-0.04110256105169687,0.23238752771143048,0.10156069269439533,0.04819283586918587,-0.9654373999528371,-0.7200525568089674,-0.4316388747446023,-0.5372165359048884,-0.8375001925576265,-0.9059245938800973,-0.17398842597489372,-0.5233267569494557,-1.1090822627305639,-1.2120987345316596,-1.9171419993325067,-1.4667773335581704,-1.1642843915402723,-0.9481053733075976,-1.2168218700547233,-1.1300646380204182,-1.314020616750669,-1.0545118140695633
2021-10-01,1.0229638642555825,1.8804783882769387,1.80321847038798,1.4175032678439548,0.9901840729407715,1.0066018584532328,1.8116340465802299,1.2273123787776667,0.5630738478365029,0.5708654039961896,1.175634737751365,1.2743314129334908,0.9778965892141774,0.6269186748888306,0.6634419613374324,1.3980348523940545,0.9351558991939346,0.37105586266043283,0.312999341512162,0.5116952646953309,0.9104378957482134,0.5280915877647065,0.45605966670548637,0.21829117510434004,1.066937866315666,0.359555018688902,0.23378717757303702
2021-11-01,1.95558318962956,1.1419171835625044,0.9018450656608367,1.3956829065971785,2.218420230414697,1.9515715961428035,1.0506236953490173,0.928992038063653,2.555810770985747,1.911228911202019,1.8562546489160772,2.072471567997808,1.813164825979197,1.6905995573038328,1.641189303787093,2.3277602019253107,1.5895896855461804,1.5496221811631825,1.6494133010500545,1.3053659060325558,1.431292968271383,1.3307954976405694,1.7693564866920302,1.3745439548866987,1.772484818824977,0.9366385201153727,1.782064737965649
2021-12-01,1.0236219884898499,0.4261457265186959,0.5894562795907387,0.4573720632693671,0.9325457394858503,0.4563647769202108,0.3997417593935496,0.45390196832427887,0.5471585113301293,2.438448421416744,2.17267929896225,1.94361252487647,1.919030688302172,2.3818990375580147,2.092994658248302,2.111337993641479,1.5891327398016273,2.3846327880758795,2.4516462966732804,2.02328003246895,1.6792364144270495,1.6198639071001955,2.3749099878296507,1.7093822533270384,1.9391482443328534,1.1886745416532363,2.303117246286386
2022-01-01,0.15496909372469284,0.3231036246112018,-0.40960910169714804,-0.3152662154978679,-0.48192650223423333,-0.4171937064943887,-0.4412307489809792,-0.6977110939448885,-0.574164310210855,2.1284305706662807,1.2181033349488566,0.6626596354095716,1.1078737669848218,1.8182036027390969,1.4751346493415602,0.9248933339038957,0.8775971521531916,1.957906465514247,2.455684726994687,2.394475965019758,1.5206986139329246,1.608372162328198,2.226193432904068,1.8103719596416208,1.674810068435369,1.1780265567964212,2.3530449166526295
2022-02-01,-0.2600740892414799,0.28864753411931476,-0.6359149421127046,-0.6734417609090605,-0.223354172320087,-0.5061773299032277,-1.0685818930793873,-0.943317744796254,-0.2231338565389442,0.7051602934094328,0.41428114947271427,-0.7856762800178513,-0.2933446347250222,0.08688980459709095,-0.42900969641581405,-0.8310864724525919,-0.4995319270071267,-0.15865444412691962,1.8773573069073026,1.3218062607843988,0.3457612732348858,0.8498370948245013,1.5573868649371014,1.192663628457176,0.4725884065322917,0.4048635426671863,1.6141569436202028
2022-03-01,-0.15599165537260035,-0.38800372862910104,-0.17231545279703203,-0.3669351431147728,-0.04600877627329512,-0.2430648234527447,-0.14178584598564056,-0.01438145182441968,-0.12319143241116892,-0.09969252523030248,0.15504539380949664,-0.7488696069624826,-0.6076210467371275,-0.7135767396029749,-0.7835595041761045,-0.7024258250560522,-0.8340959848696097,-0.7516910988814051,0.6037980049373959,0.7162736890084157,-0.6073372949865609,-0.35182808238928326,-0.07924841036031982,-0.19944237471527204,-0.9172784719381829,-0.48271328413245307,-0.04810394066280942
2022-04-01,-0.38103284869736714,-0.7064516221382519,-0.6140943851766404,-0.6936349771481504,-0.4047326230458387,-0.8144987515034084,-0.5865802407483867,-0.8786497161108551,-0.7414809075822401,-0.5313931997209824,-0.3033255176230778,-0.4806171383087299,-0.76500676292592,-0.8302067332667223,-1.1031955723315927,-0.4340908808649847,-0.8551949844884046,-1.0221475540553537,-0.28052831976303716,0.32090171762516084,-0.9865890717261693,-0.9492168256329226,-1.036989339629561,-0.7621067376025134,-1.1974854636896974,-1.0683860929542883,-0.6916087696848714
2022-05-01,0.08422327983657737,-0.23754597825414003,-0.3942022214774476,-0.07577638655805656,-0.028932212766506003,-0.04969540787025778,-0.4128235607071583,-0.20797148555922915,0.16406987659278505,-0.09765792120721156,-0.5244277910577861,-0.3934652782396924,-0.475577379149619,-0.3774735544107593,-0.5665140550864968,-0.3553575089973056,-0.37910895549148493,-0.38564489446814704,-0.31750721253816716,-0.062452208849628696,-0.6782442264444966,-0.6996363405867276,-0.6925538591056905,-0.42089074337320387,-0.7279253905586527,-0.5539982331798255,-0.09435836090217423
2022-06-01,-1.2409076805377446,-1.21484445362649,-0.2553828930679134,-0.7595488653081041,-0.4288467614939282,-0.8432788295630054,-0.8021281453327255,-1.0530922988476696,-0.7135752618438775,-0.5907858435160387,-0.8032376434326992,-0.6850357316380905,-0.6926649733576085,-0.5694133204533627,-0.7737369137588225,-0.7901296054948437,-0.6686030644815781,-0.6109671803938345,-0.6782450963050528,-0.5221831723765539,-1.0420946252823493,-1.0356211357617482,-0.932984236450763,-0.6103147456518113,-1.3876187610005608,-0.8617855547308233,-0.3656502412095933
2022-07-01,-0.08070140246890264,0.004903245998825465,-0.9472528503372466,-0.26002844168161776,0.21275359317324358,-0.5787164726047888,-0.9694125794949997,-1.1529240718696765,-0.9909390035917357,-0.8898919867150099,-1.1080367658409112,-0.8599902043012652,-0.8650316554932729,-1.1122492158063833,-0.7988851773414727,-0.9055260765384439,-0.745669314971549,-0.6412035951622455,-1.3276343143146931,-1.3725121308522052,-1.5135219343736053,-1.5196328101142937,-1.6941245098241065,-1.0951283160113137,-1.901231195753412,-1.1865989651121844,-0.9590390166569632
2022-08-01,-0.3708925616110178,-0.30731370460665847,-0.4957902425845619,-0.036657855899481354,-0.34749614577817084,-0.33083844267128,-1.4667407146981253,-1.1461324499062637,-0.47773978390882366,-1.3824046246369746,-0.8914720951587526,-1.1310580204503824,-0.7451663347010881,-1.5327415244257685,-1.31493798163002,-1.0157223642842113,-1.0184843336915694,-1.4465020431316469,-1.483266829848046,-0.713097814951419,-0.4640534076536999,-0.7103752117261035,-1.9848504659366104,-0.9411471564604076,-0.5019893876101151,-0.5304627837559391,-1.3574727215107132
2022-09-01,-0.11440183946374981,-1.2149610876055459,-0.7683470754025656,-0.4122545462003379,0.6207625830481125,-0.09739435905194611,-1.7258055178526301,-0.97292873937504,-0.003998478281775937,-0.5200229299233039,-0.5910835971084396,-0.40714994372391955,-0.30644604747676196,-0.10832212838347406,-0.7423400042100256,-0.39214503546316104,-0.5499806043320481,-0.6194158034533421,-1.3557163897145763,-1.396429923151118,-0.5997857678828142,-0.65123652317886,-0.7964646497556239,-0.8629396217467201,-0.8068040436994357,-0.7290859097948653,-1.0222784699480143
2022-10-01,0.18451998261708533,-0.9622821788567466,-0.6426473558007422,-0.3910991831572797,1.17552553790353,0.04525083970308767,-1.9859430664621958,-0.9681113642800494,0.2765340870934076,0.0968732475038814,-0.2119063372738185,0.0837895535178613,0.19979272029578282,0.6619447655457176,0.02649651608708402,0.05006464495204405,0.00271301337577015,0.12775857086610148,-0.7750004405766519,-0.854597622117672,-0.522421955645187,-0.336508340495143,-0.1670606018071328,-0.5059519613977645,-0.6078451959832436,-0.8121925234966885,-0.49276471450153503
2022-11-01,0.6793456529377827,0.6563788684499154,0.22791782772949182,0.2793609308748099,0.39450386286490324,0.7793053331570153,-0.35159914133405257,0.22667438035543572,0.7307888654432599,0.6607352185594325,0.37252137923994694,0.3885382117873083,0.2245452042020213,1.0298880997095552,0.5100295323079447,0.27182904195137436,0.4825194798453006,0.8075468165031308,0.14314897592522116,0.06589593727289092,0.39815553679245147,0.24156096612684944,0.6060592888483792,0.20404267544292612,0.7816476806303296,0.5286808384076364,0.35444570438378553
2022-12-01,-0.04215376329326161,-0.04174907844501467,-1.237253740049601,-0.7974382750337768,-0.12354671882941848,-0.2582681688239017,-0.5556028741107786,-0.35519040759391035,0.04297052037692151,0.5712626483344627,0.5558693072625569,0.2525266136577288,0.09421509336242166,0.6124135204020796,0.5108638681493857,0.06453012421913042,0.41579842416709556,0.7320715829290281,0.4266761389981975,0.2605815249958465,0.170718826958923,0.11428733650207425,0.840799339419652,0.3755123886727134,0.1805598855002454,0.319152534460229,0.5474759601471098
2023-01-01,0.224088176607894,0.09385089226739676,-1.1575216357447347,-0.5557449179530806,0.5352619461406207,-0.19978736416949502,-1.9224007486611154,-1.4693507791829163,0.28949171773547244,0.6178036373825085,0.9777012255562152,0.3020206764725444,0.12980137766743857,0.48466546506590985,0.4439436679407729,0.2783466573812698,0.48181733807731913,0.6955205124821361,0.4130286487597453,0.4642862235001976,0.1398505699033885,0.0655343426519915,0.6213747234339904,0.3798878581322212,0.10154618406486485,0.28501680760369824,0.6472610563155125
2023-02-01,0.14462761981979705,-0.40948669375868413,0.6852943411692612,0.20801104658608363,0.3379833289626805,0.188621448452164,1.7583128356985955,1.1070362300828787,0.2815388352962283,0.09577625260675815,0.06711053790688104,0.46207945267107,0.00912464044070567,0.0549228155356843,0.14262396750178222,1.289896555002496,1.0028560017746997,0.33752345743606676,0.4326921406237385,0.6145844469587487,0.9076920058551514,0.3808286634721857,0.35056418619703,0.47069356806148577,1.9876599819308507,1.4353507602145905,0.6070170495740215
2023-03-01,0.2020543514988608,-0.13568643418915577,0.00021439052677987388,0.03927842365004227,0.1289039427675135,0.13138687285498293,-0.09425573936933913,-0.2797873710334562,0.2353115631919168,0.20847698733539133,-0.2558418007577143,0.3867277221718363,0.07673383471041906,0.29832930501999333,0.21059113039531016,1.1289368427950492,0.8704060417723793,0.44900935787363333,-0.021681049404374528,-0.23130034060824964,0.2732753786390758,-0.07088357539184544,0.023478391615605044,0.007904355984259948,1.0548980895130857,0.6993594392918783,0.1464538018651267
2023-04-01,0.18759990643760405,0.6106649302889284,-1.156427505898007,-0.8906086404467158,-0.07429712818975504,-0.5874723493319434,-1.2664149816272192,-1.2627094791344742,-0.30470322363498137,0.19624087220934786,0.13606896144874944,0.27825293233904247,-0.028754362838707297,-0.09315522937028098,0.08037184849156354,0.970458424417807,0.8099664002656937,0.05405729947982056,0.22846945467385626,0.5441753655697721,0.4623495029425128,0.09743388977990107,0.0570455552993116,0.02802922195358219,1.1666847177156916,0.6259244597931474,0.12424926249284242
2023-05-01,0.8546786071117368,1.6287644858878179,1.1513838659193778,1.293664718701898,0.5489350428069202,0.8227484773913907,0.2087501508908063,0.3862087320510877,0.542804098573013,0.7265442581402375,1.4403278519487628,0.30744560807836385,0.6443519163438765,0.2957010124213153,0.3929910283434427,-0.9974838770125991,-0.3943431687385188,0.231404661762798,0.46120530286885225,1.114888946360647,0.900995819417355,0.7153591038210072,0.10955516417411103,0.3647713680731926,1.0901706425913502,0.8328960205433685,0.16012921254589874
2023-06-01,0.031578007587925006,0.4452438778451319,-0.24600474618075405,-0.4237475951416811,-0.3140390410802543,-0.6640622298464843,0.29536784965446317,-0.6332487657982406,-0.3144428128099736,0.7249859610017999,1.6901913597025682,0.3229266271239001,0.6933280826223686,0.2376259412443014,0.3172376602212828,-0.5791634496305453,-0.2722962827965445,0.12791366472544738,0.45794954796338044,1.3281628926680544,0.24104493281860445,0.45690574650509796,0.05504811894590329,0.17570112027520499,-0.6482316458844246,-0.4101905444518507,-0.049441001689341776
2023-07-01,0.3852861685119372,-0.42466479706509663,-1.3898217754612923,-1.1382954500682085,-0.12433833377347027,-0.31734309917763903,-1.286234002254209,-1.0273503536491642,-0.0810588961347077,0.27261702244946934,0.9941936060016824,0.27908432721223186,0.5177849796041994,-0.20817156288767455,0.03162131923788264,-0.31071398953489004,-0.3528781995618705,-0.233069127375989,0.18336748962605082,1.209833007255848,0.12611959040584217,0.31446749658794126,-0.23150339753751967,0.004379363686656664,-0.8973816318756652,-0.78494621454765,-0.2931046799207345
2023-08-01,-0.7604998351977905,-0.5360049691691853,-1.0157140084685452,-0.8429860172893165,-0.967512073828673,-0.8670617316411513,-0.8698611770585798,-0.8118443058097038,-0.8380422328015094,-0.714618572894531,-0.5819524736379285,-0.8065715575681108,-0.6418611203643634,-1.0751355535641807,-0.8753772708944684,-1.014908127761456,-1.2453565508816284,-0.9422391237097197,0.05581173200651596,0.7391823560281587,0.14184928727353607,0.2989317182319342,-0.24596380509625704,0.0013651596590471412,-0.8179249777791945,-0.6513859317934065,-0.20538379532029563
2023-09-01,-0.3579273534101271,0.08450355369943278,-0.5868205127131741,-0.6817033334385804,-0.6069718111624387,-1.258516934913396,-0.42314277470622597,-0.9543784278206661,-1.0101174908548907,-0.8462198798500211,-0.813743085972003,-1.271183562208584,-1.0838953813811896,-1.0953934195483184,-1.1738337192470574,-1.2396694643831045,-1.4137444373844676,-1.0343686315998342,-0.5830444862017246,-0.27784417967429054,-0.7388406933924093,-0.5961665507835096,-0.7829431951961664,-0.8009685980949517,-1.0477277253170594,-1.3984720903324943,-0.8211221950435962
2023-10-01,-0.9175225525263858,-0.7526309667292423,-0.8392230400634916,-0.9528025130119225,-0.7365614978253702,-1.014659537103546,-0.5267156244177787,-0.8751668393239037,-0.9106081098447644,-0.6244051532995559,-0.45195652685302873,-1.0516461560263601,-0.8186327195045197,-0.7682254374656778,-0.9105511082083076,-1.1979767558631567,-1.1368799352146297,-0.8253540752097842,-1.1034669548747684,-1.1740455772913672,-1.2730636750012336,-1.0730485778469734,-1.0394983679070475,-1.1493279009427189,-1.5777371833484757,-1.5761070063692986,-1.095671019464169
2023-11-01,0.04057451868289383,0.17877742039196187,0.1550911716275556,0.26895399051003405,0.2105218390914432,0.24494970318545486,0.3076782741063713,0.3854196735379235,0.2979123141420355,-0.09460112861847819,0.26816748358988923,-0.25318109620915485,-0.10488270362560709,-0.051613265649378445,-0.26809422833411717,-0.3189402260189298,-0.22275301874911338,-0.18099486194172515,-0.3648002939386215,-0.3048858936625996,-0.5129370472762662,-0.3697787254288549,-0.32707454623637494,-0.40971883859519154,-0.8088940767785474,-0.5482439279254806,-0.30923731729251264
2023-12-01,-0.18161895574857778,-0.2180816409656787,-0.31169718944661035,-0.37816990565010933,0.02667865750620207,-0.1980714068793988,0.07374779155908553,0.07106733725748801,-0.15693787028591819,-0.033461687798893615,0.043235488261597906,-0.19860968376319196,-0.10512216294302366,-0.010188887671058246,-0.07848499824723448,-0.23225895181669978,-0.024266198094438956,-0.05559498384003773,-0.28731474219055114,-0.15124269974467677,-0.4567572616367993,-0.31703180044402446,-0.2546801805975514,-0.3992549093558349,-0.4577139272372725,-0.41228391538034975,-0.3440935328660463
2024-01-01,0.37784239596821806,0.39188285287212515,0.3261269000349991,0.1546296503638669,0.6093934038542576,0.5033718737176188,0.43946901304504254,0.7071586192457745,0.7280948917561462,0.4295123894879554,0.42315022760742504,0.305363442714559,0.22791272992897005,0.5047050581845279,0.4746908362876072,0.4144437351686286,0.6021692703311154,0.5799406143865062,-0.011500920411298205,0.03002510930759361,-0.19214597117437085,-0.19873785610608058,0.10047553687844206,-0.03782474630909024,-0.03448508127537958,0.10340075573824734,0.16616440451571948
2024-02-01,0.4118574856987756,0.5239670835224377,0.21172486005466348,0.3631827796490845,0.4730351186647098,0.35224075140591216,0.14392921880782905,0.10099572672043725,0.4283478188966217,0.6039461970645683,0.5438976437866483,0.3938967895480432,0.216732734559648,0.6915066877466752,0.5292726995429063,0.47258147589232036,0.5370648311655646,0.7307816149246076,0.3464644775707267,0.43380504029958467,0.16697592895340035,0.06482577540393178,0.38966221429239484,0.19854355370260077,0.3851947007123017,0.3861401909693128,0.4326840230215559
2024-03-01,-0.20249955407322578,-0.16893828344075149,-0.5667572687442382,-0.417744687028663,-0.0594793340853474,-0.4056521790567292,-0.7321155157975551,-0.26187848349416043,-0.2139140708922371,0.5952986691842254,0.6192173681165799,0.2508784336078845,0.056031770713184874,0.6242181926722488,0.3856370647440684,0.2838001658396549,0.34715923684180816,0.6470066418769456,0.27351513451133375,0.2867892226899963,-0.03948060808392595,-0.12692199840446827,0.24472647558395186,0.0384926654961174,0.11584713436873254,0.10596689708918505,0.2392752855713378
2024-04-01,-0.5260717536656253,-0.3883596897528614,-0.846205010107946,-0.5911176356354878,-0.7802641377795106,-0.5861701740180788,-0.9541578545060312,-0.7509109357418958,-0.5843963094758319,0.16183831580911134,0.25950340283281215,-0.192765089132142,-0.2773157848054881,0.1152665655625393,-0.08568967988438837,-0.3112394150726319,-0.3763944392517812,0.05109478063776866,0.16958509852730191,0.10852565956967218,-0.04202934416150554,-0.13572890002647212,0.20066349263438454,0.07527224257633405,0.008225629659704945,0.09311282735942417,0.27572949797304347
2024-05-01,-0.31813396776331265,-0.39746313476913225,-0.8079330199179707,-0.6073816543239026,-0.7925297790235648,-0.5504226846579149,-0.6222532249414356,-0.7450168688575574,-0.48996411470408485,0.017544294686561313,0.060902994095304544,-0.6259851096090472,-0.6453359190533483,-0.20317578716342174,-0.4011730707349014,-0.7043104113408903,-0.7461536983189555,-0.1506438144452484,0.2598532220860582,0.4555599013724959,-0.010576236149188673,-0.025083785224074905,0.18151488853685568,0.061332714535138395,0.007780819258565758,-0.12058397154243006,0.17756017923614628
2024-06-01,-1.4483014684105042,-1.4470868629753884,-0.6239405641930221,-0.8884801978391302,-1.3924126874358225,-0.6882553880655324,-0.011880162508281875,0.22495870911665017,-1.2958869902210486,-0.14537554785530146,-0.20639345658471786,-0.9245078685770184,-0.7057679980345911,-0.604984583536121,-0.5679584206118504,-0.9445802680259154,-1.0899208964123202,-0.3407355969637474,-0.3107709938355274,-0.08826296025063207,-0.42312955054792223,-0.328203505223588,-0.4135691496045957,-0.3240662011405132,-0.447057076202556,-0.4335529126356103,-0.2751846163311498
2024-07-01,-0.4071459298823325,-1.3447790165769444,-0.22342238789716407,0.5838461125101335,0.27037993050843684,0.4222766283068602,-0.42392644910697025,0.06664107430772778,0.27309584752498756,-0.7048823652631558,-0.9389544510415622,-1.4822867952678658,-1.381625734106294,-1.1021412198382161,-1.2918438524457982,-1.4163227645991423,-1.5842493438307261,-1.0135486882610718,-0.4936839784801663,-0.3013883663947324,-0.570389647149095,-0.43226856483245285,-0.6521481231634741,-0.40034936087999456,-0.6439447179598301,-0.6343261118913661,-0.5007106765823545
2024-08-01,-0.7868462719652952,-0.5209481690309223,-0.9257341631354271,-0.4624741467491401,-0.9335583850224148,-0.5661947206549944,-0.592037192322492,-0.33738464037523647,-0.715176927189068,-1.0060439155664844,-1.2000887928623545,-1.5874612082395956,-1.2540846390285165,-1.4362322401954644,-1.3489213708664356,-1.4603749494878433,-1.4003638246155887,-1.441216610743334,-0.9205142753301421,-0.6798031098794404,-0.5962142302640512,-0.7350860099813386,-1.0696834165833629,-0.8017670367959763,-0.5462647385071001,-0.6728008097479109,-0.851969120738353
2024-09-01,-0.25341845363798055,-0.006476956666766156,-0.0392297736293467,0.07164112283354443,-0.11213640985175882,0.13188714223997575,-0.18187911326152167,-0.07251887551166272,0.06028031334211069,-0.6024081268415871,-0.958354364649718,-1.3380931023034495,-0.9637523957915328,-1.202218062292196,-1.0125196499924465,-1.0937877798739846,-1.0176048810254632,-1.0306640495665562,-0.9204564388490005,-1.2946468542985579,-1.1033136280247646,-0.8947699881018087,-1.1794559179563335,-0.9652859819979827,-1.0241687410953506,-0.8375942199733216,-0.9937820074404848
2024-10-01,-0.3440996658958984,0.0014471478318401796,0.10073459030492282,0.10212896972253521,-0.276248237123452,0.19839025592152185,0.04103883903649739,-0.07550967146784437,-0.09684005057356813,-0.17854547979391536,0.08159003843667174,-0.2695719181749025,0.05932632775813187,-0.14892445922620412,0.19104709919440782,-0.13941947438243024,0.02963333130636484,-0.08073059179836792,-1.07303171397083,-1.0772368036736308,-0.5996499574889474,-0.7135840768284796,-0.9612646562745236,-0.7879496066591891,-0.606718148009896,-0.5675617359535543,-0.8302295208554021
2024-11-01,0.18047048291956144,0.4971001084266157,0.2648035843576075,0.31787818289981684,0.31713694371501494,0.3439165658136519,0.37338982987048275,0.32094667165936563,0.32339651355378796,0.06363580874998309,0.6143657420452511,0.05367596987704419,-0.15755217001079658,0.16570353586686326,-0.04301508837281037,-0.12627401154027715,-0.1917093681182303,-0.07502929418990735,-0.36945342429958833,0.21340429790305188,-0.07215852648909668,-0.5432274578612085,-0.2237326780005939,-0.5491807240373778,-0.19824618856279166,-0.530567096923128,-0.3602517067766097
2024-12-01,0.9577564987234222,1.3600732558482809,1.2014145556059148,0.5827748211740216,0.6166318611761351,0.5217779898449564,0.924669393886858,0.5543569966468419,0.5685112340339054,0.6510028266095054,1.139898607796523,0.4003619248244806,0.31562039429071703,0.4665368995698552,0.3780955742358081,0.26049313145950276,0.09981332049635104,0.3690790451817975,0.8572371559359799,1.958211577041219,0.5596068526286351,0.5754906765555375,1.0987707376480103,0.6350558498564803,0.2519605809099439,0.21133216422029658,0.6724225606428694
