{
"type": "FeatureCollection",
"name": "sicilia_prov",
"crs": { "type": "name", "properties": { "name": "urn:ogc:def:crs:OGC:1.3:CRS84" } },
"features": [
{ "type": "Feature", "properties": { "provincia": "Trapani", "sigla": "TP" }, "geometry": { "type": "MultiPolygon", "coordinates": [ [ [ [ 12.053282424906268, 36.756669822230236 ], [ 12.053130498239257, 36.756669822467266 ], [ 12.052881891930523, 36.756738879691639 ], [ 12.052799023148193, 36.756849372192931 ], [ 12.052799022031644, 36.757015109613739 ], [ 12.052909514816879, 36.757097978803472 ], [ 12.05313049807091, 36.757097978642676 ], [ 12.053296236349951, 36.757001298174046 ], [ 12.053392917552058, 36.756904617872877 ], [ 12.053282424906268, 36.756669822230236 ] ] ], [ [ [ 12.052185460317359, 36.798624798181649 ], [ 12.051923434559532, 36.798624797954297 ], [ 12.051726915141513, 36.79866410178446 ], [ 12.051713813933418, 36.798821317849423 ], [ 12.051740016210573, 36.798926127910995 ], [ 12.051831724635047, 36.799044040071529 ], [ 12.052381979747178, 36.799332268292339 ], [ 12.052486790480048, 36.799109546555471 ], [ 12.05247368894431, 36.799030938718225 ], [ 12.052408182647541, 36.79888682375713 ], [ 12.052329574919476, 36.79871650761892 ], [ 12.052185460317359, 36.798624798181649 ] ] ], [ [ [ 11.954556100337136, 36.839376306380828 ], [ 11.965782787662382, 36.837051585771768 ], [ 11.973378335269251, 36.83487541832335 ], [ 11.977141272809691, 36.832015646178327 ], [ 11.978174085969076, 36.829699046578895 ], [ 11.979904365605842, 36.826463018892042 ], [ 11.982806954237271, 36.82512204833202 ], [ 11.985970902066565, 36.823660790084794 ], [ 11.989297729867749, 36.822814590374669 ], [ 11.991639785818407, 36.822268935072756 ], [ 11.994746509335144, 36.821775197240797 ], [ 12.00388977418071, 36.821722442895975 ], [ 12.006006397814726, 36.824552751776366 ], [ 12.010830246739014, 36.825747240804596 ], [ 12.01123688035063, 36.82578312630357 ], [ 12.013322220306492, 36.825162853196623 ], [ 12.024897681921498, 36.81464984179145 ], [ 12.034611003191268, 36.806414390942543 ], [ 12.03737937853743, 36.80408464379655 ], [ 12.037518161252303, 36.803969446400359 ], [ 12.038017373522502, 36.803668014864883 ], [ 12.038852001674273, 36.803310335562351 ], [ 12.038963112136774, 36.803280683967863 ], [ 12.039191666678091, 36.80321969198701 ], [ 12.042314272215719, 36.803015103591612 ], [ 12.046029986595228, 36.801398391423703 ], [ 12.049605723113649, 36.797623642581172 ], [ 12.0531279712322, 36.790643657234206 ], [ 12.054822218614911, 36.781138529633473 ], [ 12.055400256538213, 36.775450328378987 ], [ 12.055060778305135, 36.763076704853745 ], [ 12.051998752934688, 36.756614034099719 ], [ 12.050559604815211, 36.754496721944221 ], [ 12.047256339059517, 36.749756309872481 ], [ 12.042262363844701, 36.7457392774594 ], [ 12.040576326280535, 36.744886302910139 ], [ 12.031048070054888, 36.738552625588866 ], [ 12.029296057747557, 36.736877821858762 ], [ 12.027160966605484, 36.735702553292988 ], [ 12.023366151988542, 36.734340719934004 ], [ 12.013919923550379, 36.735451993395721 ], [ 12.010011622484402, 36.734704418661764 ], [ 12.003258212244525, 36.735471864358999 ], [ 11.992925632633426, 36.737391418924418 ], [ 11.992176372802538, 36.737929015435284 ], [ 11.990060900132828, 36.740362463397432 ], [ 11.982343314155539, 36.744484159272652 ], [ 11.978342272336997, 36.752883595855444 ], [ 11.977201058667706, 36.754996991678439 ], [ 11.973162312497305, 36.762015280483212 ], [ 11.972385882041007, 36.76331789410483 ], [ 11.972083270626561, 36.763679631479512 ], [ 11.969901203756063, 36.765764169735682 ], [ 11.968739450034585, 36.766708051888067 ], [ 11.968178040259247, 36.76697771570425 ], [ 11.96742351310197, 36.767318471819685 ], [ 11.962357219952649, 36.768302090134277 ], [ 11.956079474132155, 36.772011635041061 ], [ 11.956262663693407, 36.772547980010593 ], [ 11.955527491695147, 36.77584073340153 ], [ 11.955366347474197, 36.776444844638533 ], [ 11.953178285872132, 36.780497823943925 ], [ 11.95186349818589, 36.782782805296719 ], [ 11.951088136634771, 36.783699457941204 ], [ 11.941575519120747, 36.792015080892277 ], [ 11.92792959477954, 36.800746686083528 ], [ 11.92705017451321, 36.801841204142235 ], [ 11.926593466008883, 36.80317426804055 ], [ 11.926367595369246, 36.805599136493065 ], [ 11.92737378112866, 36.82022519121336 ], [ 11.928413603090439, 36.825341667571806 ], [ 11.934379648472285, 36.832608519613977 ], [ 11.935494398297845, 36.833371358513681 ], [ 11.935431488570874, 36.833277542558534 ], [ 11.935351257857397, 36.833118588127867 ], [ 11.935340434462137, 36.833029446053601 ], [ 11.935352062473338, 36.832945710204143 ], [ 11.935642601630592, 36.832205372462241 ], [ 11.937234499071662, 36.831631115715602 ], [ 11.937358955494615, 36.831589295120374 ], [ 11.939946533738413, 36.831149884581528 ], [ 11.942266070304521, 36.830901717940613 ], [ 11.943540764680993, 36.831966894313759 ], [ 11.944052067925465, 36.833439720392761 ], [ 11.944070536149589, 36.83353933508657 ], [ 11.944092872118015, 36.83367341138986 ], [ 11.944097673846464, 36.833702237612798 ], [ 11.943981346732913, 36.834230885435034 ], [ 11.943513678482891, 36.835347487445127 ], [ 11.944653177947449, 36.836291419077519 ], [ 11.952652114080632, 36.83924751331498 ], [ 11.9528904176717, 36.839316701244677 ], [ 11.953436942256886, 36.839387046643019 ], [ 11.95350739867067, 36.839392191132035 ], [ 11.953579467305447, 36.839397453188305 ], [ 11.954556100337136, 36.839376306380828 ] ] ], [ [ [ 12.469578507230617, 37.730542814709949 ], [ 12.469828795483027, 37.730321559388969 ], [ 12.469319292906382, 37.730381537996173 ], [ 12.46903140955766, 37.730597700763532 ], [ 12.468957345009027, 37.730667544248483 ], [ 12.468915546398701, 37.730790093669256 ], [ 12.468912850628962, 37.73084139723705 ], [ 12.468981544206125, 37.730889894763173 ], [ 12.469162586452637, 37.730846239303524 ], [ 12.469334448325817, 37.730778590676856 ], [ 12.469578507230617, 37.730542814709949 ] ] ], [ [ [ 12.456850671732944, 37.862476228609857 ], [ 12.456483256430886, 37.862463191739259 ], [ 12.456239728871303, 37.862656272989177 ], [ 12.456257754868986, 37.862913177363694 ], [ 12.456552895517779, 37.863052289113654 ], [ 12.456898340252337, 37.863041107489209 ], [ 12.457048974891045, 37.863033957020818 ], [ 12.457181299960681, 37.862906117231887 ], [ 12.45727136791254, 37.862774752889479 ], [ 12.45719820823455, 37.862622929272362 ], [ 12.456850671732944, 37.862476228609857 ] ] ], [ [ [ 12.471190911973018, 37.870322472997096 ], [ 12.471379919749127, 37.870298554048745 ], [ 12.471620421819809, 37.870175667915241 ], [ 12.472184082185088, 37.869118853296804 ], [ 12.472195990440504, 37.869039674795843 ], [ 12.472281433978864, 37.868123216514682 ], [ 12.472124870240979, 37.867259478451111 ], [ 12.4719683107165, 37.866640687312866 ], [ 12.471831069460347, 37.866235624369274 ], [ 12.471650337751889, 37.865949812532648 ], [ 12.471308546267572, 37.865679397900344 ], [ 12.470911394812523, 37.86539410806563 ], [ 12.468603324824491, 37.863792843746978 ], [ 12.467905672896693, 37.863558601485828 ], [ 12.467599396425078, 37.863559385884066 ], [ 12.467435486705458, 37.86357774312571 ], [ 12.467267056966946, 37.86361171268581 ], [ 12.466990833858222, 37.863667422053453 ], [ 12.465505145469869, 37.863972469702887 ], [ 12.465126234988896, 37.864055701610248 ], [ 12.464997928821356, 37.864543412139113 ], [ 12.464182357061649, 37.868483603154054 ], [ 12.46424556655931, 37.868682991641904 ], [ 12.46426877194393, 37.868754417978657 ], [ 12.464290190796728, 37.868812581618606 ], [ 12.464393728479857, 37.86908475676757 ], [ 12.464421075760036, 37.869120434007193 ], [ 12.464568227448897, 37.869312403343258 ], [ 12.465127512726678, 37.869672754350667 ], [ 12.465439460396858, 37.869802270056354 ], [ 12.466508185888845, 37.870154573364232 ], [ 12.46807834500521, 37.870455394950753 ], [ 12.469438337145471, 37.870667277278855 ], [ 12.469838257073455, 37.870666547840464 ], [ 12.470457911818581, 37.870612791025806 ], [ 12.47095366601021, 37.870482890032164 ], [ 12.471190911973018, 37.870322472997096 ] ] ], [ [ [ 12.455322467475241, 37.887380206965801 ], [ 12.455563497364084, 37.887363990136897 ], [ 12.455872145891993, 37.887246935775003 ], [ 12.456883261629622, 37.88664502326214 ], [ 12.457299893652843, 37.886357138109624 ], [ 12.457413760406606, 37.886237895289305 ], [ 12.457780058390352, 37.885817263299202 ], [ 12.457836666643743, 37.885711721051358 ], [ 12.457911218816504, 37.88557272223003 ], [ 12.457845725278981, 37.885246876152721 ], [ 12.457731156560442, 37.884921830852775 ], [ 12.457687285414332, 37.884797363273073 ], [ 12.464009806324672, 37.880390277009688 ], [ 12.464316504769311, 37.880184170373603 ], [ 12.464625219589943, 37.879976694543338 ], [ 12.46518294446175, 37.879562564877503 ], [ 12.465362984766799, 37.879206983738158 ], [ 12.46537077522121, 37.878980075096173 ], [ 12.465237177713325, 37.878717974675126 ], [ 12.465177635739277, 37.878647461842945 ], [ 12.465037761887089, 37.878551177508029 ], [ 12.464835880142608, 37.87847384266108 ], [ 12.464376119207362, 37.87841554418079 ], [ 12.463950258850844, 37.878468624438042 ], [ 12.463059124697585, 37.878797270769191 ], [ 12.462547361571161, 37.879094967721144 ], [ 12.458458319746754, 37.8817806067226 ], [ 12.457027446032615, 37.884024326947795 ], [ 12.455322467475241, 37.887380206965801 ] ] ], [ [ [ 12.455374158790969, 37.904886196934136 ], [ 12.455461334278853, 37.904794785169983 ], [ 12.455607976718248, 37.904177869251576 ], [ 12.455061501321943, 37.899371795308916 ], [ 12.45353198939541, 37.897966418889361 ], [ 12.451785420886017, 37.897084690777994 ], [ 12.449981386881396, 37.896207105825845 ], [ 12.449259526605418, 37.895938584677346 ], [ 12.448768379717281, 37.895755881765247 ], [ 12.447731624524588, 37.8954848785732 ], [ 12.448491912441895, 37.885003291474014 ], [ 12.449082457645472, 37.883157051720453 ], [ 12.451830764068118, 37.873733879861462 ], [ 12.449613697673266, 37.870738054279919 ], [ 12.449512646154085, 37.870553266419336 ], [ 12.448757138318012, 37.868756210617931 ], [ 12.448563609752672, 37.868031192605542 ], [ 12.44846033454284, 37.866799419837299 ], [ 12.448515145518895, 37.866100664211601 ], [ 12.449137576131102, 37.86095887992046 ], [ 12.449928558520732, 37.856729924167276 ], [ 12.451132444646298, 37.854015198628986 ], [ 12.451428515136438, 37.853532767544358 ], [ 12.451710024333671, 37.853074056922523 ], [ 12.451808649851165, 37.852913348082154 ], [ 12.451454437215142, 37.851081635658829 ], [ 12.451312536989784, 37.850467976292101 ], [ 12.450841980647018, 37.848432931312843 ], [ 12.447212325300125, 37.844070023926889 ], [ 12.446606251590735, 37.844051331212142 ], [ 12.446487665304545, 37.84405145999137 ], [ 12.445953004256259, 37.844183742883708 ], [ 12.445874119053872, 37.844203260353432 ], [ 12.445855757670381, 37.844236715638566 ], [ 12.445823661397936, 37.84429519780808 ], [ 12.44574249593909, 37.844443090210135 ], [ 12.445655839820086, 37.844600988525954 ], [ 12.44561778279953, 37.844694138321316 ], [ 12.445521776098593, 37.844929127278796 ], [ 12.444262607892, 37.848932855841376 ], [ 12.4434523215927, 37.852018065110478 ], [ 12.437885090080545, 37.875471861385321 ], [ 12.436835974246128, 37.880905583271826 ], [ 12.434955325101045, 37.884242955642812 ], [ 12.433763690285611, 37.886031844312157 ], [ 12.431859051417128, 37.888408725763597 ], [ 12.430602925093414, 37.889856505660397 ], [ 12.429853147425337, 37.891327642068127 ], [ 12.429270007002549, 37.892755922624083 ], [ 12.429385783084335, 37.895131976135694 ], [ 12.431011965033251, 37.89646705031263 ], [ 12.433490691538809, 37.896728400515343 ], [ 12.434146524569847, 37.896288546476633 ], [ 12.43545022109201, 37.896182006801524 ], [ 12.437771164464619, 37.896195770227699 ], [ 12.439046206122788, 37.89646892643615 ], [ 12.440367231438154, 37.896755353687666 ], [ 12.444569752708908, 37.897852847452334 ], [ 12.445588270307539, 37.898237829078987 ], [ 12.447289005820327, 37.898881196600591 ], [ 12.448883203955916, 37.899774668976256 ], [ 12.45019947703903, 37.900649817796186 ], [ 12.452758760969695, 37.902712056678531 ], [ 12.452868190055302, 37.902803437316933 ], [ 12.45304507636315, 37.90296940585521 ], [ 12.453165722120298, 37.903087486460429 ], [ 12.453967955005165, 37.903906248851499 ], [ 12.454661012748719, 37.904912901732303 ], [ 12.455284542311571, 37.904980166864853 ], [ 12.455374158790969, 37.904886196934136 ] ] ], [ [ [ 12.298511430232224, 37.911563346441334 ], [ 12.298348843197514, 37.911560756346148 ], [ 12.298009909571959, 37.911752620272324 ], [ 12.297966193947234, 37.911986259901674 ], [ 12.298050008582194, 37.912548852589978 ], [ 12.298175246205927, 37.912812968264639 ], [ 12.298361071896961, 37.912844051819732 ], [ 12.298543166621938, 37.912778157725377 ], [ 12.299178715353877, 37.912356282125188 ], [ 12.299240739145906, 37.912229395429534 ], [ 12.299236257038537, 37.911725363534103 ], [ 12.299102028507608, 37.911650466967806 ], [ 12.298511430232224, 37.911563346441334 ] ] ], [ [ [ 12.290489562569888, 37.914875551862934 ], [ 12.290678067417092, 37.914784461457494 ], [ 12.290724727140857, 37.914616293892337 ], [ 12.290745860214731, 37.914415469246642 ], [ 12.290728317972988, 37.914292005839229 ], [ 12.290529197616991, 37.914145020058399 ], [ 12.289240592553655, 37.913451658147267 ], [ 12.289127248678197, 37.913473898459806 ], [ 12.288986825728875, 37.913563642135458 ], [ 12.28898402173254, 37.91370973992035 ], [ 12.289006340426685, 37.91403031752953 ], [ 12.289099710016794, 37.914198979757032 ], [ 12.290085680682873, 37.915068683326687 ], [ 12.290489562569888, 37.914875551862934 ] ] ], [ [ [ 12.302002008052735, 37.916223892039881 ], [ 12.302341820801958, 37.916218530994882 ], [ 12.302434215676525, 37.91615731630587 ], [ 12.30413453407907, 37.914706870711036 ], [ 12.303926835204026, 37.91455359861996 ], [ 12.302731913563365, 37.913716262088997 ], [ 12.30247574179065, 37.913660652569767 ], [ 12.302251614177274, 37.913612516580372 ], [ 12.302075554747043, 37.913575590873961 ], [ 12.300973405336098, 37.913866141071168 ], [ 12.300773157563841, 37.913997376238136 ], [ 12.300534568769296, 37.91433485363099 ], [ 12.300485422759571, 37.915028549040002 ], [ 12.300684108344026, 37.91530128207291 ], [ 12.301529927843285, 37.916027793445359 ], [ 12.301736689600263, 37.916160160194011 ], [ 12.302002008052735, 37.916223892039881 ] ] ], [ [ [ 12.308116564743825, 37.95567356037806 ], [ 12.308020570686843, 37.955297442859781 ], [ 12.308046544425853, 37.95425090414971 ], [ 12.308111672255427, 37.953815985575794 ], [ 12.308427854449498, 37.952547794223008 ], [ 12.309593869133451, 37.950786360627262 ], [ 12.309794616479588, 37.950492965152534 ], [ 12.310344802558349, 37.950076968869702 ], [ 12.311031532834834, 37.949643845484339 ], [ 12.315783800308036, 37.938715034480161 ], [ 12.317121497890648, 37.936224055198387 ], [ 12.322969152948543, 37.931205318583004 ], [ 12.326441716849926, 37.931676576539964 ], [ 12.328995307973678, 37.933807032602651 ], [ 12.337629001044643, 37.935986849214302 ], [ 12.344375012996903, 37.936622446816152 ], [ 12.348976187312724, 37.934599402179678 ], [ 12.349154775403109, 37.934482022793283 ], [ 12.349211968380061, 37.934376288968444 ], [ 12.349250990239831, 37.934304146621194 ], [ 12.349634313488966, 37.933341460374969 ], [ 12.349658251598715, 37.932822848452204 ], [ 12.349656606342899, 37.932771983374195 ], [ 12.34965323490084, 37.932667820333101 ], [ 12.349644179206138, 37.932479216458241 ], [ 12.349555856035478, 37.931849224445671 ], [ 12.349537705298559, 37.931649116386069 ], [ 12.349665282321, 37.93132996460379 ], [ 12.349833594716848, 37.931030693704734 ], [ 12.350309740457174, 37.930491368793703 ], [ 12.352893528171156, 37.927624604828374 ], [ 12.355292300688811, 37.925853153229447 ], [ 12.355795397474319, 37.925525332524238 ], [ 12.361331670332852, 37.922735708194395 ], [ 12.366272765694807, 37.923942766344219 ], [ 12.36732684088801, 37.923599149818465 ], [ 12.369179057892252, 37.922383996519358 ], [ 12.369434257889752, 37.922042208780454 ], [ 12.369652097604703, 37.921414878857902 ], [ 12.370448346776815, 37.919083890638326 ], [ 12.370581115164006, 37.918471415559175 ], [ 12.370514771210626, 37.91824964057497 ], [ 12.37039702245738, 37.917856031566778 ], [ 12.369097771263991, 37.913845345195469 ], [ 12.367037760336167, 37.907916818182244 ], [ 12.366856004850396, 37.907594614780159 ], [ 12.366779431962931, 37.907458871415898 ], [ 12.366400695705883, 37.906822374269538 ], [ 12.366215644135425, 37.90654793990992 ], [ 12.366179980882034, 37.906495050869545 ], [ 12.365811576751955, 37.906167491237518 ], [ 12.35794615198331, 37.90632713169169 ], [ 12.35073485964249, 37.907339903129134 ], [ 12.342124539920055, 37.915487145080498 ], [ 12.33771276467488, 37.91946523307147 ], [ 12.337451083606375, 37.919689588344092 ], [ 12.337267537415261, 37.919798475878459 ], [ 12.333117880588102, 37.919863845441363 ], [ 12.325439612702324, 37.919785934829733 ], [ 12.321855691884904, 37.918076237848346 ], [ 12.320689163472315, 37.919237807897588 ], [ 12.308870610937134, 37.91934033667706 ], [ 12.294290261340354, 37.916520143646082 ], [ 12.287677188199932, 37.91536900355014 ], [ 12.286375195647596, 37.915850987798621 ], [ 12.28147981897034, 37.919593358309058 ], [ 12.280804806013236, 37.920725942302241 ], [ 12.280416478772176, 37.921492238072581 ], [ 12.2794861097727, 37.923770524966613 ], [ 12.279411642713157, 37.929782497776337 ], [ 12.273625357836393, 37.935328698370391 ], [ 12.273303156501758, 37.937235668348009 ], [ 12.277922339735229, 37.944801559341684 ], [ 12.278055485149764, 37.944977881808668 ], [ 12.278267715241004, 37.945126483786524 ], [ 12.27831864837802, 37.945162146565728 ], [ 12.279738038900208, 37.945716226229408 ], [ 12.280030493222172, 37.94581091126998 ], [ 12.2803142263766, 37.945855153244999 ], [ 12.280635721271086, 37.945879336176013 ], [ 12.281251142413483, 37.945814017829697 ], [ 12.281473718357748, 37.945766749981253 ], [ 12.284700796322744, 37.94484287740385 ], [ 12.285226989285221, 37.94467770387083 ], [ 12.285525290074514, 37.944461415488284 ], [ 12.286008606864717, 37.944056674069209 ], [ 12.286136393165084, 37.943858588733136 ], [ 12.286217480007714, 37.943550719258887 ], [ 12.286270982816189, 37.942815095124807 ], [ 12.289816982173406, 37.942955497490061 ], [ 12.295940821904326, 37.946003270356208 ], [ 12.301716498895052, 37.950632051104911 ], [ 12.307358239237285, 37.955487420398441 ], [ 12.307592295703886, 37.955666577585781 ], [ 12.308038448640616, 37.955854194417029 ], [ 12.308133972430531, 37.955843878255671 ], [ 12.308116564743825, 37.95567356037806 ] ] ], [ [ [ 12.063167013830446, 37.993274620329608 ], [ 12.064577869134089, 37.992940462013181 ], [ 12.064826331824428, 37.992763342947974 ], [ 12.064865501408677, 37.992255197739176 ], [ 12.064856767986573, 37.991442774560738 ], [ 12.064695163340689, 37.991133586748973 ], [ 12.064637275213304, 37.991022833082717 ], [ 12.064281760398773, 37.990358967149341 ], [ 12.063634982320588, 37.99017787577354 ], [ 12.061621029098919, 37.98808227513733 ], [ 12.064607667699814, 37.979489318081164 ], [ 12.070817475355874, 37.970726319522122 ], [ 12.077801368699348, 37.961664291293182 ], [ 12.081450073134105, 37.951654517539303 ], [ 12.081551026731239, 37.951483164716258 ], [ 12.08158084974189, 37.951432667826296 ], [ 12.081864501464972, 37.951074998636393 ], [ 12.081910202448924, 37.95101737217712 ], [ 12.08335129234259, 37.950109212288005 ], [ 12.084218393424718, 37.949820157393845 ], [ 12.085296401089094, 37.949551658196405 ], [ 12.086809689383408, 37.949264800577431 ], [ 12.087438100618698, 37.949199287668954 ], [ 12.090926423424401, 37.949287174426537 ], [ 12.091124150431801, 37.949317413815727 ], [ 12.091237189556974, 37.949245688551571 ], [ 12.09137813862238, 37.949156250274797 ], [ 12.091576897149041, 37.949020473247202 ], [ 12.091671687506466, 37.948955583926271 ], [ 12.091752192093415, 37.948900471067816 ], [ 12.091566771550641, 37.947904759623761 ], [ 12.091526228700319, 37.947812488459753 ], [ 12.091446700563798, 37.947631491000884 ], [ 12.088137173744474, 37.946513414472783 ], [ 12.087275071776721, 37.946302848534927 ], [ 12.083036759422761, 37.945657137615484 ], [ 12.080474455083634, 37.946992458222788 ], [ 12.075669018701307, 37.949439692028832 ], [ 12.064988270389245, 37.951280845432592 ], [ 12.057591885187906, 37.952515888493402 ], [ 12.054772218312214, 37.953117834931447 ], [ 12.049822986212178, 37.95534315138984 ], [ 12.049156784409387, 37.955931890556279 ], [ 12.048227772911583, 37.956816777562878 ], [ 12.045066818914355, 37.960016992807724 ], [ 12.042109089611204, 37.97012384293761 ], [ 12.037701395583037, 37.979522823598884 ], [ 12.033774747461178, 37.98863403074553 ], [ 12.033465650729973, 37.989122789476845 ], [ 12.033313727526357, 37.989335077143487 ], [ 12.03327564291221, 37.989388292038683 ], [ 12.032921093111726, 37.989640642450773 ], [ 12.032831237392982, 37.989641304731002 ], [ 12.032644939756652, 37.989642676528995 ], [ 12.031341277383037, 37.988535131383863 ], [ 12.03065814973532, 37.987813476701028 ], [ 12.030662342489693, 37.987709518468662 ], [ 12.030498637685362, 37.987534201382537 ], [ 12.030083975743826, 37.987442633752288 ], [ 12.029948218697644, 37.987421169818738 ], [ 12.029821363098497, 37.987462352286748 ], [ 12.029227273750505, 37.987655220085479 ], [ 12.028881792621215, 37.988105997057005 ], [ 12.028539700378007, 37.989529918833917 ], [ 12.028232668494043, 37.991071857825226 ], [ 12.028726402376542, 37.991814152761087 ], [ 12.029580862197777, 37.992998038134743 ], [ 12.029799380404159, 37.993084644803098 ], [ 12.030170389255964, 37.993130064889847 ], [ 12.03822914560398, 37.993023817268167 ], [ 12.04565745818031, 37.992051840438783 ], [ 12.050901312834238, 37.99111955225721 ], [ 12.060566266995357, 37.990263327235439 ], [ 12.061214919339202, 37.990625277841751 ], [ 12.061748427713084, 37.991806567050929 ], [ 12.061924234127799, 37.992892159957229 ], [ 12.061995612939352, 37.993029093591211 ], [ 12.062094004853225, 37.993202745287327 ], [ 12.062199502854181, 37.993287978141211 ], [ 12.062881614103258, 37.993294515232435 ], [ 12.063167013830446, 37.993274620329608 ] ] ], [ [ [ 12.327711282144163, 37.987117071663626 ], [ 12.32808899279973, 37.98707776853184 ], [ 12.328316090064225, 37.987037963368884 ], [ 12.328495059232035, 37.986999521282542 ], [ 12.328756097669059, 37.986911080583297 ], [ 12.329039475094978, 37.986783866766373 ], [ 12.329275587762206, 37.986677060525452 ], [ 12.329405145187311, 37.986575142879005 ], [ 12.329490881974403, 37.986497103464522 ], [ 12.329605135619786, 37.986372144017423 ], [ 12.329614366567373, 37.986309907198418 ], [ 12.328870744051745, 37.98611644655837 ], [ 12.328678237394895, 37.98612190082477 ], [ 12.327922409047018, 37.98632447330769 ], [ 12.327789427648931, 37.986447424628352 ], [ 12.327595030367002, 37.986943971250632 ], [ 12.327711282144163, 37.987117071663626 ] ] ], [ [ [ 12.424663886891706, 37.98999326457453 ], [ 12.426540673391772, 37.989637907879718 ], [ 12.426855694115698, 37.989419529535198 ], [ 12.426845565768406, 37.989302167689743 ], [ 12.426813640771991, 37.9891573057035 ], [ 12.425969365386264, 37.987742163959062 ], [ 12.425852755769235, 37.98773962400616 ], [ 12.425020401839891, 37.987937640177854 ], [ 12.424379561273287, 37.988193924844246 ], [ 12.424162788241413, 37.988288288218541 ], [ 12.423577410102006, 37.988586329387644 ], [ 12.423493534228189, 37.988706135603501 ], [ 12.423627964335601, 37.990069678864579 ], [ 12.424663886891706, 37.98999326457453 ] ] ], [ [ [ 12.417050145946678, 37.987790993986494 ], [ 12.417006864809007, 37.987726976322747 ], [ 12.416746462695528, 37.987685213179773 ], [ 12.41629741992106, 37.987747424433998 ], [ 12.416159966915867, 37.987771440400351 ], [ 12.415375249309681, 37.988289843809888 ], [ 12.413475384412239, 37.989892960489691 ], [ 12.412644394687733, 37.990767407101437 ], [ 12.411373091159252, 37.992207458903415 ], [ 12.411293573975557, 37.992314690561351 ], [ 12.411274483994072, 37.992340434105557 ], [ 12.411352210283932, 37.992396222116518 ], [ 12.411823423610482, 37.992271428574099 ], [ 12.411907800943231, 37.992219236517087 ], [ 12.413183648079821, 37.991310211156183 ], [ 12.414469880177053, 37.99034734713085 ], [ 12.417050145946678, 37.987790993986494 ] ] ], [ [ [ 12.496136675150684, 38.012103527787168 ], [ 12.496281580657195, 38.012067682526272 ], [ 12.496503780101637, 38.012011530140782 ], [ 12.496727973168046, 38.011802164817837 ], [ 12.497417660931955, 38.009235323984257 ], [ 12.49741623675229, 38.005038503030391 ], [ 12.497091547589111, 38.005017284043802 ], [ 12.497289751858832, 38.009184705192531 ], [ 12.496331084710954, 38.011196296690493 ], [ 12.496071466256309, 38.011305037938243 ], [ 12.49415973167298, 38.011570580479187 ], [ 12.495760873738575, 38.012087702770046 ], [ 12.496136675150684, 38.012103527787168 ] ] ], [ [ [ 12.488883622193562, 38.01239970161226 ], [ 12.488437875030346, 38.012313750407124 ], [ 12.488047035816496, 38.012490153095484 ], [ 12.487969345745267, 38.012733177757248 ], [ 12.488185373955961, 38.012872626418769 ], [ 12.488755499167613, 38.012795987387769 ], [ 12.489031353679605, 38.012669427877043 ], [ 12.489074906714974, 38.012502130407789 ], [ 12.488939283844086, 38.012409353294991 ], [ 12.488883622193562, 38.01239970161226 ] ] ], [ [ [ 12.335688232795066, 38.020355937232623 ], [ 12.336065373766372, 38.019469864691608 ], [ 12.342079157413115, 38.004170908700573 ], [ 12.34928792475038, 37.997044252101276 ], [ 12.351479939449286, 37.995300589979578 ], [ 12.352548578562178, 37.992550547177828 ], [ 12.351418623382905, 37.988856704682867 ], [ 12.339610658392818, 37.985436336407098 ], [ 12.338263343092704, 37.984778040573431 ], [ 12.329994222730612, 37.986877682691151 ], [ 12.327307944756338, 37.988977742988844 ], [ 12.323860484208657, 37.99341345981604 ], [ 12.323834168126623, 37.99345135113883 ], [ 12.323675083677852, 37.993680411883666 ], [ 12.323497031740112, 37.993936783481473 ], [ 12.322828118925562, 37.995110924478986 ], [ 12.322762059201992, 37.99523997683346 ], [ 12.322638645359151, 37.995482035767523 ], [ 12.320672741222165, 37.999395141839507 ], [ 12.320429180292294, 37.999939911325136 ], [ 12.320328872573942, 38.00027102138678 ], [ 12.320184485899324, 38.001189512771575 ], [ 12.322171699191639, 38.007375533917156 ], [ 12.324785220944712, 38.008770272978857 ], [ 12.326205105549382, 38.008441526479707 ], [ 12.328775487345458, 38.008883576590001 ], [ 12.328817018860979, 38.008916053446391 ], [ 12.329190325441301, 38.009353401291264 ], [ 12.32946529981843, 38.009736602451852 ], [ 12.329679453383847, 38.010076066648018 ], [ 12.330608133412689, 38.012841694458494 ], [ 12.33261048761746, 38.018931727308441 ], [ 12.333040570074976, 38.020184941468401 ], [ 12.333343308170317, 38.020552225811819 ], [ 12.333492148729498, 38.020609663883882 ], [ 12.333652829651289, 38.02061757658695 ], [ 12.335331855034946, 38.020561297118491 ], [ 12.335688232795066, 38.020355937232623 ] ] ], [ [ [ 12.529475006055558, 38.064585928701213 ], [ 12.529524310851679, 38.064579369928921 ], [ 12.529761518763317, 38.064448351468954 ], [ 12.529764688346356, 38.06435008778336 ], [ 12.529688612083774, 38.064203219556646 ], [ 12.529576674711912, 38.064032487180214 ], [ 12.529441630071172, 38.063852427260613 ], [ 12.529393801359255, 38.063818665641378 ], [ 12.529264275329545, 38.063764463700075 ], [ 12.529097434388538, 38.06378670939818 ], [ 12.529023283659861, 38.063849738035245 ], [ 12.5289787922525, 38.063916474866318 ], [ 12.5289343007555, 38.064090731094034 ], [ 12.528978791632422, 38.064164881825391 ], [ 12.529249445865897, 38.064543055179421 ], [ 12.529475006055558, 38.064585928701213 ] ] ], [ [ [ 12.732723864966038, 38.182624943366058 ], [ 12.732193051057003, 38.182672556415774 ], [ 12.732067410999115, 38.182522235197993 ], [ 12.731976125372105, 38.182314680280101 ], [ 12.731517358404867, 38.181090450257322 ], [ 12.731527728805487, 38.180756255454135 ], [ 12.731546590900866, 38.18067302496226 ], [ 12.731674103229139, 38.180238214961854 ], [ 12.731835115348501, 38.180035563391264 ], [ 12.732062207981807, 38.179802011448203 ], [ 12.735451744151639, 38.17710877579637 ], [ 12.736105585299876, 38.1767677086102 ], [ 12.736824337992919, 38.176434315203579 ], [ 12.738567863085468, 38.175876318322544 ], [ 12.738878096224807, 38.175850138801827 ], [ 12.739930264996897, 38.175793249302615 ], [ 12.740411386747988, 38.175770357747851 ], [ 12.740908790892332, 38.175747775328503 ], [ 12.741593364780311, 38.175728793518203 ], [ 12.742268827650586, 38.175741792429413 ], [ 12.742992484468955, 38.17577499998108 ], [ 12.743919224944461, 38.17582496368999 ], [ 12.744654218137095, 38.176019147667567 ], [ 12.745579791723584, 38.176371319536713 ], [ 12.766006538098619, 38.180244557616746 ], [ 12.767019624103977, 38.180135232269009 ], [ 12.767339398712362, 38.18006415296022 ], [ 12.768148686267898, 38.17955845680666 ], [ 12.769451858566704, 38.177551389449995 ], [ 12.77075378111673, 38.174643780995922 ], [ 12.77124215366093, 38.172511694520651 ], [ 12.771521501150351, 38.17082574615975 ], [ 12.771652889794067, 38.169327313783803 ], [ 12.771559655389972, 38.169038783945496 ], [ 12.771400729606111, 38.168610297070799 ], [ 12.770893852512838, 38.168177300913186 ], [ 12.770669135311742, 38.168070148526986 ], [ 12.770523647017203, 38.168035236310651 ], [ 12.768444171884681, 38.16629331445359 ], [ 12.767434459270694, 38.164297874513487 ], [ 12.767374280942283, 38.163981999725408 ], [ 12.767237138019242, 38.162873324061934 ], [ 12.767107485024118, 38.159919232838526 ], [ 12.767105023267654, 38.159732688360513 ], [ 12.767139056017069, 38.158884505726469 ], [ 12.767276280895626, 38.158121874187756 ], [ 12.767584574933473, 38.156822343459119 ], [ 12.767794032257234, 38.156093233781839 ], [ 12.76841306529797, 38.154422317080332 ], [ 12.770128145073512, 38.151101085060759 ], [ 12.770389951631385, 38.150916060611266 ], [ 12.771201632175748, 38.150438328152099 ], [ 12.772756145688934, 38.150120060458455 ], [ 12.774558965229739, 38.150295732812268 ], [ 12.779655401456653, 38.150440631401381 ], [ 12.783429753101467, 38.145148857808998 ], [ 12.78681755982444, 38.139319222177008 ], [ 12.790219171616981, 38.135669520573025 ], [ 12.790889846012295, 38.13474969539228 ], [ 12.79071225380191, 38.132859383790297 ], [ 12.790259174851679, 38.129685213946097 ], [ 12.78940915166184, 38.126423002198557 ], [ 12.789318213215912, 38.118620312250329 ], [ 12.790081079089681, 38.111918621868973 ], [ 12.792690906713577, 38.107922829367972 ], [ 12.79787238961425, 38.10063130362667 ], [ 12.801043720494533, 38.097628418570352 ], [ 12.80318474420945, 38.095070464223625 ], [ 12.804356139655116, 38.093479538611589 ], [ 12.804830493159235, 38.091621975929471 ], [ 12.804783577830074, 38.090120096574353 ], [ 12.807725326131667, 38.085695259370588 ], [ 12.809427010179963, 38.083619610575305 ], [ 12.815184682083897, 38.080138284278974 ], [ 12.821795960012134, 38.072801828593462 ], [ 12.823616765734362, 38.070132604655576 ], [ 12.827132474288343, 38.066288216745825 ], [ 12.845325529991973, 38.055644011201331 ], [ 12.852866859643587, 38.052029599708185 ], [ 12.854179213282746, 38.050214691262916 ], [ 12.857430833736224, 38.048829500980297 ], [ 12.859102038029995, 38.048378451294141 ], [ 12.863518557929552, 38.051675831201095 ], [ 12.868162716871067, 38.051120944297139 ], [ 12.86874029982949, 38.050745382098064 ], [ 12.869929030856222, 38.047931825563879 ], [ 12.871273957789747, 38.043588673707077 ], [ 12.871506034516889, 38.042759225097619 ], [ 12.871606217538279, 38.042379139477383 ], [ 12.871454457776615, 38.041631478200173 ], [ 12.871348686212093, 38.041307672481842 ], [ 12.871194543792768, 38.04101432391127 ], [ 12.87108135199691, 38.040937549928209 ], [ 12.87097495569906, 38.040806941481797 ], [ 12.870909756672283, 38.040707653123029 ], [ 12.870834269078582, 38.040592696128812 ], [ 12.870770213918078, 38.040444774375345 ], [ 12.870689626484475, 38.039971581701245 ], [ 12.870919411860058, 38.037751638598081 ], [ 12.871156399824075, 38.037078492397313 ], [ 12.87347290907241, 38.034622033668214 ], [ 12.881160254994285, 38.02945543127931 ], [ 12.892724564647329, 38.024412365826926 ], [ 12.893618192644993, 38.024345354786234 ], [ 12.895610858290175, 38.024364441853415 ], [ 12.896381400093858, 38.024382388564412 ], [ 12.900578495817198, 38.024536314654888 ], [ 12.902658161423131, 38.024631549504392 ], [ 12.90945134642705, 38.025071220750078 ], [ 12.914946225053725, 38.025693052935289 ], [ 12.918314767394788, 38.026120319366143 ], [ 12.925372105232615, 38.027233314849092 ], [ 12.932035110242875, 38.028296736056568 ], [ 12.938905337811454, 38.029580349195236 ], [ 12.943999756400927, 38.030657755559531 ], [ 12.947730577652182, 38.031488206954954 ], [ 12.953978706531048, 38.03298301307926 ], [ 12.956073451745736, 38.033507532069954 ], [ 12.958983378187728, 38.034293207134333 ], [ 12.961846683784314, 38.035114186605803 ], [ 12.967247404120654, 38.036708085508316 ], [ 12.968931860522499, 38.037253609469737 ], [ 12.972281162026524, 38.038361682704931 ], [ 12.976113981492182, 38.039662984363773 ], [ 12.976365937424118, 38.039815871372028 ], [ 12.977148452426349, 38.040290695453542 ], [ 12.979843999113436, 38.038041849488479 ], [ 12.983014045526009, 38.032321315227314 ], [ 12.982794864877995, 38.027195978620774 ], [ 12.983771115318065, 38.022389487345293 ], [ 12.98449235055037, 38.020558395440069 ], [ 12.984961630302603, 38.019619193825861 ], [ 12.984990577373576, 38.019584491366061 ], [ 12.985049225188112, 38.019514183504867 ], [ 12.985197483814948, 38.019336450285955 ], [ 12.987287464244538, 38.01688877255237 ], [ 12.98935463154662, 38.015764954197863 ], [ 12.990966832432992, 38.016093302123494 ], [ 12.997412153783802, 38.01323899739554 ], [ 13.001374047102761, 38.009763430843059 ], [ 13.004722193461621, 38.002931476816364 ], [ 13.003314052222825, 37.999977056115398 ], [ 13.002345901708171, 37.997756643716841 ], [ 13.002479186356101, 37.995774951665872 ], [ 13.003826464997873, 37.991905348573546 ], [ 13.006605189208742, 37.989724045519779 ], [ 13.018779160100374, 37.983235330366576 ], [ 13.02679360793106, 37.977511641621682 ], [ 13.025332414044227, 37.970134244814879 ], [ 13.027225751050885, 37.966384238538147 ], [ 13.027918909375375, 37.966900897616881 ], [ 13.031865849048033, 37.969138936392618 ], [ 13.032029578802053, 37.96920018067167 ], [ 13.032240460374458, 37.969279061141449 ], [ 13.032968659070979, 37.969551440263075 ], [ 13.035428888741574, 37.970368016101368 ], [ 13.035478863064499, 37.970382343035674 ], [ 13.035561051632824, 37.970394735207456 ], [ 13.036120090365262, 37.970479020810714 ], [ 13.037052999153099, 37.970541534163488 ], [ 13.038810884671349, 37.969931642125317 ], [ 13.038899634449896, 37.969885324399101 ], [ 13.039549937910099, 37.969545932165623 ], [ 13.039881397801555, 37.969286717242397 ], [ 13.040358164989497, 37.968911372875532 ], [ 13.049964651511189, 37.959951098949148 ], [ 13.046653467990227, 37.956382476431422 ], [ 13.044529666170847, 37.955200228927026 ], [ 13.042118789538582, 37.947780056041232 ], [ 13.042618677678719, 37.946265107363793 ], [ 13.044616520374834, 37.944390346560759 ], [ 13.045894990977766, 37.941208187562296 ], [ 13.045757609628192, 37.938537799618935 ], [ 13.044785790670552, 37.933166181380805 ], [ 13.040855599799899, 37.914803442138414 ], [ 13.024391597216329, 37.902653277248433 ], [ 13.0238322913373, 37.902298631742141 ], [ 13.02323581005248, 37.902044320519508 ], [ 13.022336318736766, 37.901678788710903 ], [ 13.022301777340534, 37.901666874917431 ], [ 13.022002538412217, 37.901563664040083 ], [ 13.021457253284471, 37.901375586666795 ], [ 13.020858623297412, 37.901211413124841 ], [ 13.016806298708836, 37.900485280117259 ], [ 13.016405120911822, 37.900607095000566 ], [ 13.005234964767663, 37.904492275615745 ], [ 12.999379110879465, 37.908637033072729 ], [ 12.996428102713088, 37.904215640157048 ], [ 12.996725886536563, 37.903705602252202 ], [ 12.997316676469513, 37.90251901679369 ], [ 12.997341319873824, 37.902448827837297 ], [ 12.997524719848926, 37.901926452547123 ], [ 12.997594444841209, 37.901469201348164 ], [ 12.997563763206452, 37.900916267293553 ], [ 12.997433942703404, 37.900719538311535 ], [ 12.993070476427036, 37.897532635062987 ], [ 12.992965110069452, 37.897480997334384 ], [ 12.992921416232958, 37.897461051805301 ], [ 12.992762276439436, 37.897388407415647 ], [ 12.985686426567028, 37.900662165607649 ], [ 12.978250265344366, 37.899747641783527 ], [ 12.975559219244015, 37.898775813485152 ], [ 12.969634750484715, 37.898764417165623 ], [ 12.96753044392009, 37.899133029042446 ], [ 12.966376005146461, 37.900585024481437 ], [ 12.959234468922029, 37.900586219164047 ], [ 12.958225604196846, 37.899288768869084 ], [ 12.95701418695571, 37.898409081494542 ], [ 12.955387752120574, 37.897425247080427 ], [ 12.953707653342581, 37.897896663635663 ], [ 12.94779897184223, 37.900734044640821 ], [ 12.941418944174792, 37.90572225007525 ], [ 12.941299541774631, 37.905792188970153 ], [ 12.941250125624029, 37.905821133576431 ], [ 12.941154842809276, 37.905876942694412 ], [ 12.941084018079025, 37.905917889265176 ], [ 12.94095964244476, 37.905851984269802 ], [ 12.940697613649872, 37.905713137238912 ], [ 12.94053427242048, 37.905626582831658 ], [ 12.940500099556452, 37.9056082817944 ], [ 12.938581864589382, 37.904225495547124 ], [ 12.934372239228829, 37.897744467090106 ], [ 12.934592778852442, 37.8959256828973 ], [ 12.936553725159882, 37.892193596357103 ], [ 12.933502573371278, 37.888160490629325 ], [ 12.93107449796211, 37.885310716175582 ], [ 12.936528741702014, 37.882506593211176 ], [ 12.939914326314522, 37.882275915400747 ], [ 12.944649465702259, 37.882009142956704 ], [ 12.947954621808421, 37.881619761834806 ], [ 12.950352233933259, 37.877310912307806 ], [ 12.950047154967496, 37.874773031903921 ], [ 12.950687054474518, 37.87130788226083 ], [ 12.952286946875061, 37.868569795611528 ], [ 12.955618357635197, 37.868529797191769 ], [ 12.955793946043359, 37.868758083517648 ], [ 12.956526144541222, 37.868174969834435 ], [ 12.956810261312741, 37.867927618803272 ], [ 12.957218829163114, 37.867571916409659 ], [ 12.957306445917771, 37.867495634661367 ], [ 12.958563426556255, 37.864805059603988 ], [ 12.958575506133345, 37.8643542688013 ], [ 12.958239189414652, 37.863365723397202 ], [ 12.955905405831521, 37.859791655495798 ], [ 12.955301216301468, 37.859037324229611 ], [ 12.952055140615178, 37.856038366753573 ], [ 12.950598016467598, 37.855259088799983 ], [ 12.947874782794749, 37.853859796987201 ], [ 12.947295215627877, 37.85382970682199 ], [ 12.947004709160797, 37.853971499198423 ], [ 12.946718742221703, 37.854111074797707 ], [ 12.946581754427838, 37.854177935315391 ], [ 12.9461852412885, 37.854102015329431 ], [ 12.945801258183637, 37.854028491999479 ], [ 12.944982542566105, 37.853655113333701 ], [ 12.943861854638159, 37.852652326971011 ], [ 12.943402950951068, 37.847510778874039 ], [ 12.943536051453401, 37.845420961605306 ], [ 12.945325874423729, 37.83957970609633 ], [ 12.946852170413248, 37.838796819021496 ], [ 12.949329055088011, 37.837866223405314 ], [ 12.963507009772623, 37.835917417894784 ], [ 12.968371223755769, 37.830101027884275 ], [ 12.97067842840447, 37.823839337831792 ], [ 12.981467609608703, 37.823530838247294 ], [ 12.993507777245005, 37.82199661550704 ], [ 13.000018360105518, 37.821000658929222 ], [ 13.00974747049945, 37.820057202879575 ], [ 13.017107519809469, 37.81966872217108 ], [ 13.025360490988129, 37.818419968982283 ], [ 13.034594778623619, 37.815714283033735 ], [ 13.043246361623337, 37.815498197828987 ], [ 13.050492465118239, 37.814654353994008 ], [ 13.051323507688537, 37.81455139972347 ], [ 13.051706872786768, 37.814426622721697 ], [ 13.05227518587264, 37.814241641617848 ], [ 13.052608657890231, 37.814058995973461 ], [ 13.055708034201229, 37.810738731353794 ], [ 13.058619919032022, 37.810533404547066 ], [ 13.066033437318895, 37.815054799722219 ], [ 13.079550506900997, 37.81861971512582 ], [ 13.084930129523746, 37.814859263514109 ], [ 13.090109344058552, 37.816149693248327 ], [ 13.091474307426729, 37.817426285994941 ], [ 13.096747793157501, 37.816072821473817 ], [ 13.098152502789185, 37.814369926453701 ], [ 13.098312017265743, 37.813508683370131 ], [ 13.095945378811431, 37.810286289060464 ], [ 13.093862200062485, 37.808110622152299 ], [ 13.088533078534438, 37.805111912836317 ], [ 13.087914794933583, 37.80484967059148 ], [ 13.086950365860574, 37.804743583770914 ], [ 13.080958751537722, 37.803111136280549 ], [ 13.075386946921935, 37.792120106066839 ], [ 13.075252750333235, 37.791640607556154 ], [ 13.07499235190846, 37.78864717402778 ], [ 13.078128983602889, 37.78445287576934 ], [ 13.081641232937455, 37.782260535822964 ], [ 13.081978824962729, 37.782070928609059 ], [ 13.082294325696319, 37.781895828960621 ], [ 13.083051201189075, 37.781664647256477 ], [ 13.083797281258775, 37.781568161576388 ], [ 13.084098465603642, 37.78152921065 ], [ 13.084954485261029, 37.781758447629819 ], [ 13.085310924058437, 37.782061331096486 ], [ 13.085609420660763, 37.782354954843839 ], [ 13.085764398641395, 37.782537491498729 ], [ 13.090554231581688, 37.781031672046808 ], [ 13.096696551322378, 37.776424183133891 ], [ 13.098457374584799, 37.773763519976903 ], [ 13.100138728879621, 37.771003319211943 ], [ 13.098745710917983, 37.770013845304057 ], [ 13.098380717755848, 37.769935500558297 ], [ 13.098023685652386, 37.769858864380474 ], [ 13.091488316897447, 37.768941192052722 ], [ 13.081449706936251, 37.767165360936033 ], [ 13.078499265723233, 37.764999353237599 ], [ 13.075394603678344, 37.762930091357021 ], [ 13.06394842987064, 37.757417108371229 ], [ 13.063135702543828, 37.757122515546968 ], [ 13.062269228519041, 37.756975192617006 ], [ 13.061927172029101, 37.756976921553772 ], [ 13.06142849235404, 37.756979442351494 ], [ 13.061360645198825, 37.756990364043453 ], [ 13.060573795906357, 37.757117026880884 ], [ 13.059673335823275, 37.757327862976702 ], [ 13.05849287254396, 37.757704504613926 ], [ 13.05804391461802, 37.757922670579788 ], [ 13.058010449785156, 37.758039736149655 ], [ 13.057880515808428, 37.758499426463558 ], [ 13.057550824681147, 37.759933364183716 ], [ 13.055061109663836, 37.763893909548834 ], [ 13.054979934667724, 37.764010855075057 ], [ 13.054856879495475, 37.764188132848354 ], [ 13.054672209887121, 37.764452511531658 ], [ 13.053021006528036, 37.764950998650718 ], [ 13.052375369686265, 37.764993032912734 ], [ 13.052107293481479, 37.764906986601481 ], [ 13.051577051313641, 37.764736788232256 ], [ 13.050645420968396, 37.764325262819817 ], [ 13.050148211298591, 37.76380417615453 ], [ 13.050025035699448, 37.763522427767846 ], [ 13.049901859794584, 37.763240675630868 ], [ 13.0491592594603, 37.761264299072955 ], [ 13.048813067844467, 37.759719473425555 ], [ 13.04669387682919, 37.757032272430123 ], [ 13.042538217557128, 37.754513397276163 ], [ 13.039425922945453, 37.753298413165247 ], [ 13.03021683466722, 37.75259409637237 ], [ 13.030222659035632, 37.752701298855442 ], [ 13.025111612386388, 37.752768387967073 ], [ 13.019080897591394, 37.751415854137981 ], [ 13.014253893343209, 37.748541385701714 ], [ 13.013252864630557, 37.745226929484708 ], [ 13.012110268223443, 37.742613668124676 ], [ 13.009806908930546, 37.741690647067209 ], [ 13.007875733931833, 37.739196004111356 ], [ 13.005666792808825, 37.73784419063481 ], [ 13.000552742859858, 37.735963708517097 ], [ 13.000333375506338, 37.735898210579805 ], [ 12.999686019458171, 37.735704922415991 ], [ 12.998727253537115, 37.735501058122949 ], [ 12.998367453399373, 37.73544891951677 ], [ 12.997732711205664, 37.735356937228083 ], [ 12.997232051023467, 37.735426897070191 ], [ 12.997041775002103, 37.735453484757279 ], [ 12.996923587741078, 37.735470000594717 ], [ 12.996741761811817, 37.735662375260119 ], [ 12.996655316358403, 37.735753835731202 ], [ 12.996721654449946, 37.736222239715637 ], [ 12.997050644770418, 37.739421779632799 ], [ 12.994434292754287, 37.741943218069352 ], [ 12.99387290285911, 37.742116875032394 ], [ 12.993757226916978, 37.74215248564586 ], [ 12.993527712771053, 37.742174032961913 ], [ 12.992928713039406, 37.742224014937143 ], [ 12.992264808535309, 37.742068124215457 ], [ 12.992015374717081, 37.742009551778082 ], [ 12.99119960709176, 37.741686217310729 ], [ 12.991015721422121, 37.741613331153928 ], [ 12.99035936880078, 37.741227652297745 ], [ 12.989991091336595, 37.741011244264719 ], [ 12.989943238294613, 37.740983123898474 ], [ 12.989445921072779, 37.740488795828242 ], [ 12.989233523590205, 37.739953298379717 ], [ 12.989370124246923, 37.739681139259801 ], [ 12.989503347447913, 37.739418944507456 ], [ 12.989645730589432, 37.73922140864466 ], [ 12.989839076572579, 37.73895317223203 ], [ 12.989992689741177, 37.738796655032992 ], [ 12.987396917588711, 37.734442011971275 ], [ 12.977611697978249, 37.732345574933973 ], [ 12.96583312344703, 37.730042944792714 ], [ 12.965032746406196, 37.729897029598348 ], [ 12.959684893317835, 37.727495819415374 ], [ 12.958918705585686, 37.727001105336875 ], [ 12.958637364367529, 37.726819444278497 ], [ 12.956972120330411, 37.724855794339391 ], [ 12.957053863166212, 37.723321355835765 ], [ 12.957831392095002, 37.722157007862684 ], [ 12.958640954498899, 37.720079230294516 ], [ 12.954523745234331, 37.717961157933608 ], [ 12.948571474552624, 37.716099175190621 ], [ 12.942690910594067, 37.712215340923599 ], [ 12.942174006174437, 37.707140361273026 ], [ 12.937510318397305, 37.701479594717114 ], [ 12.93253405198343, 37.699337652467037 ], [ 12.929047572122307, 37.697051199445816 ], [ 12.923284637234648, 37.693260079048642 ], [ 12.918918219308495, 37.690193703404958 ], [ 12.918878202065251, 37.690162230817521 ], [ 12.918297367518241, 37.689705413741237 ], [ 12.91813218765782, 37.689548915670834 ], [ 12.917840863896961, 37.689272884171388 ], [ 12.915333367518206, 37.682174271965636 ], [ 12.914250352795429, 37.675157720394367 ], [ 12.913942874725311, 37.671051069386131 ], [ 12.906024057616161, 37.669662825396529 ], [ 12.901512668927827, 37.664022467626708 ], [ 12.893511280872083, 37.660850563527255 ], [ 12.898895837983041, 37.655390345995663 ], [ 12.898948066535898, 37.655334036083175 ], [ 12.899306940248252, 37.654944462196688 ], [ 12.899587605547893, 37.65462440505334 ], [ 12.899813469324554, 37.65431289624447 ], [ 12.899733588767269, 37.65392369589707 ], [ 12.899524010023727, 37.653721189176295 ], [ 12.894725713008334, 37.651040179791153 ], [ 12.891713348511077, 37.649375836108639 ], [ 12.889367348257023, 37.647701839297817 ], [ 12.888478839765357, 37.64705332057293 ], [ 12.88710603736321, 37.643561986385045 ], [ 12.887080333024548, 37.643226006569591 ], [ 12.887546993898283, 37.642359336973101 ], [ 12.887989923690188, 37.641881653989074 ], [ 12.890187410465346, 37.640627879063842 ], [ 12.901428633678661, 37.642391329797903 ], [ 12.911882696315917, 37.645091567670597 ], [ 12.912839318840716, 37.645712866713268 ], [ 12.913191656266701, 37.645938830971538 ], [ 12.91337347668304, 37.646055436230561 ], [ 12.9136917826767, 37.645976696573186 ], [ 12.91381110780547, 37.64594717863163 ], [ 12.914447175652557, 37.645789828618071 ], [ 12.914561710246751, 37.64576149424439 ], [ 12.914725671641651, 37.645708449229296 ], [ 12.915429855635006, 37.645480622870629 ], [ 12.916516651499016, 37.645128998222233 ], [ 12.916707326475109, 37.644960404957459 ], [ 12.916876581744754, 37.64481074967653 ], [ 12.91642765177353, 37.639774454918552 ], [ 12.916190669454103, 37.638574112152156 ], [ 12.915013385720435, 37.637233917286359 ], [ 12.91441520446681, 37.636592973593494 ], [ 12.910447852693327, 37.629143214959655 ], [ 12.90833324268762, 37.619705422641992 ], [ 12.906845638391182, 37.612523545008386 ], [ 12.905806754134231, 37.605101904734674 ], [ 12.906492301103482, 37.601712083874972 ], [ 12.907426319117478, 37.595051181667436 ], [ 12.904847916243135, 37.588452654483035 ], [ 12.903851211705373, 37.586832703324056 ], [ 12.901956912050347, 37.584148897015403 ], [ 12.896519091672035, 37.577112386252786 ], [ 12.894039367146938, 37.577122712383868 ], [ 12.889373592728061, 37.577472916115966 ], [ 12.886811221225488, 37.577751066134283 ], [ 12.880703950745168, 37.579232261929441 ], [ 12.874847441784608, 37.580554349697252 ], [ 12.874003396893267, 37.580737018719887 ], [ 12.868941030502056, 37.581582581361609 ], [ 12.86785530698055, 37.581725470819521 ], [ 12.858299601033272, 37.582627988215627 ], [ 12.857484647576893, 37.582671576247186 ], [ 12.856516452023644, 37.582719956660718 ], [ 12.855476525194176, 37.582758564835764 ], [ 12.8546046511422, 37.582785744097279 ], [ 12.853556630483311, 37.582728987860385 ], [ 12.852355237626604, 37.582653713727197 ], [ 12.852104246230258, 37.582598877953075 ], [ 12.851892908776858, 37.582538483893863 ], [ 12.851203585243276, 37.582136862196798 ], [ 12.850722770359571, 37.581788288963651 ], [ 12.846079341794315, 37.58138791536814 ], [ 12.841676157766786, 37.581442814747383 ], [ 12.826986556651912, 37.58202484870116 ], [ 12.809670217345456, 37.58162078767392 ], [ 12.796318559440659, 37.581187886415101 ], [ 12.785589463207311, 37.581009061857515 ], [ 12.782295897406252, 37.580913919639926 ], [ 12.78139398385108, 37.580851220823106 ], [ 12.777721506259219, 37.580499262823189 ], [ 12.771416608312975, 37.579777317703375 ], [ 12.769570727524634, 37.579560602072256 ], [ 12.765845854527628, 37.578961470538651 ], [ 12.760487654611666, 37.578015975726572 ], [ 12.746308991072171, 37.574797607172805 ], [ 12.736681958191795, 37.572405863632355 ], [ 12.734892600308916, 37.571952776340751 ], [ 12.732425430099253, 37.571307144480258 ], [ 12.731516301258646, 37.571062337575363 ], [ 12.729825338707691, 37.570587124525346 ], [ 12.729140028593777, 37.570394477858251 ], [ 12.727144465645697, 37.569560404568314 ], [ 12.706527576032824, 37.564985810164011 ], [ 12.686304809398338, 37.560965721012096 ], [ 12.684670523005526, 37.560275657524855 ], [ 12.68457171336987, 37.560243590582942 ], [ 12.683748353494407, 37.559976380598449 ], [ 12.679448659891069, 37.559472598971787 ], [ 12.677749225611979, 37.559581062773113 ], [ 12.673457414983263, 37.560040316693296 ], [ 12.662845487564059, 37.566168625456243 ], [ 12.659099388200781, 37.571545566894237 ], [ 12.656467655330564, 37.574076288934336 ], [ 12.652093172208943, 37.576011562317014 ], [ 12.649232384592581, 37.578109416979501 ], [ 12.646665794251629, 37.58188078553389 ], [ 12.645924854466655, 37.583073765952108 ], [ 12.643174841066667, 37.586768563375124 ], [ 12.635450085512117, 37.595219208252693 ], [ 12.633013193802297, 37.597805445186367 ], [ 12.628568107539296, 37.602770249476791 ], [ 12.627624682216251, 37.604014261732694 ], [ 12.625747437167197, 37.60668744403462 ], [ 12.619864562695906, 37.616473794677695 ], [ 12.619297008464741, 37.617705792613414 ], [ 12.61790150290976, 37.621127214307414 ], [ 12.617376229528839, 37.622470838230306 ], [ 12.614891492889321, 37.629778320591527 ], [ 12.613792660038554, 37.633546903467185 ], [ 12.614086259880001, 37.634737514191961 ], [ 12.603832833045059, 37.642343025214899 ], [ 12.595794508203412, 37.647175555519219 ], [ 12.586618464229554, 37.650106963209041 ], [ 12.583298025288672, 37.651034540947954 ], [ 12.578568625616931, 37.650038901875696 ], [ 12.575843651004478, 37.653481291513231 ], [ 12.568099697161788, 37.659935231059038 ], [ 12.56765558290166, 37.66029543638777 ], [ 12.567549292073162, 37.660363271138387 ], [ 12.567085333437692, 37.66059568051967 ], [ 12.567012083035335, 37.66063236405855 ], [ 12.566735474088425, 37.660766753773167 ], [ 12.566646216472506, 37.660803128040236 ], [ 12.566452107243059, 37.660862806195148 ], [ 12.560939278978735, 37.662462498828326 ], [ 12.559533637161973, 37.662799855117463 ], [ 12.559379026717171, 37.662824786065798 ], [ 12.558325986896762, 37.662991750114983 ], [ 12.557870318762946, 37.663046050607463 ], [ 12.557278600419671, 37.663113461249289 ], [ 12.55635763211645, 37.663213359425512 ], [ 12.555322923483642, 37.663289629164858 ], [ 12.554141777302707, 37.663354551200285 ], [ 12.553271492588614, 37.663328996378134 ], [ 12.552492895537787, 37.663272574749612 ], [ 12.551275324344626, 37.663152478320995 ], [ 12.54936345431266, 37.662837568368708 ], [ 12.542645979074109, 37.661697852728523 ], [ 12.541435684559929, 37.661178573455558 ], [ 12.54099389126581, 37.660968327790975 ], [ 12.539399136028246, 37.659930061050936 ], [ 12.538757478157006, 37.659501239339413 ], [ 12.525194159668134, 37.66007295912717 ], [ 12.518424585754257, 37.660702226218667 ], [ 12.51785673090134, 37.66148349663294 ], [ 12.515299515288692, 37.666518305360988 ], [ 12.508800960152824, 37.671133825054319 ], [ 12.501293047747479, 37.674639258762177 ], [ 12.498230848880809, 37.677577636405452 ], [ 12.494017719659144, 37.685016074507004 ], [ 12.489931089134796, 37.690061097468259 ], [ 12.484153014533499, 37.693117472815658 ], [ 12.476788518577143, 37.698307226463548 ], [ 12.475845712490996, 37.699113449378963 ], [ 12.475416367644833, 37.699555181600743 ], [ 12.471381985299034, 37.703878149272384 ], [ 12.470457059611809, 37.704905821105704 ], [ 12.471411009872543, 37.706126349929953 ], [ 12.47188014998212, 37.715355740171631 ], [ 12.469396873899909, 37.720552601295694 ], [ 12.472200596977087, 37.734330810169844 ], [ 12.472359169390709, 37.735087790078104 ], [ 12.472409945164607, 37.735339417364798 ], [ 12.472447099250068, 37.73554324936844 ], [ 12.472465753181892, 37.736246985519713 ], [ 12.472474512115371, 37.737766400148757 ], [ 12.472081918287056, 37.741220149109019 ], [ 12.47168094881591, 37.742986491537529 ], [ 12.471167934331433, 37.744441536213102 ], [ 12.470868713027709, 37.745192881800975 ], [ 12.470065947660249, 37.747043132999018 ], [ 12.465487122037251, 37.753250128838246 ], [ 12.463646425491497, 37.755626379897613 ], [ 12.461488497078427, 37.757578363210243 ], [ 12.455907205562841, 37.769837085754027 ], [ 12.454355392179773, 37.772945656023026 ], [ 12.450395582921521, 37.778842212796704 ], [ 12.448551038710848, 37.781354437227826 ], [ 12.447659857785313, 37.782557623623866 ], [ 12.443437575455212, 37.787833161483803 ], [ 12.439564078384985, 37.790701708416158 ], [ 12.434224459029178, 37.793625248029947 ], [ 12.433700565961722, 37.793887019224449 ], [ 12.433177336678908, 37.793911289150302 ], [ 12.432302999903873, 37.792621468430447 ], [ 12.431316999169395, 37.793315000031384 ], [ 12.425430396994976, 37.801256176788591 ], [ 12.425464523252524, 37.803122647150495 ], [ 12.427482955260135, 37.804976687041965 ], [ 12.431442757556917, 37.806281822233466 ], [ 12.431700290942652, 37.806386933085136 ], [ 12.432033744734062, 37.806582746588802 ], [ 12.432703743104641, 37.807104136512933 ], [ 12.433614058867562, 37.807855987176069 ], [ 12.43879546062578, 37.812510650325613 ], [ 12.4389335536618, 37.812691820193244 ], [ 12.439558905361608, 37.813562378923116 ], [ 12.43994639638729, 37.814142200207826 ], [ 12.441007575599006, 37.815770202227398 ], [ 12.440024105507796, 37.81222768033745 ], [ 12.442009099091033, 37.810449858736781 ], [ 12.452474666651602, 37.812954067821551 ], [ 12.458266001829113, 37.814647993873841 ], [ 12.460365621624463, 37.816033492419734 ], [ 12.460441942227902, 37.816101435541356 ], [ 12.461586237493295, 37.817198296157883 ], [ 12.461686308333606, 37.817295365941774 ], [ 12.461907932617853, 37.817639281293012 ], [ 12.464003362319055, 37.820890771406106 ], [ 12.464444821264223, 37.821618649195841 ], [ 12.464713230181747, 37.822061193992816 ], [ 12.46638018408405, 37.824809480149497 ], [ 12.468036209743994, 37.827853016736725 ], [ 12.468300142054224, 37.829229655122731 ], [ 12.468657166274768, 37.836061190494789 ], [ 12.468194880487697, 37.837816813653781 ], [ 12.46698419493257, 37.840311826995439 ], [ 12.466925591797347, 37.840387337375709 ], [ 12.46669201977048, 37.840665110538076 ], [ 12.466618026074695, 37.8407443212229 ], [ 12.466441607884835, 37.840911219985522 ], [ 12.466287097987067, 37.84104022052464 ], [ 12.466091521389679, 37.841100652419016 ], [ 12.464939981303194, 37.841419270504758 ], [ 12.464550645456868, 37.841487639818993 ], [ 12.464172761739707, 37.842707712213752 ], [ 12.464737903109858, 37.847467090120411 ], [ 12.464868297841702, 37.847703048666361 ], [ 12.465820555412598, 37.848419648393019 ], [ 12.466110521800495, 37.848603375214438 ], [ 12.466374492550518, 37.848750743926857 ], [ 12.466546446233769, 37.848829256384917 ], [ 12.466814883188396, 37.848920458998201 ], [ 12.467368152460015, 37.849030700500798 ], [ 12.471439121104977, 37.849719587748623 ], [ 12.475127785200266, 37.858069194760226 ], [ 12.478955214464245, 37.863982883319565 ], [ 12.485139523265794, 37.873509217383749 ], [ 12.485776026055712, 37.873526321033673 ], [ 12.485865105510243, 37.873682362341526 ], [ 12.486052800667803, 37.87458474050635 ], [ 12.48588518116329, 37.87571820563047 ], [ 12.485713713991363, 37.876395204424661 ], [ 12.48536749385303, 37.87758625283638 ], [ 12.484067456123059, 37.879597107293762 ], [ 12.482399857543031, 37.881635455432928 ], [ 12.482246401605055, 37.881725767281424 ], [ 12.481524052813789, 37.882150876257391 ], [ 12.477456039233777, 37.883786134220287 ], [ 12.474131926045676, 37.884516711296641 ], [ 12.466753636850582, 37.89178455940818 ], [ 12.466475852355961, 37.892185002829848 ], [ 12.466422805139825, 37.892372712289045 ], [ 12.466112801877397, 37.893641139386681 ], [ 12.466694763444629, 37.895415022560101 ], [ 12.467087483125882, 37.895961432980513 ], [ 12.468372794594629, 37.897390016799605 ], [ 12.464882336755842, 37.902260303009626 ], [ 12.462255131525239, 37.902154884303854 ], [ 12.459393573326311, 37.906340325045662 ], [ 12.458562620378721, 37.90801924283614 ], [ 12.458778610948263, 37.908731785452183 ], [ 12.460573705245823, 37.910337470593326 ], [ 12.461830452703195, 37.911244998563106 ], [ 12.469901894468361, 37.919888027428954 ], [ 12.480265007416991, 37.933762948481153 ], [ 12.485471297903368, 37.940452576018131 ], [ 12.493560522958873, 37.952731485798211 ], [ 12.498268840603817, 37.964569240291311 ], [ 12.498327299423496, 37.964728955274758 ], [ 12.498378331920971, 37.964871604275267 ], [ 12.498413032920343, 37.965000643386389 ], [ 12.498533156882548, 37.965760709849995 ], [ 12.498511859484887, 37.966232652166575 ], [ 12.498261735018302, 37.968664994776944 ], [ 12.498160417372535, 37.968997932107762 ], [ 12.496248413428489, 37.974113622670892 ], [ 12.495694209181258, 37.975188428607275 ], [ 12.495085564754994, 37.976347324870204 ], [ 12.494643113340871, 37.976897033188152 ], [ 12.493819548981755, 37.977785580798269 ], [ 12.493792821180099, 37.978855974155856 ], [ 12.494394991210408, 37.984029595477935 ], [ 12.498808897440959, 37.98707631637653 ], [ 12.506338474832802, 37.993789192854464 ], [ 12.506614590440096, 37.994066495883935 ], [ 12.50714927286384, 37.995574559157063 ], [ 12.508006326071801, 37.998395287242154 ], [ 12.508419932028193, 38.000254055493286 ], [ 12.509149974660131, 38.003594676601594 ], [ 12.510429340883976, 38.00998759650863 ], [ 12.518005739743819, 38.009363513360356 ], [ 12.519881761119638, 38.009293817103774 ], [ 12.520318725569656, 38.013010535062143 ], [ 12.519934107396328, 38.013853880735326 ], [ 12.51940661878575, 38.013742561177793 ], [ 12.517588953244273, 38.013369544889756 ], [ 12.517317056258248, 38.013353851898565 ], [ 12.512405206926488, 38.013337577357383 ], [ 12.510850722647428, 38.013434111918336 ], [ 12.500966368303081, 38.014467812929169 ], [ 12.497223813906848, 38.013970819036864 ], [ 12.497181298951334, 38.013961440216136 ], [ 12.496963327154653, 38.013914406581172 ], [ 12.496431089198408, 38.01397514180109 ], [ 12.493932454780714, 38.015166016507955 ], [ 12.492737456745111, 38.015816644249441 ], [ 12.493180853850898, 38.01616311904219 ], [ 12.498456781531917, 38.017712556750681 ], [ 12.499518952451613, 38.017944301072326 ], [ 12.502029873285363, 38.017470990367102 ], [ 12.504658795376599, 38.016968515686891 ], [ 12.505101005074005, 38.016810966574411 ], [ 12.50564573666667, 38.0167390812055 ], [ 12.50624643932688, 38.016670307779286 ], [ 12.506565805279555, 38.016670307566891 ], [ 12.506934898057604, 38.016702190991445 ], [ 12.508873471132983, 38.017063895963794 ], [ 12.50947156533646, 38.01719580007358 ], [ 12.510083896220642, 38.017351868598531 ], [ 12.512058364007018, 38.018210443281831 ], [ 12.518732708299483, 38.021865818133321 ], [ 12.520836365979685, 38.023042162745533 ], [ 12.523837401844004, 38.025282608221865 ], [ 12.52508542765792, 38.026395977555929 ], [ 12.527015134009629, 38.028304472229443 ], [ 12.527489244551878, 38.028921874236552 ], [ 12.527687677439854, 38.029182048535212 ], [ 12.528077131107082, 38.030684731740642 ], [ 12.541021670443245, 38.041957036582922 ], [ 12.549311206314201, 38.046999632842102 ], [ 12.552228024273425, 38.049767817803534 ], [ 12.554701811016169, 38.053465091650288 ], [ 12.556975900047838, 38.057531135450773 ], [ 12.559089054790432, 38.06301634502146 ], [ 12.559264531872863, 38.063506485285693 ], [ 12.559414184473194, 38.063817250630649 ], [ 12.55994136201636, 38.064422863676157 ], [ 12.560308633183274, 38.064727026298492 ], [ 12.561278042039463, 38.065170554441906 ], [ 12.569666200433174, 38.068866016532148 ], [ 12.571674858672141, 38.069412990007976 ], [ 12.575830383121939, 38.070110734879854 ], [ 12.577747498494189, 38.070409004752435 ], [ 12.580845742079781, 38.069133578637533 ], [ 12.593271336202804, 38.066548209509044 ], [ 12.600346432286413, 38.06500171965196 ], [ 12.613292336176984, 38.066944160298547 ], [ 12.625890501448342, 38.070306498144014 ], [ 12.626577167230938, 38.070519163468461 ], [ 12.626975957940363, 38.070649453197575 ], [ 12.630468598061867, 38.071816255839153 ], [ 12.637259382236671, 38.07472876092119 ], [ 12.644713635520514, 38.078453031350293 ], [ 12.644932211753192, 38.078604683959021 ], [ 12.64538292185375, 38.079008883183846 ], [ 12.645563049717927, 38.079174898076396 ], [ 12.645877826466263, 38.079465120216476 ], [ 12.646791913837456, 38.080800370426701 ], [ 12.647169686715179, 38.081798873403351 ], [ 12.648786244712063, 38.085436221670172 ], [ 12.653314881865452, 38.088200494584612 ], [ 12.656592274830285, 38.089522701399552 ], [ 12.657223332178534, 38.089611997712218 ], [ 12.658524467271949, 38.090357125112938 ], [ 12.658984406554184, 38.09062276767601 ], [ 12.659465088700005, 38.090918551137783 ], [ 12.660146363855311, 38.091365742175313 ], [ 12.660864195705715, 38.091868370025466 ], [ 12.66182525127827, 38.092687128391368 ], [ 12.662101186302509, 38.093038604318799 ], [ 12.662869642927181, 38.0945012350711 ], [ 12.663027876524273, 38.095054799652786 ], [ 12.663043300915406, 38.095643288823709 ], [ 12.662792247342198, 38.096219601799902 ], [ 12.662774821190746, 38.096257572604685 ], [ 12.662221591653052, 38.097227466785633 ], [ 12.661656783934502, 38.09764241593988 ], [ 12.660207268153384, 38.098376778427131 ], [ 12.659434465469291, 38.098666619936537 ], [ 12.657401867471103, 38.103035951964181 ], [ 12.65678612454996, 38.107311192331032 ], [ 12.657228765947785, 38.108446292960942 ], [ 12.658295515955265, 38.110016507517464 ], [ 12.660258945269868, 38.111651826522952 ], [ 12.660800319657467, 38.111933151056377 ], [ 12.661054437514961, 38.112039979289669 ], [ 12.662898456742681, 38.112736522417194 ], [ 12.663628237271073, 38.112922577529297 ], [ 12.671438098395862, 38.114141484081976 ], [ 12.676997619932575, 38.114057635257993 ], [ 12.677545483362652, 38.114040463715369 ], [ 12.678040929682876, 38.113958815658648 ], [ 12.679479104205974, 38.113493400291738 ], [ 12.680633914400383, 38.113047302012021 ], [ 12.680764205986762, 38.112534249461042 ], [ 12.680762653373828, 38.112419863444721 ], [ 12.680760783501519, 38.112282125338574 ], [ 12.680738551299587, 38.112215396788429 ], [ 12.680573658524583, 38.111720473584626 ], [ 12.680755342145067, 38.110273461179993 ], [ 12.681018050594901, 38.10990039477344 ], [ 12.681698980146839, 38.10934102988837 ], [ 12.683141741392687, 38.108446998977847 ], [ 12.686967687718465, 38.106541725037211 ], [ 12.689034387460254, 38.105568911656903 ], [ 12.698058408308103, 38.105261168163828 ], [ 12.700231260161177, 38.105379767466125 ], [ 12.704481212836948, 38.106755732326931 ], [ 12.705702166760194, 38.107222670565477 ], [ 12.709580370377109, 38.109010203103622 ], [ 12.72017273557282, 38.118254564571338 ], [ 12.727620043191358, 38.124589519617054 ], [ 12.725874639224198, 38.130045364401809 ], [ 12.734633461648835, 38.136034694750307 ], [ 12.735786830446788, 38.136681118071209 ], [ 12.736227106261667, 38.13707680434343 ], [ 12.736462750634471, 38.137466538187226 ], [ 12.737435633332117, 38.139358331274423 ], [ 12.737290594230918, 38.141360349326725 ], [ 12.736071979653666, 38.143395478743756 ], [ 12.735424081333653, 38.14434561319365 ], [ 12.730733927125733, 38.14887091306052 ], [ 12.723658900234081, 38.160064641943016 ], [ 12.717772817932076, 38.168550721632343 ], [ 12.716378124704233, 38.1717141725942 ], [ 12.715925764718634, 38.172870077746033 ], [ 12.715654929678131, 38.176450365658077 ], [ 12.715651991738026, 38.176892995523794 ], [ 12.715687126817548, 38.177081521283007 ], [ 12.716087160998736, 38.178287827910879 ], [ 12.717763996838444, 38.180923580396183 ], [ 12.718890713915004, 38.182052928476011 ], [ 12.725800228115652, 38.187145001652965 ], [ 12.726295786923957, 38.187498776714477 ], [ 12.726483339764599, 38.187629818424824 ], [ 12.726803438695525, 38.187843474199518 ], [ 12.729147345510091, 38.1889957876568 ], [ 12.729973179318907, 38.189337344644052 ], [ 12.730253748521841, 38.189407875602527 ], [ 12.730768907788431, 38.189510863810028 ], [ 12.731132160592317, 38.189573707299481 ], [ 12.732249538595781, 38.189632508371872 ], [ 12.732991597829947, 38.189637535567215 ], [ 12.733370104906081, 38.189589048377229 ], [ 12.734020830130625, 38.189499291840477 ], [ 12.734348521793221, 38.189189346328796 ], [ 12.734579224279191, 38.188207774889811 ], [ 12.734572684388668, 38.187658830542937 ], [ 12.734493359596282, 38.186547165913289 ], [ 12.732723864966038, 38.182624943366058 ] ] ] ] } },
{ "type": "Feature", "properties": { "provincia": "Palermo", "sigla": "PA" }, "geometry": { "type": "MultiPolygon", "coordinates": [ [ [ [ 13.17321378571029, 37.642364624711206 ], [ 13.176276902233884, 37.640354610732288 ], [ 13.181736663462303, 37.636621485349089 ], [ 13.182043111946008, 37.636395272413701 ], [ 13.182420200436782, 37.63611575429978 ], [ 13.182883580875759, 37.635756318105443 ], [ 13.183022577365723, 37.635648498974817 ], [ 13.183244731025626, 37.635318599710253 ], [ 13.183309838965714, 37.634940229935964 ], [ 13.183239747888273, 37.634625212540925 ], [ 13.183020700440249, 37.634403197953283 ], [ 13.182643035569129, 37.634020413987869 ], [ 13.182317284000677, 37.633854079416786 ], [ 13.166583477759703, 37.62893403812528 ], [ 13.160545757560715, 37.6265681483534 ], [ 13.159522322546136, 37.62621416535741 ], [ 13.158850383711254, 37.625981750751556 ], [ 13.157699946983513, 37.625707466213854 ], [ 13.156716264348084, 37.625482110932559 ], [ 13.152883711135827, 37.625284792223319 ], [ 13.149462571502706, 37.625547215743005 ], [ 13.145549945125138, 37.625911257277281 ], [ 13.143406957464489, 37.636852983430671 ], [ 13.143202204211978, 37.639127793314337 ], [ 13.143294983816057, 37.640032015156748 ], [ 13.143325351553942, 37.640226939432125 ], [ 13.143421637533143, 37.640844967202966 ], [ 13.143808621018833, 37.642112648294699 ], [ 13.143978462720554, 37.642620090952356 ], [ 13.144247169535472, 37.642958468201343 ], [ 13.144362919349476, 37.643104227186839 ], [ 13.144728685857645, 37.643379590946537 ], [ 13.14486161904936, 37.643419258751663 ], [ 13.145302480376406, 37.643550801699227 ], [ 13.145824726213835, 37.643559442471506 ], [ 13.146043589013978, 37.64353662056461 ], [ 13.146346316998583, 37.643505052062096 ], [ 13.146803565929806, 37.64337635197019 ], [ 13.146853461950542, 37.643350643456046 ], [ 13.147160062934368, 37.643192665167724 ], [ 13.160142362631595, 37.644819958168682 ], [ 13.170058789348275, 37.644654073765899 ], [ 13.17321378571029, 37.642364624711206 ] ] ], [ [ [ 13.537768880256166, 38.113396006064939 ], [ 13.537559283406889, 38.113302852143981 ], [ 13.537361329655544, 38.113314496334709 ], [ 13.537244886887253, 38.113361073894225 ], [ 13.537209955010672, 38.113442583269126 ], [ 13.537582571457682, 38.113675469529667 ], [ 13.537873678331277, 38.113756978732781 ], [ 13.538118208933012, 38.11379191176902 ], [ 13.538001765920814, 38.113582314656206 ], [ 13.537768880256166, 38.113396006064939 ] ] ], [ [ [ 13.236510563248032, 38.212376985244688 ], [ 13.23672602772616, 38.212550497615275 ], [ 13.23675867623855, 38.212522648184141 ], [ 13.237296516432226, 38.211990930060082 ], [ 13.23748917647624, 38.211586174575281 ], [ 13.237575173661192, 38.211221731775638 ], [ 13.237761255870398, 38.20808093010303 ], [ 13.237478819612701, 38.207640264368173 ], [ 13.235551660932932, 38.208088435633627 ], [ 13.235406678816956, 38.208142608631825 ], [ 13.234952565275867, 38.208312732849201 ], [ 13.234498877438059, 38.20865786841307 ], [ 13.234180750739023, 38.20905215018815 ], [ 13.233774861082852, 38.210292115567093 ], [ 13.233816354090296, 38.21075563661006 ], [ 13.233819029239406, 38.210785503661739 ], [ 13.233936603213715, 38.212073710963985 ], [ 13.2352528974767, 38.21250506394292 ], [ 13.235630099680812, 38.21248970356568 ], [ 13.236510563248032, 38.212376985244688 ] ] ], [ [ [ 13.316688071604251, 38.224492195776563 ], [ 13.317618756641851, 38.224407803897414 ], [ 13.317993508809197, 38.224266572207242 ], [ 13.318214653489774, 38.224074265279242 ], [ 13.31894836735882, 38.223131857030737 ], [ 13.323706157278979, 38.216565679426374 ], [ 13.3276582833461, 38.211662035107338 ], [ 13.326952315133992, 38.207290569699715 ], [ 13.326849607581766, 38.207234378957359 ], [ 13.326028434534765, 38.206760867101274 ], [ 13.325884133752583, 38.206628834276657 ], [ 13.32578642781729, 38.206353770748521 ], [ 13.325649174936345, 38.20591397610287 ], [ 13.325604567176617, 38.205591780053311 ], [ 13.325740276464543, 38.204964318367864 ], [ 13.326026642583386, 38.203696281379301 ], [ 13.326069119508393, 38.203612373859016 ], [ 13.326257883950115, 38.203270734515051 ], [ 13.326828954533331, 38.202319807981482 ], [ 13.32717095315647, 38.201776270741199 ], [ 13.327357446513346, 38.201534059095906 ], [ 13.327722769892437, 38.201100551709146 ], [ 13.328021393224828, 38.200757915590643 ], [ 13.328637608806252, 38.200090751528691 ], [ 13.328875747229104, 38.199849268814035 ], [ 13.329613594859429, 38.199232297772362 ], [ 13.329922680377795, 38.198996933449685 ], [ 13.330487633560317, 38.19859175144299 ], [ 13.331446344443226, 38.197921785540899 ], [ 13.331741834895514, 38.197730315169693 ], [ 13.331931679033548, 38.197607301804148 ], [ 13.332448746497722, 38.197318757020632 ], [ 13.333010322158854, 38.197061471372606 ], [ 13.333336422019675, 38.196928355945403 ], [ 13.333841239295982, 38.196766276210305 ], [ 13.334349379734146, 38.196688918924188 ], [ 13.334681062049164, 38.196662872415921 ], [ 13.346567867562969, 38.191210865646546 ], [ 13.347047082701405, 38.191117667800327 ], [ 13.348362338530023, 38.191086209799558 ], [ 13.350777711539081, 38.191062518885431 ], [ 13.352370087414569, 38.191146909233311 ], [ 13.355943919407876, 38.191375053498724 ], [ 13.359795754594526, 38.189523231072947 ], [ 13.364190929553631, 38.184202665288034 ], [ 13.365571499885423, 38.182525021747722 ], [ 13.365717573464559, 38.182284628210738 ], [ 13.365796381122129, 38.182096043230594 ], [ 13.365909915181838, 38.181691372316507 ], [ 13.36648445221047, 38.179446957391647 ], [ 13.367386028726376, 38.175880074219037 ], [ 13.366794973069972, 38.172171243092407 ], [ 13.367022405856765, 38.169554348603157 ], [ 13.368086474577021, 38.167316216868777 ], [ 13.371759494658303, 38.16255485632999 ], [ 13.376088712672171, 38.152717104792409 ], [ 13.376218035289067, 38.152182389570498 ], [ 13.374614919306589, 38.150472465631459 ], [ 13.371727408877376, 38.147445807336972 ], [ 13.369667470170084, 38.144213293490147 ], [ 13.37309709545652, 38.133373404238419 ], [ 13.374903078519358, 38.128530315566202 ], [ 13.369616433667112, 38.133056681894324 ], [ 13.368905292628948, 38.135498748203254 ], [ 13.367085656943784, 38.135489633725513 ], [ 13.36268752340948, 38.134016221542673 ], [ 13.36266649838133, 38.12983758560479 ], [ 13.363205897278371, 38.128905883014092 ], [ 13.363926783024496, 38.12814775809111 ], [ 13.371335505210645, 38.121516624244904 ], [ 13.374159269241897, 38.11938243580245 ], [ 13.377923236746469, 38.115669677660932 ], [ 13.379255308428419, 38.114227576982181 ], [ 13.379190016422704, 38.114086033264364 ], [ 13.378470563079985, 38.113199816054816 ], [ 13.378838955384357, 38.112631528306586 ], [ 13.383621471896918, 38.109038890605206 ], [ 13.384260533873878, 38.108658550300966 ], [ 13.392571565792773, 38.104948136687163 ], [ 13.403803086201469, 38.100380071473992 ], [ 13.404302970914268, 38.100196143946491 ], [ 13.405327193784011, 38.099934563119753 ], [ 13.407953278880642, 38.099350322386371 ], [ 13.409850192972005, 38.099015742832847 ], [ 13.41228519053298, 38.098587755262599 ], [ 13.414260841570146, 38.09832834899337 ], [ 13.415562966313374, 38.098229361215608 ], [ 13.415830802583381, 38.098238273508848 ], [ 13.42036757130586, 38.098444606295153 ], [ 13.431650404324881, 38.097015505766464 ], [ 13.43220522219541, 38.096638628298983 ], [ 13.432778258504603, 38.09635807983927 ], [ 13.434517516624664, 38.095516630738537 ], [ 13.435167058253507, 38.095445237035491 ], [ 13.440415414686033, 38.094919567654671 ], [ 13.441418303570932, 38.09483315418484 ], [ 13.442719448217408, 38.094806796565877 ], [ 13.447072712125115, 38.095073180164668 ], [ 13.448229523800316, 38.09516325124077 ], [ 13.457189443928257, 38.096000032691649 ], [ 13.461894914568267, 38.096534545375356 ], [ 13.472227964400657, 38.097859367014983 ], [ 13.485580422629139, 38.101390292260596 ], [ 13.491739917072429, 38.103088156994957 ], [ 13.504401619776012, 38.107703806488395 ], [ 13.505820829248899, 38.111627429931339 ], [ 13.505933814481352, 38.113248802665275 ], [ 13.506350646573908, 38.118011118994595 ], [ 13.507443200244278, 38.119446929038425 ], [ 13.508242328722496, 38.119559256633693 ], [ 13.509474271109257, 38.119362904257564 ], [ 13.512979980780655, 38.117312910460321 ], [ 13.518668546219143, 38.115088809195854 ], [ 13.52454675543089, 38.113521239832167 ], [ 13.532943544547891, 38.111708157103763 ], [ 13.535522852858445, 38.107155752053878 ], [ 13.535188371386431, 38.10698238690803 ], [ 13.534746263543365, 38.106275556310159 ], [ 13.534378541862333, 38.10494629010239 ], [ 13.53381648059924, 38.102352225197841 ], [ 13.533791084769598, 38.102213880131288 ], [ 13.533771144478132, 38.102084492204867 ], [ 13.533803123859384, 38.101893427682299 ], [ 13.533833409860343, 38.10178694164096 ], [ 13.534327958538402, 38.100150047726956 ], [ 13.534981472490193, 38.099011616485832 ], [ 13.535102806046341, 38.098857287814255 ], [ 13.53519468927411, 38.098769370674603 ], [ 13.536495779991682, 38.09819782885549 ], [ 13.53848468063668, 38.097870819310778 ], [ 13.538829289580937, 38.09775065229725 ], [ 13.539185046622762, 38.09761041073881 ], [ 13.539534481520727, 38.0970500891668 ], [ 13.539823830837385, 38.096440727362676 ], [ 13.540559809638172, 38.094034568184355 ], [ 13.540632698853662, 38.093487682065124 ], [ 13.540995938866267, 38.089830061915393 ], [ 13.539460792381581, 38.086476990652635 ], [ 13.537980246815808, 38.08413854997702 ], [ 13.542167887749041, 38.077780101641601 ], [ 13.540202006432462, 38.072595466277939 ], [ 13.538655803674962, 38.071814223425363 ], [ 13.53658544477585, 38.070207293501916 ], [ 13.536282070202946, 38.069560332662043 ], [ 13.536173042654866, 38.068980055099438 ], [ 13.536155762643965, 38.06883503257086 ], [ 13.536159655275778, 38.068640076121881 ], [ 13.536490313002886, 38.067090189209111 ], [ 13.537124478249696, 38.065544073676456 ], [ 13.540351017420326, 38.059325778659684 ], [ 13.544332911253928, 38.055725612560771 ], [ 13.552308613213834, 38.05094363194884 ], [ 13.557196348180142, 38.047432814584944 ], [ 13.559627560967758, 38.045676221000114 ], [ 13.559819408922632, 38.045511768195752 ], [ 13.562998973158635, 38.042359722034419 ], [ 13.564539543656609, 38.040741345484768 ], [ 13.5781922427834, 38.034139071048003 ], [ 13.597212562044382, 38.026538032909649 ], [ 13.60378858619452, 38.0237766755724 ], [ 13.615109350827845, 38.017519409075867 ], [ 13.616062830332115, 38.015108731074811 ], [ 13.616342157931646, 38.01415030767707 ], [ 13.616497037639505, 38.013910217917243 ], [ 13.616902224361326, 38.013491114779384 ], [ 13.617665146459359, 38.012877958542539 ], [ 13.617873723601448, 38.012720097509806 ], [ 13.618344521489474, 38.012433216775086 ], [ 13.622122765148863, 38.01050674327027 ], [ 13.622811635837214, 38.010237259993559 ], [ 13.624664289505708, 38.009626879628271 ], [ 13.625259764722518, 38.009454153004008 ], [ 13.627887998739316, 38.009068067986924 ], [ 13.635081605803421, 38.008173927604382 ], [ 13.643144231328669, 38.003191814595958 ], [ 13.651056014091814, 37.998534388678323 ], [ 13.66164122348899, 37.994969823658664 ], [ 13.663047537636368, 37.994571031132089 ], [ 13.66415173133295, 37.994304556449919 ], [ 13.664942812360122, 37.994136967507366 ], [ 13.667755840268997, 37.994118792375218 ], [ 13.668248259728836, 37.994149536427187 ], [ 13.671390076015646, 37.994484505662378 ], [ 13.677084909416074, 37.993768650103206 ], [ 13.683868929471895, 37.99283820883079 ], [ 13.693086632606136, 37.991445282128659 ], [ 13.705353337869258, 37.991516245742297 ], [ 13.706467485811702, 37.991795493905492 ], [ 13.708638017470335, 37.991194145526137 ], [ 13.714997380328411, 37.989258906512752 ], [ 13.721515661729601, 37.987037616300235 ], [ 13.722072785863379, 37.986749836600147 ], [ 13.723488862384981, 37.98554915092533 ], [ 13.722903381261865, 37.985058051951675 ], [ 13.722481983141435, 37.985246564465207 ], [ 13.722593948389818, 37.985489860365966 ], [ 13.722556897750696, 37.985662905486848 ], [ 13.72141051083635, 37.986820898600236 ], [ 13.716034448562633, 37.988594760351987 ], [ 13.708919912984642, 37.990643924874064 ], [ 13.703641490301882, 37.989931930196605 ], [ 13.704521332668245, 37.985851464138364 ], [ 13.706271302013489, 37.983483518321485 ], [ 13.706290385098374, 37.983176631190418 ], [ 13.706482551658487, 37.981724246131684 ], [ 13.706619495159869, 37.980773544048596 ], [ 13.706687667548533, 37.980314067286869 ], [ 13.706956778196185, 37.979825041842624 ], [ 13.708398939553028, 37.978780907123117 ], [ 13.711217600658507, 37.977458897016099 ], [ 13.711477480149608, 37.977400235591347 ], [ 13.724181066870274, 37.97517999019977 ], [ 13.735534873313709, 37.974827795985945 ], [ 13.740628501582211, 37.972441049154249 ], [ 13.742146921519563, 37.970724939210761 ], [ 13.742314973742761, 37.970647141329287 ], [ 13.742868838892651, 37.970390737824935 ], [ 13.743653660826475, 37.970192811660205 ], [ 13.744956932263278, 37.970143245424147 ], [ 13.754138001639504, 37.970651570814866 ], [ 13.755402144535607, 37.970742070853731 ], [ 13.757443265812435, 37.970943570624307 ], [ 13.76340592783353, 37.97165590620363 ], [ 13.775080528052751, 37.973178859249657 ], [ 13.781274488907455, 37.97385751188839 ], [ 13.79444493873368, 37.974892470061498 ], [ 13.794659391794319, 37.9748505117063 ], [ 13.796478831857359, 37.97498692437614 ], [ 13.797415945174702, 37.975084834552469 ], [ 13.798749517264236, 37.97537817438873 ], [ 13.805535901017567, 37.977000438244936 ], [ 13.806785551865785, 37.977314916089128 ], [ 13.807378132938535, 37.977470587777354 ], [ 13.808155326702042, 37.977674752605566 ], [ 13.809820981651175, 37.978140278873212 ], [ 13.815361811584779, 37.979786515684644 ], [ 13.816868937793288, 37.980280146320773 ], [ 13.828678359025671, 37.982347931293965 ], [ 13.830755584362329, 37.98219842025938 ], [ 13.831193322854826, 37.982222410514851 ], [ 13.831812347530049, 37.982280927226149 ], [ 13.833280315002874, 37.982498397274661 ], [ 13.835176400867864, 37.982892405601262 ], [ 13.838648585426855, 37.983854100466246 ], [ 13.852793436082816, 37.98804463085623 ], [ 13.854643580730617, 37.988666944077345 ], [ 13.855578060387794, 37.988994645298725 ], [ 13.855885379095071, 37.989102412970475 ], [ 13.865851206818604, 37.992602628248633 ], [ 13.870505427216541, 37.994244555741027 ], [ 13.893389144246433, 38.003128458582303 ], [ 13.895970429226454, 38.004134539462235 ], [ 13.898566747589125, 38.005245458273123 ], [ 13.910420060937204, 38.010566164660865 ], [ 13.934114156808363, 38.021720789324348 ], [ 13.941867395936267, 38.025570538680803 ], [ 13.944925916605287, 38.027187931024926 ], [ 13.945635332168518, 38.027585033266391 ], [ 13.945801120633799, 38.027748717939204 ], [ 13.945848493435921, 38.027944818960627 ], [ 13.945821452885188, 38.028198092638782 ], [ 13.954198226916457, 38.029579300611736 ], [ 13.956524007154348, 38.028840904000745 ], [ 13.95711438020936, 38.028774259002518 ], [ 13.957234517504707, 38.028769181170027 ], [ 13.957422233032446, 38.028761246767154 ], [ 13.957536066084952, 38.028774304012281 ], [ 13.963523429508481, 38.029809981131791 ], [ 13.965149531825926, 38.030415090376948 ], [ 13.966057120523068, 38.0308610818606 ], [ 13.966885194608951, 38.031469324381611 ], [ 13.967135740919529, 38.031960466405422 ], [ 13.967206370928457, 38.032429630725133 ], [ 13.967232361673608, 38.032655802124125 ], [ 13.97158937732223, 38.033790746745112 ], [ 13.971724539014634, 38.033785016857173 ], [ 13.971922775261636, 38.033776612777061 ], [ 13.972082553531697, 38.033734102120135 ], [ 13.973862787907402, 38.033201176400446 ], [ 13.976887619434308, 38.031854698878398 ], [ 13.977198148277305, 38.031710974171979 ], [ 13.977385857525549, 38.03152434781255 ], [ 13.977547242929536, 38.031330520851888 ], [ 13.978121707654275, 38.030589433541572 ], [ 13.978413928866901, 38.029859864035572 ], [ 13.981840287185102, 38.029336556162285 ], [ 13.988445136709419, 38.030111929718693 ], [ 13.995602679661117, 38.032497182671833 ], [ 14.000517891477452, 38.032776149570331 ], [ 14.000627372598929, 38.032505134767518 ], [ 14.001019011563269, 38.032239589146876 ], [ 14.001319482547391, 38.032116957828997 ], [ 14.001583311084339, 38.032105282065068 ], [ 14.002812785120886, 38.032171359714489 ], [ 14.005727576493618, 38.032390775383568 ], [ 14.006078508502863, 38.032435470394184 ], [ 14.006971644481061, 38.032679490190695 ], [ 14.008582341826255, 38.03315210360546 ], [ 14.013394047093524, 38.034792191921184 ], [ 14.014058744232468, 38.035034229330748 ], [ 14.0176022184971, 38.0367019685321 ], [ 14.018744075360106, 38.03737483153256 ], [ 14.01911711489543, 38.037636532573991 ], [ 14.019467484114083, 38.037999231767749 ], [ 14.019819996361935, 38.038732954312941 ], [ 14.019894445102032, 38.038995223133632 ], [ 14.019891363917464, 38.039038238890683 ], [ 14.019861478871094, 38.039351664068313 ], [ 14.019718900207041, 38.039752756423113 ], [ 14.019454465184896, 38.040039714790318 ], [ 14.022784401917365, 38.041342538234865 ], [ 14.031125701860951, 38.040433976928057 ], [ 14.032285155399469, 38.040060681702322 ], [ 14.032237935516015, 38.038249206893688 ], [ 14.039110798934589, 38.032522239826505 ], [ 14.050547785629455, 38.026840829911436 ], [ 14.059402264972366, 38.021509349542058 ], [ 14.061954988977968, 38.019437021057755 ], [ 14.062435316992763, 38.019057743275653 ], [ 14.063977201460698, 38.018670269249455 ], [ 14.065121367024137, 38.018504940130001 ], [ 14.066164742118346, 38.01846163690918 ], [ 14.066727472975, 38.018438354527547 ], [ 14.06730095380434, 38.018433045838783 ], [ 14.06764686164936, 38.018429843147153 ], [ 14.068668794655355, 38.018422081921862 ], [ 14.072014255432901, 38.018464396156787 ], [ 14.072425694279572, 38.018475213895471 ], [ 14.072875516651203, 38.018487039692111 ], [ 14.073336116655414, 38.018506523013599 ], [ 14.075851025066028, 38.018631156131583 ], [ 14.076379688669054, 38.018657348552573 ], [ 14.077666161316239, 38.018745208602731 ], [ 14.083144718269248, 38.01923363227548 ], [ 14.08494828907282, 38.019718066427679 ], [ 14.092069831877669, 38.018846292021976 ], [ 14.099796667764496, 38.016471103622912 ], [ 14.106424710416245, 38.014616760282259 ], [ 14.107189356045261, 38.014621796189765 ], [ 14.107786003930386, 38.014649415953635 ], [ 14.108451854345416, 38.014697840725589 ], [ 14.109057661568677, 38.014748878275363 ], [ 14.110411865294125, 38.014881412751464 ], [ 14.111252994729432, 38.014969944357524 ], [ 14.112708249229753, 38.015162058547602 ], [ 14.124607227853353, 38.016795802664603 ], [ 14.127232258248119, 38.017237536332651 ], [ 14.13154633887951, 38.018510195998395 ], [ 14.141280116587019, 38.022703351041585 ], [ 14.14253932039508, 38.023462806525536 ], [ 14.142886910705798, 38.023672498198941 ], [ 14.142991657412463, 38.023735688778956 ], [ 14.145599222702035, 38.025604077050495 ], [ 14.145837617058932, 38.025832562176845 ], [ 14.145953042962875, 38.025990583036375 ], [ 14.146037779443544, 38.026313292433919 ], [ 14.146080496104734, 38.026517173319867 ], [ 14.146104522306622, 38.026692554487354 ], [ 14.151050162764486, 38.026347021245506 ], [ 14.153497819879453, 38.02454032348389 ], [ 14.154116513075977, 38.024219582599784 ], [ 14.154574215510339, 38.024008386740547 ], [ 14.16530611021825, 38.020181618488223 ], [ 14.172349710765946, 38.018748606030414 ], [ 14.173327158993638, 38.019158127815722 ], [ 14.174303361565697, 38.01954982766631 ], [ 14.17577456190168, 38.020128124759523 ], [ 14.176871222680365, 38.020306033886584 ], [ 14.177689742970831, 38.020383055745341 ], [ 14.179760941522739, 38.020514784507732 ], [ 14.180277766701115, 38.020458988052837 ], [ 14.18074016782621, 38.020332621296298 ], [ 14.18345975038727, 38.019366395236517 ], [ 14.183532623777765, 38.018859180216872 ], [ 14.183781817417531, 38.017543216498233 ], [ 14.183835794407878, 38.017285558821634 ], [ 14.183942808039824, 38.016774731133701 ], [ 14.183960643205026, 38.016689599201484 ], [ 14.184150036733859, 38.01623037149335 ], [ 14.185535447612878, 38.013418432217108 ], [ 14.185626943916821, 38.013240557266734 ], [ 14.185838761677388, 38.012828771479988 ], [ 14.186057339908976, 38.012411046338038 ], [ 14.186465298750186, 38.011770123307485 ], [ 14.192988467653914, 38.002792735767812 ], [ 14.196531984849024, 37.999632992706637 ], [ 14.204557623836509, 37.990435371513449 ], [ 14.213110593005451, 37.972241530824348 ], [ 14.217909765823261, 37.969588136678944 ], [ 14.221679840239302, 37.96723247464989 ], [ 14.224736486502655, 37.962432428700225 ], [ 14.231119164471639, 37.948610885028472 ], [ 14.24243075399732, 37.944203687866278 ], [ 14.250012961568759, 37.936224273316654 ], [ 14.250719629833027, 37.936120609294285 ], [ 14.251836684806428, 37.935863541446622 ], [ 14.252671512021456, 37.935475030433338 ], [ 14.253152279033952, 37.935142875342443 ], [ 14.25344106646784, 37.934729293506685 ], [ 14.253859724119845, 37.933895708115429 ], [ 14.254024828073803, 37.933312081263487 ], [ 14.25404186213939, 37.932834123274574 ], [ 14.254021635938114, 37.932461388978581 ], [ 14.253780780060627, 37.929325383634982 ], [ 14.253243432418126, 37.926175654094841 ], [ 14.252577283762689, 37.922731965882008 ], [ 14.252296245037776, 37.921999832644609 ], [ 14.252112693985019, 37.920950118429495 ], [ 14.252049748556011, 37.920426229046377 ], [ 14.252043963675694, 37.920335182925641 ], [ 14.252020657205806, 37.919968350705226 ], [ 14.25202367423341, 37.91966208259835 ], [ 14.252219741903527, 37.918257732676409 ], [ 14.252227113519638, 37.91822335426837 ], [ 14.252316230378176, 37.917807750567881 ], [ 14.252726236295622, 37.917222163663098 ], [ 14.25274859722091, 37.917195623765252 ], [ 14.25292729303742, 37.9169835741273 ], [ 14.253692322213599, 37.916625198962116 ], [ 14.25598526018981, 37.916018319671274 ], [ 14.259354097822969, 37.915876391858653 ], [ 14.26003697708887, 37.91589981403304 ], [ 14.260574417706982, 37.915928128123916 ], [ 14.260775636192825, 37.915938729300635 ], [ 14.261480307821106, 37.915979162700125 ], [ 14.262253865112303, 37.9160390186141 ], [ 14.262958914743679, 37.916124455327591 ], [ 14.264285125503839, 37.916492637328169 ], [ 14.264897325692752, 37.916739792354228 ], [ 14.266250027842659, 37.917204668926345 ], [ 14.267915295931129, 37.917631657503399 ], [ 14.270085206080989, 37.917956507189622 ], [ 14.27500711697043, 37.918356862364611 ], [ 14.278544029912686, 37.918494703815604 ], [ 14.291934440684948, 37.918611899182295 ], [ 14.292061258260441, 37.918340582623827 ], [ 14.292306874427705, 37.91768575695621 ], [ 14.292269480001531, 37.917452727006413 ], [ 14.29226353824455, 37.917415700299372 ], [ 14.29222151881385, 37.917342184776565 ], [ 14.29214736556443, 37.917215761871518 ], [ 14.289709393739523, 37.914183200377764 ], [ 14.287535818619325, 37.912147557383449 ], [ 14.285238940174938, 37.910002137209375 ], [ 14.274674743506372, 37.903524652091278 ], [ 14.275154937637122, 37.900986560248192 ], [ 14.275600588675504, 37.897212040297141 ], [ 14.275310558206895, 37.894379940319389 ], [ 14.274676729556848, 37.889402434967444 ], [ 14.271198382258076, 37.881221338534431 ], [ 14.268697383350087, 37.8764941748815 ], [ 14.271606460541189, 37.870613044920987 ], [ 14.273600676147556, 37.861267495412385 ], [ 14.272906835147822, 37.855953551877576 ], [ 14.27371647617422, 37.848195583551899 ], [ 14.278327506707711, 37.845433835829517 ], [ 14.279296960467947, 37.843636616772038 ], [ 14.27979891135853, 37.842290510661911 ], [ 14.279945419586472, 37.841253016559477 ], [ 14.27994645202536, 37.840091373382769 ], [ 14.275684973713805, 37.837590540497423 ], [ 14.2670874391256, 37.832733742235632 ], [ 14.263730867593237, 37.828167402103794 ], [ 14.262897474878761, 37.823655731307568 ], [ 14.263583923931986, 37.819081818434924 ], [ 14.26445434693094, 37.81848459043448 ], [ 14.265759139736906, 37.817462712960506 ], [ 14.266689010520166, 37.816475632478252 ], [ 14.267235055745365, 37.81529868134006 ], [ 14.268842437924574, 37.811085867492388 ], [ 14.269318488084872, 37.804481912630898 ], [ 14.266827377244955, 37.800096320719462 ], [ 14.266032536506268, 37.800118437229216 ], [ 14.265512464015918, 37.799925676740862 ], [ 14.263143313656158, 37.797442936700705 ], [ 14.262936714703319, 37.797190668277764 ], [ 14.262702599523674, 37.796904797567599 ], [ 14.261764028953193, 37.794178221433121 ], [ 14.261811192919042, 37.792003376114756 ], [ 14.264092567118691, 37.791872510793404 ], [ 14.266143482776835, 37.791736103583268 ], [ 14.268063111823295, 37.791480192483526 ], [ 14.269575648931344, 37.790919919175806 ], [ 14.270234039445569, 37.789859473740606 ], [ 14.269981448562998, 37.782596898022049 ], [ 14.269773233885996, 37.780142719351872 ], [ 14.26901050160458, 37.776868076229981 ], [ 14.269662269161888, 37.775281182448047 ], [ 14.273924866546885, 37.772546451602473 ], [ 14.274848467842739, 37.772057064107607 ], [ 14.282278910105598, 37.768954071658492 ], [ 14.289864683379248, 37.764386245461864 ], [ 14.289936033068731, 37.760502482203485 ], [ 14.290600294171778, 37.750650350588124 ], [ 14.291831606233707, 37.749869473979444 ], [ 14.294806443089055, 37.747356304043201 ], [ 14.294822269495269, 37.747240722007653 ], [ 14.294951697662958, 37.746295439346596 ], [ 14.294596282613661, 37.744414843269531 ], [ 14.294487819221558, 37.744089934827628 ], [ 14.294364577035713, 37.743720753112143 ], [ 14.29394197126199, 37.742913727415768 ], [ 14.286860318171282, 37.73367322686186 ], [ 14.277467476411291, 37.723491026585968 ], [ 14.272380496970554, 37.717743531778964 ], [ 14.268874307976933, 37.711923195659672 ], [ 14.269260080712353, 37.707433417849899 ], [ 14.267060419367581, 37.704084449046718 ], [ 14.261587207567016, 37.698922791720584 ], [ 14.254712725104872, 37.695563446158928 ], [ 14.249338473194365, 37.694194077004092 ], [ 14.240651884606683, 37.695420379782135 ], [ 14.237056863208865, 37.690653987539733 ], [ 14.228981348150386, 37.68735781514075 ], [ 14.211870236179283, 37.678384229759352 ], [ 14.210133687008327, 37.678577606344938 ], [ 14.209781560225634, 37.678614919517685 ], [ 14.203495921135408, 37.678914859100217 ], [ 14.202388273517766, 37.678779275808985 ], [ 14.199675919573329, 37.677853712225129 ], [ 14.187102685490718, 37.671709979673992 ], [ 14.177107635407452, 37.6747670446413 ], [ 14.169697384396455, 37.673417558815821 ], [ 14.161110493920734, 37.669039628383999 ], [ 14.158933357944369, 37.667383154794727 ], [ 14.158746397365627, 37.667229282578795 ], [ 14.158641653853961, 37.667138533183227 ], [ 14.158484275566344, 37.667002178222198 ], [ 14.157969723932455, 37.666412468962726 ], [ 14.157832295319976, 37.66570860382577 ], [ 14.157938840844308, 37.665217610894786 ], [ 14.158966006804544, 37.661488565797676 ], [ 14.159813864148891, 37.66071079795185 ], [ 14.160941638808035, 37.6602944002206 ], [ 14.161072574247378, 37.660295042461662 ], [ 14.163083174057919, 37.65767678264676 ], [ 14.163617732753407, 37.653113299802804 ], [ 14.163600258740559, 37.648641301700557 ], [ 14.163281124552688, 37.640709235486959 ], [ 14.163142935550587, 37.637922633260814 ], [ 14.151163574654062, 37.624617220655978 ], [ 14.147850845841793, 37.621238682048514 ], [ 14.147089600127195, 37.620724745780528 ], [ 14.146694318341341, 37.620457876008842 ], [ 14.146366575626759, 37.620236601858565 ], [ 14.145283202097925, 37.619619171017661 ], [ 14.145229422435218, 37.619588521971068 ], [ 14.144000331169574, 37.619063720429786 ], [ 14.135042884241434, 37.616704759949592 ], [ 14.13227495151267, 37.612039182028788 ], [ 14.131865629455575, 37.611644475357679 ], [ 14.131756072572033, 37.611619382612105 ], [ 14.131648306986055, 37.611599555674786 ], [ 14.131148181682359, 37.61150754729767 ], [ 14.124871878061912, 37.611505997985859 ], [ 14.124100316542465, 37.611663772705597 ], [ 14.123709180261185, 37.612137759595079 ], [ 14.122489849055059, 37.620687059615115 ], [ 14.122360940210658, 37.627160092898301 ], [ 14.120268084489771, 37.62912091108533 ], [ 14.114704760650262, 37.63100832005189 ], [ 14.11088824163083, 37.627842643429354 ], [ 14.110454432532817, 37.627433372403999 ], [ 14.110126374324638, 37.627123866633532 ], [ 14.109750337331262, 37.626869808105745 ], [ 14.109384408043159, 37.626622575922092 ], [ 14.107926994628881, 37.626233385011226 ], [ 14.10756325050858, 37.626188867153637 ], [ 14.106433533652648, 37.626050597068712 ], [ 14.106284554171161, 37.626044012422064 ], [ 14.105482509518847, 37.626008564604895 ], [ 14.104804428862854, 37.626085386410068 ], [ 14.104291041125515, 37.62614354724618 ], [ 14.103165636856749, 37.626385946296807 ], [ 14.101436286118703, 37.626994418451588 ], [ 14.099094364429485, 37.629730170295986 ], [ 14.094319020284535, 37.633583239794255 ], [ 14.093373455813358, 37.634221626120436 ], [ 14.092879674554238, 37.634554989306011 ], [ 14.091614887509005, 37.6350689369782 ], [ 14.090047770547436, 37.635280814020923 ], [ 14.089679286562809, 37.635223373037647 ], [ 14.089063793024033, 37.63512076390829 ], [ 14.0789623464938, 37.642101912487583 ], [ 14.076249896596257, 37.644197980365149 ], [ 14.066292985539377, 37.64708607045651 ], [ 14.066095580123919, 37.647120515493668 ], [ 14.066047807626168, 37.647128145220947 ], [ 14.064873471220602, 37.647315690116343 ], [ 14.063985956355713, 37.647402488098116 ], [ 14.063430875357158, 37.64745672307582 ], [ 14.05678097923073, 37.648035347407003 ], [ 14.055536449568613, 37.647854700244324 ], [ 14.055122544912914, 37.647790129860205 ], [ 14.054395460351866, 37.647676698374141 ], [ 14.054314603938732, 37.647664083259393 ], [ 14.043351127632896, 37.644645611827393 ], [ 14.038327165558687, 37.640108380481557 ], [ 14.029328039253732, 37.633985333058476 ], [ 14.025407980751634, 37.631576495167252 ], [ 14.021505300878777, 37.623611671694093 ], [ 14.020195007389388, 37.620103061823556 ], [ 14.020414715618829, 37.617636124505282 ], [ 14.021673406908437, 37.614477936939124 ], [ 14.022426431102348, 37.613198175359784 ], [ 14.023070376489695, 37.612529121758769 ], [ 14.025685038234993, 37.608385721665002 ], [ 14.027542872977435, 37.604794026394877 ], [ 14.027559563300377, 37.602296804481831 ], [ 14.020756350763378, 37.598873301294375 ], [ 14.020081675323565, 37.598559895856482 ], [ 14.020024043842838, 37.598536380477483 ], [ 14.01924746826711, 37.598219520918299 ], [ 14.017694371200079, 37.597832705324613 ], [ 14.01382860065854, 37.59700595151925 ], [ 14.01170199558284, 37.597656009017449 ], [ 14.002683152107432, 37.597594253901327 ], [ 13.991895149891455, 37.595598091533681 ], [ 13.985311744152092, 37.592228240869325 ], [ 13.984534723331913, 37.591851423865201 ], [ 13.984296240028161, 37.591752989569748 ], [ 13.98344153338633, 37.591400203533794 ], [ 13.978922183940092, 37.589738692375796 ], [ 13.961884127147229, 37.586119915321142 ], [ 13.93254618056732, 37.593951921668648 ], [ 13.923918179353427, 37.596477110692824 ], [ 13.923770101656624, 37.597071609433662 ], [ 13.924557966737371, 37.600613592273362 ], [ 13.925606492843398, 37.60174037291403 ], [ 13.925835617573979, 37.601962401453029 ], [ 13.930404101609078, 37.606936974151004 ], [ 13.929422408427746, 37.607608425053648 ], [ 13.927870634586967, 37.608187663870922 ], [ 13.924614585497862, 37.609027081258134 ], [ 13.921694955944156, 37.608995301102489 ], [ 13.915182792330107, 37.610377250200514 ], [ 13.904008565615099, 37.615261177137562 ], [ 13.901704962113488, 37.616448480768341 ], [ 13.901659158457587, 37.616473032105581 ], [ 13.900605621114783, 37.617047595196361 ], [ 13.899448735516806, 37.617874697517856 ], [ 13.899355840924512, 37.618030449376008 ], [ 13.899288117908954, 37.618144004046997 ], [ 13.898571272542064, 37.621703809019245 ], [ 13.898276950909564, 37.624876311070629 ], [ 13.899845635637268, 37.626586919534866 ], [ 13.901706821076615, 37.626909503498126 ], [ 13.902170912222177, 37.626950960929079 ], [ 13.902946405537802, 37.632806231725333 ], [ 13.901448918008942, 37.636368662719178 ], [ 13.899870476420691, 37.644647552270186 ], [ 13.900645796106696, 37.649871166394043 ], [ 13.900901320768861, 37.650057130271733 ], [ 13.90127941510131, 37.650563683608119 ], [ 13.901789753678035, 37.651325850532956 ], [ 13.901934638191621, 37.651618478957715 ], [ 13.902229868381626, 37.652214760343085 ], [ 13.903647628844711, 37.655273666426112 ], [ 13.904272992774047, 37.656695147605923 ], [ 13.904404597211586, 37.657220176217812 ], [ 13.90444146237741, 37.657367247751068 ], [ 13.904465103359438, 37.657461563432122 ], [ 13.901218622108699, 37.658504075288704 ], [ 13.898820286940021, 37.658419824769872 ], [ 13.897241263352926, 37.658404035224265 ], [ 13.895234726764283, 37.658449787007356 ], [ 13.893394443247077, 37.659177909010751 ], [ 13.888502171668222, 37.663621119025059 ], [ 13.883180737608605, 37.670530641194922 ], [ 13.879925481889238, 37.678363422806548 ], [ 13.879344657191956, 37.679974967356557 ], [ 13.879024387318097, 37.680477939302321 ], [ 13.878973611598594, 37.68055767790284 ], [ 13.877131256566503, 37.681802203864301 ], [ 13.866056994412729, 37.686527196548788 ], [ 13.858075772562527, 37.689742188784905 ], [ 13.844104532409744, 37.693531906002519 ], [ 13.835138515144754, 37.695240041976085 ], [ 13.828898807510289, 37.697867921390753 ], [ 13.819962572608324, 37.703287875052176 ], [ 13.818804859530148, 37.708373217632655 ], [ 13.819362362065489, 37.708610184419065 ], [ 13.820867205265561, 37.709899300479364 ], [ 13.820766241527505, 37.711181769025139 ], [ 13.82038963240587, 37.713344546123658 ], [ 13.817641948338077, 37.719335685848797 ], [ 13.818605098601791, 37.725879047659184 ], [ 13.818595563801843, 37.726008396587417 ], [ 13.81858696777369, 37.726125001506361 ], [ 13.818532019284113, 37.726870348486074 ], [ 13.818081950641151, 37.728090991074403 ], [ 13.815999421394777, 37.732959244168143 ], [ 13.808125804732754, 37.743942439925767 ], [ 13.801062150895714, 37.740698745922977 ], [ 13.790337905897115, 37.730874569469457 ], [ 13.78022939462649, 37.724680454721764 ], [ 13.776288263592871, 37.721070313111703 ], [ 13.774705850428999, 37.715582856772428 ], [ 13.774537756725531, 37.71309870903373 ], [ 13.776903081688147, 37.707266564716754 ], [ 13.777173974631896, 37.706701578254943 ], [ 13.777388115190217, 37.704711700365351 ], [ 13.777353900696752, 37.704470347748092 ], [ 13.777225845151197, 37.703567016939822 ], [ 13.777194865691964, 37.703348479584086 ], [ 13.776987084498021, 37.702210981236973 ], [ 13.776807436984674, 37.701980268889898 ], [ 13.776597935742338, 37.701711231869545 ], [ 13.775587114314689, 37.701106140462095 ], [ 13.77439255128288, 37.70065032267842 ], [ 13.772573026752163, 37.700235617079841 ], [ 13.767879275806061, 37.699394838956863 ], [ 13.76633527418462, 37.699486675523382 ], [ 13.764975900842044, 37.700135448641788 ], [ 13.764654804473613, 37.700288691385246 ], [ 13.763495556553353, 37.701078579459796 ], [ 13.763203634812857, 37.701370371390666 ], [ 13.755730546118444, 37.703070701629976 ], [ 13.748193224860872, 37.704468626042029 ], [ 13.742966590332907, 37.703839179875366 ], [ 13.743680170219989, 37.70209727093863 ], [ 13.744537897179876, 37.699967630367681 ], [ 13.74458876972143, 37.698923186334525 ], [ 13.743694477597252, 37.696156306617326 ], [ 13.742248639761552, 37.692698704718083 ], [ 13.734104324642198, 37.684461703288306 ], [ 13.732542021229081, 37.682930428875295 ], [ 13.732499668657635, 37.682988933208641 ], [ 13.732264454107412, 37.683306470676669 ], [ 13.730927956518522, 37.684517422421109 ], [ 13.730805311780474, 37.684625880872865 ], [ 13.730202495244706, 37.685158963504165 ], [ 13.729282354318292, 37.685256741076643 ], [ 13.727398726045788, 37.685112260125948 ], [ 13.726836229204896, 37.685069108450556 ], [ 13.723351301203222, 37.684638096159105 ], [ 13.716439130904424, 37.685932987276352 ], [ 13.710508762746468, 37.687140799937168 ], [ 13.703199289993231, 37.690670124528708 ], [ 13.696117652979085, 37.694566323210246 ], [ 13.695652075576556, 37.69481287532745 ], [ 13.695533702928993, 37.69487556014311 ], [ 13.692912384674441, 37.694946377290954 ], [ 13.692708194825153, 37.69491479102161 ], [ 13.691396637151382, 37.694711895281586 ], [ 13.681154148706867, 37.692823407763235 ], [ 13.679879375582777, 37.692466606880117 ], [ 13.678818540383801, 37.692166593540314 ], [ 13.677748824994785, 37.691702553927726 ], [ 13.676636291813827, 37.691132144092883 ], [ 13.673096899174482, 37.689307264918192 ], [ 13.672133377593525, 37.688766279468837 ], [ 13.67215120680247, 37.688662439187461 ], [ 13.67232486229172, 37.687796274814453 ], [ 13.672366837268395, 37.687586910568157 ], [ 13.673492656631813, 37.684867496281491 ], [ 13.674239838025938, 37.684326742459461 ], [ 13.674210491950378, 37.682137278516073 ], [ 13.673780052509729, 37.679571982489989 ], [ 13.673330704928823, 37.678034104048265 ], [ 13.67214966885761, 37.674861929900416 ], [ 13.670680281614315, 37.672155029083818 ], [ 13.670196366528968, 37.671338954910439 ], [ 13.669293105968585, 37.66983255142722 ], [ 13.669186892782072, 37.669735478186531 ], [ 13.668813841439579, 37.669394530451036 ], [ 13.659174361569875, 37.662553938316748 ], [ 13.651223226175521, 37.658388053818115 ], [ 13.622634486029492, 37.656234502945075 ], [ 13.614487841808577, 37.656204642238755 ], [ 13.608905486563334, 37.656100268823181 ], [ 13.60148414438785, 37.655923269144537 ], [ 13.590896493381004, 37.652041015505006 ], [ 13.587581583241342, 37.650497395140803 ], [ 13.587604920330024, 37.649899848964658 ], [ 13.587478955977389, 37.648729468640397 ], [ 13.587305884163932, 37.648321936620249 ], [ 13.587251861180814, 37.648226042246534 ], [ 13.586932299964412, 37.647658796156051 ], [ 13.586501629215114, 37.64701265022665 ], [ 13.586480346986079, 37.646987436541778 ], [ 13.58590231821691, 37.646384048725892 ], [ 13.585754108594244, 37.646232784206191 ], [ 13.585447585914959, 37.645919941673888 ], [ 13.584479155400269, 37.645050125095437 ], [ 13.583995249317518, 37.644621537749892 ], [ 13.579047754849501, 37.640308383170151 ], [ 13.572541674636982, 37.637364112436195 ], [ 13.569101948351939, 37.635940339815676 ], [ 13.566965748097346, 37.635647771161011 ], [ 13.564566769575681, 37.635401797335071 ], [ 13.563704427556853, 37.635455479218976 ], [ 13.555140365735205, 37.636998467508967 ], [ 13.548992826930125, 37.638978683333313 ], [ 13.541136550846863, 37.63839564621469 ], [ 13.537753228193742, 37.637326772755678 ], [ 13.537165415990879, 37.637215067135742 ], [ 13.536474140431904, 37.637084262108651 ], [ 13.531239275595443, 37.637411464946751 ], [ 13.52761129787096, 37.638030591281264 ], [ 13.525044784083123, 37.638596552366046 ], [ 13.5192927354743, 37.64105258625073 ], [ 13.516388389874022, 37.642359610125261 ], [ 13.511315835786428, 37.646647437508747 ], [ 13.510861031493389, 37.647272787078151 ], [ 13.510491978022133, 37.648133508016855 ], [ 13.510561520185137, 37.648900107946304 ], [ 13.510594362638846, 37.64926213094666 ], [ 13.511087123712029, 37.652404428004289 ], [ 13.511479546170939, 37.653398804209587 ], [ 13.507875641779327, 37.658792194476497 ], [ 13.493365026210569, 37.655450867019425 ], [ 13.479207875993168, 37.652137708847768 ], [ 13.465292539968619, 37.647958491916803 ], [ 13.462652123507803, 37.648493175733407 ], [ 13.462010182360052, 37.651566168818867 ], [ 13.460974936123019, 37.6555907256434 ], [ 13.460770538548529, 37.656299333102162 ], [ 13.460624142730454, 37.65656303070282 ], [ 13.460296839657918, 37.657140759689177 ], [ 13.459888452351834, 37.6575949279421 ], [ 13.459751871452742, 37.657746817531219 ], [ 13.457735575497116, 37.659865393318519 ], [ 13.457055539363497, 37.660415759538537 ], [ 13.456166262639806, 37.660629560472792 ], [ 13.454248335374489, 37.660621100346489 ], [ 13.452910369190169, 37.660437540596106 ], [ 13.446876647024981, 37.658871873725751 ], [ 13.444714421847818, 37.656268239156759 ], [ 13.426691933904429, 37.643377357037998 ], [ 13.426528013719548, 37.643292129145252 ], [ 13.426344511410525, 37.643201280336832 ], [ 13.426291762815172, 37.643232241109189 ], [ 13.425367854929071, 37.643800890288766 ], [ 13.425285425633714, 37.64386520435 ], [ 13.424864068603853, 37.644193961382506 ], [ 13.424508183739565, 37.644471631912936 ], [ 13.423812485442717, 37.645014426038621 ], [ 13.421555519866688, 37.647094381024516 ], [ 13.421490125789838, 37.647154962668722 ], [ 13.42028540103176, 37.648638979308096 ], [ 13.42009300082834, 37.648876065312997 ], [ 13.419811468442594, 37.64928106469501 ], [ 13.419310304961169, 37.650002007292407 ], [ 13.41772895303942, 37.653083766726994 ], [ 13.417716512669841, 37.653110791293173 ], [ 13.414212828477073, 37.655646697786722 ], [ 13.409127074542683, 37.658669852185795 ], [ 13.407348251722615, 37.659132742989421 ], [ 13.404738726259541, 37.659773056072716 ], [ 13.395849784941044, 37.659484228062993 ], [ 13.384904507794911, 37.653817072545415 ], [ 13.384639175020299, 37.653678498654052 ], [ 13.384019138936763, 37.653354670737372 ], [ 13.383521471189395, 37.652778772915923 ], [ 13.383478330863371, 37.652646476426902 ], [ 13.383308919231165, 37.652126943473149 ], [ 13.38333498809901, 37.651818585788114 ], [ 13.383348304093635, 37.651661090549226 ], [ 13.383369837492033, 37.651406404242529 ], [ 13.383845718934515, 37.650891059461117 ], [ 13.384444213263933, 37.650474739384926 ], [ 13.385130698425137, 37.650169961181184 ], [ 13.385507952997717, 37.650019817716718 ], [ 13.387056616722369, 37.637895929496054 ], [ 13.388100589744649, 37.633905924100546 ], [ 13.39318256205812, 37.627902649228609 ], [ 13.393719505990887, 37.627648758200152 ], [ 13.394464660474105, 37.627296408753203 ], [ 13.395307744765683, 37.62684024265036 ], [ 13.395394820816723, 37.626731826080373 ], [ 13.395472609162169, 37.626634973038733 ], [ 13.395744711174371, 37.626296179777817 ], [ 13.396526163148646, 37.625242504126881 ], [ 13.400920304871951, 37.617830129352761 ], [ 13.400480274991375, 37.616828296907883 ], [ 13.398251323477794, 37.616137702081758 ], [ 13.397373563168557, 37.616065244680762 ], [ 13.397199573252548, 37.616050882321396 ], [ 13.396778637195204, 37.616279588678665 ], [ 13.396327403325783, 37.616524753051046 ], [ 13.395621002203018, 37.616775883755189 ], [ 13.395544744631986, 37.616779131576685 ], [ 13.394856639508182, 37.61680481204187 ], [ 13.394520331208446, 37.616817361347849 ], [ 13.391898050063743, 37.616711628803024 ], [ 13.390977248455046, 37.615976616477795 ], [ 13.387057636469228, 37.612434659177076 ], [ 13.386577954289303, 37.611938530938787 ], [ 13.382053077447841, 37.602884758575755 ], [ 13.381683363452648, 37.602011369810036 ], [ 13.381389043650596, 37.601011164998745 ], [ 13.381264108562501, 37.600583626121235 ], [ 13.381185991217681, 37.599519246806615 ], [ 13.381334816936263, 37.598403631761173 ], [ 13.3826644016931, 37.59032921301592 ], [ 13.384178549511205, 37.586843578711175 ], [ 13.387718435225676, 37.579033547695282 ], [ 13.392230824426793, 37.572778340637093 ], [ 13.401407217761124, 37.571360467082989 ], [ 13.402633825932435, 37.571161520323976 ], [ 13.40372827743729, 37.570832406394317 ], [ 13.404049163646754, 37.570649292466769 ], [ 13.403979332773201, 37.570197070948829 ], [ 13.403836196811724, 37.569472880612651 ], [ 13.400456256740496, 37.558515392823978 ], [ 13.395555328238309, 37.555427753733802 ], [ 13.385029469662294, 37.552149077573596 ], [ 13.377589932524151, 37.549898286110796 ], [ 13.374078843348221, 37.548695490619039 ], [ 13.367297314812607, 37.546346324410308 ], [ 13.364648554434353, 37.545076845863598 ], [ 13.360936611980973, 37.543046233692635 ], [ 13.357545426870077, 37.540641719931855 ], [ 13.355211340025857, 37.541380024979354 ], [ 13.344529836768363, 37.546536523011305 ], [ 13.341586529017491, 37.550645507149326 ], [ 13.33971897828293, 37.554034176038058 ], [ 13.33806770154259, 37.55905774274629 ], [ 13.338047845050097, 37.559499701208026 ], [ 13.338046141668649, 37.559545540600148 ], [ 13.338350038090089, 37.560107901648038 ], [ 13.340909572611341, 37.568057193538792 ], [ 13.342651644494795, 37.573921291632971 ], [ 13.340610468205925, 37.576964241598546 ], [ 13.328710122184148, 37.583765392555826 ], [ 13.325996358490432, 37.584977442819948 ], [ 13.323053094638022, 37.586432006172529 ], [ 13.32174699629077, 37.587099143750123 ], [ 13.321021880093324, 37.587648153370083 ], [ 13.320896265891356, 37.58782056242584 ], [ 13.320864438659816, 37.587864246070424 ], [ 13.320723678201164, 37.588057444545314 ], [ 13.320707586844938, 37.588079531549724 ], [ 13.320671288834168, 37.588129356114855 ], [ 13.324023405048104, 37.592295302113463 ], [ 13.325765785322343, 37.594249454376794 ], [ 13.3270756246588, 37.594962430576068 ], [ 13.3315189581614, 37.599315817829833 ], [ 13.333540427899337, 37.605724361042846 ], [ 13.33370726687054, 37.606698472962108 ], [ 13.333801800772381, 37.607250408045346 ], [ 13.333916476120953, 37.608712052888009 ], [ 13.333619597052476, 37.610835075821029 ], [ 13.333083302005509, 37.611980655011784 ], [ 13.327922598396007, 37.620948996200006 ], [ 13.324699643658381, 37.624083252338103 ], [ 13.320415785435937, 37.62463452869931 ], [ 13.319915929395233, 37.6257179205992 ], [ 13.322944866879714, 37.628048430771251 ], [ 13.327660285306916, 37.631578497633456 ], [ 13.338572174138523, 37.639508089828936 ], [ 13.347724949357168, 37.644567972943612 ], [ 13.350742499171968, 37.648712977146879 ], [ 13.348827170337872, 37.655146210466476 ], [ 13.348360372472829, 37.656293810625662 ], [ 13.34709183520523, 37.657268352087662 ], [ 13.344950265445283, 37.657981717497336 ], [ 13.338168589317533, 37.659898724326759 ], [ 13.328773557980229, 37.662318341849982 ], [ 13.327795212472941, 37.662412700388593 ], [ 13.326519359872599, 37.661378298940541 ], [ 13.325729480359284, 37.66023842645685 ], [ 13.325322618459545, 37.659536544232843 ], [ 13.32209281763844, 37.652723677838836 ], [ 13.321618035601331, 37.649806154164743 ], [ 13.321130257742729, 37.649395129695236 ], [ 13.315705828125235, 37.644851802685267 ], [ 13.308943156640357, 37.641910064493743 ], [ 13.302439305344334, 37.639926514095038 ], [ 13.299680770915396, 37.639569082945634 ], [ 13.292028891987028, 37.640604146342447 ], [ 13.291935764896232, 37.641745346656798 ], [ 13.289941164771438, 37.642645771237028 ], [ 13.287060633309173, 37.643661788688696 ], [ 13.277107249614609, 37.646976432145742 ], [ 13.273659004845014, 37.644949594088146 ], [ 13.268908177437996, 37.641654685766113 ], [ 13.265505139780872, 37.637174341111347 ], [ 13.260019213781797, 37.628415234669554 ], [ 13.257961122199772, 37.62462241158098 ], [ 13.256316941696369, 37.621533558423017 ], [ 13.253399306200315, 37.615640596530845 ], [ 13.248693918599756, 37.614572606045421 ], [ 13.249004387141765, 37.615011352213457 ], [ 13.249072574053558, 37.615107711588763 ], [ 13.248936032940598, 37.615961605390567 ], [ 13.248738168509119, 37.616392027569731 ], [ 13.248084137893422, 37.617705875949021 ], [ 13.244526252268802, 37.621105960880278 ], [ 13.237370390719898, 37.626611931566295 ], [ 13.235567703151185, 37.627569059521953 ], [ 13.235020617739265, 37.627768881432033 ], [ 13.2347371818441, 37.62780752012069 ], [ 13.234463206694034, 37.627844867733387 ], [ 13.234270922545809, 37.627871078615946 ], [ 13.233477192551339, 37.627839822850994 ], [ 13.233308523538682, 37.627832683644336 ], [ 13.22603767864166, 37.630492572097687 ], [ 13.21640753032078, 37.63708582394154 ], [ 13.211962716010012, 37.641406510768185 ], [ 13.209480685992625, 37.645687771948936 ], [ 13.209121472496586, 37.646512447951778 ], [ 13.209097616959738, 37.647074034970444 ], [ 13.20909469602694, 37.647144235444081 ], [ 13.209164500204695, 37.647349797526935 ], [ 13.209284562145845, 37.647703356949165 ], [ 13.210876782991257, 37.650316890758432 ], [ 13.212592372659753, 37.658125704378314 ], [ 13.215035607515578, 37.670231660448351 ], [ 13.215024134545819, 37.670359193366401 ], [ 13.214972600084653, 37.670931973027088 ], [ 13.214913823176632, 37.671217253629649 ], [ 13.214857623131124, 37.671490021932257 ], [ 13.214661837231942, 37.672109532905829 ], [ 13.213924275877204, 37.673962547162638 ], [ 13.213179327341198, 37.674654451550616 ], [ 13.211316242944168, 37.675438045163652 ], [ 13.209389059260106, 37.675876251565938 ], [ 13.206768343700826, 37.676102630576601 ], [ 13.204501433067874, 37.676926426921355 ], [ 13.193020152565266, 37.683284062985656 ], [ 13.191844912206932, 37.685369835411564 ], [ 13.192025085469565, 37.686354211157941 ], [ 13.191988133144182, 37.686929736686643 ], [ 13.191816880682648, 37.687460496527237 ], [ 13.191417533813143, 37.688003897622714 ], [ 13.18831270417818, 37.690364770711518 ], [ 13.186592358570106, 37.691507677095998 ], [ 13.180872301162605, 37.692114627429547 ], [ 13.179662523207359, 37.692148249982118 ], [ 13.171402684527314, 37.691677649840685 ], [ 13.167726241735261, 37.691278688922822 ], [ 13.166509296846437, 37.690952481239265 ], [ 13.161805832480205, 37.689454773244336 ], [ 13.159576634951431, 37.687393348274433 ], [ 13.149158708143146, 37.687311617993835 ], [ 13.148250499418202, 37.687323351383036 ], [ 13.147325024745767, 37.687596914481247 ], [ 13.144002197590376, 37.688961447014812 ], [ 13.130613196341846, 37.697374250564529 ], [ 13.127478736066855, 37.699783332045087 ], [ 13.126231574526559, 37.700673742091865 ], [ 13.124970182726875, 37.701231372977929 ], [ 13.123648354939002, 37.701453340666305 ], [ 13.122472610488858, 37.701307619012958 ], [ 13.110810857301605, 37.698706992257151 ], [ 13.109111635265982, 37.698165071090024 ], [ 13.109021716702888, 37.69813164306661 ], [ 13.107572318869881, 37.697592789795436 ], [ 13.102518522803082, 37.69520414758739 ], [ 13.100227187077685, 37.694037460154739 ], [ 13.079691451018496, 37.692004907714278 ], [ 13.073496336176071, 37.69605663702098 ], [ 13.063891503232224, 37.701905026538014 ], [ 13.054182323214443, 37.706879417827516 ], [ 13.049385488038196, 37.709863905645882 ], [ 13.046661735947291, 37.712047587006403 ], [ 13.045557514519935, 37.71349498459157 ], [ 13.044376576061602, 37.715701900091524 ], [ 13.04124835102373, 37.721008369025647 ], [ 13.035218708189678, 37.727840953713503 ], [ 13.033951413587337, 37.733721763356392 ], [ 13.026591628887727, 37.73951980163293 ], [ 13.020553065042014, 37.741738750622439 ], [ 13.014023144275077, 37.742331577242162 ], [ 13.012110268223443, 37.742613668124676 ], [ 13.013252864630557, 37.745226929484708 ], [ 13.014253893343209, 37.748541385701714 ], [ 13.019080897591394, 37.751415854137981 ], [ 13.025111612386388, 37.752768387967073 ], [ 13.030222659035632, 37.752701298855442 ], [ 13.03021683466722, 37.75259409637237 ], [ 13.039425922945453, 37.753298413165247 ], [ 13.042538217557128, 37.754513397276163 ], [ 13.04669387682919, 37.757032272430123 ], [ 13.048813067844467, 37.759719473425555 ], [ 13.0491592594603, 37.761264299072955 ], [ 13.049901859794584, 37.763240675630868 ], [ 13.050025035699448, 37.763522427767846 ], [ 13.050148211298591, 37.76380417615453 ], [ 13.050645420968396, 37.764325262819817 ], [ 13.051577051313641, 37.764736788232256 ], [ 13.052107293481479, 37.764906986601481 ], [ 13.052375369686265, 37.764993032912734 ], [ 13.053021006528036, 37.764950998650718 ], [ 13.054672209887121, 37.764452511531658 ], [ 13.054856879495475, 37.764188132848354 ], [ 13.054979934667724, 37.764010855075057 ], [ 13.055061109663836, 37.763893909548834 ], [ 13.057550824681147, 37.759933364183716 ], [ 13.057880515808428, 37.758499426463558 ], [ 13.058010449785156, 37.758039736149655 ], [ 13.05804391461802, 37.757922670579788 ], [ 13.05849287254396, 37.757704504613926 ], [ 13.059673335823275, 37.757327862976702 ], [ 13.060573795906357, 37.757117026880884 ], [ 13.061360645198825, 37.756990364043453 ], [ 13.06142849235404, 37.756979442351494 ], [ 13.061927172029101, 37.756976921553772 ], [ 13.062269228519041, 37.756975192617006 ], [ 13.063135702543828, 37.757122515546968 ], [ 13.06394842987064, 37.757417108371229 ], [ 13.075394603678344, 37.762930091357021 ], [ 13.078499265723233, 37.764999353237599 ], [ 13.081449706936251, 37.767165360936033 ], [ 13.091488316897447, 37.768941192052722 ], [ 13.098023685652386, 37.769858864380474 ], [ 13.098380717755848, 37.769935500558297 ], [ 13.098745710917983, 37.770013845304057 ], [ 13.100138728879621, 37.771003319211943 ], [ 13.098457374584799, 37.773763519976903 ], [ 13.096696551322378, 37.776424183133891 ], [ 13.090554231581688, 37.781031672046808 ], [ 13.085764398641395, 37.782537491498729 ], [ 13.085609420660763, 37.782354954843839 ], [ 13.085310924058437, 37.782061331096486 ], [ 13.084954485261029, 37.781758447629819 ], [ 13.084098465603642, 37.78152921065 ], [ 13.083797281258775, 37.781568161576388 ], [ 13.083051201189075, 37.781664647256477 ], [ 13.082294325696319, 37.781895828960621 ], [ 13.081978824962729, 37.782070928609059 ], [ 13.081641232937455, 37.782260535822964 ], [ 13.078128983602889, 37.78445287576934 ], [ 13.07499235190846, 37.78864717402778 ], [ 13.075252750333235, 37.791640607556154 ], [ 13.075386946921935, 37.792120106066839 ], [ 13.080958751537722, 37.803111136280549 ], [ 13.086950365860574, 37.804743583770914 ], [ 13.087914794933583, 37.80484967059148 ], [ 13.088533078534438, 37.805111912836317 ], [ 13.093862200062485, 37.808110622152299 ], [ 13.095945378811431, 37.810286289060464 ], [ 13.098312017265743, 37.813508683370131 ], [ 13.098152502789185, 37.814369926453701 ], [ 13.096747793157501, 37.816072821473817 ], [ 13.091474307426729, 37.817426285994941 ], [ 13.090109344058552, 37.816149693248327 ], [ 13.084930129523746, 37.814859263514109 ], [ 13.079550506900997, 37.81861971512582 ], [ 13.066033437318895, 37.815054799722219 ], [ 13.058619919032022, 37.810533404547066 ], [ 13.055708034201229, 37.810738731353794 ], [ 13.052608657890231, 37.814058995973461 ], [ 13.05227518587264, 37.814241641617848 ], [ 13.051706872786768, 37.814426622721697 ], [ 13.051323507688537, 37.81455139972347 ], [ 13.050492465118239, 37.814654353994008 ], [ 13.043246361623337, 37.815498197828987 ], [ 13.034594778623619, 37.815714283033735 ], [ 13.025360490988129, 37.818419968982283 ], [ 13.017107519809469, 37.81966872217108 ], [ 13.00974747049945, 37.820057202879575 ], [ 13.000018360105518, 37.821000658929222 ], [ 12.993507777245005, 37.82199661550704 ], [ 12.981467609608703, 37.823530838247294 ], [ 12.97067842840447, 37.823839337831792 ], [ 12.968371223755769, 37.830101027884275 ], [ 12.963507009772623, 37.835917417894784 ], [ 12.949329055088011, 37.837866223405314 ], [ 12.946852170413248, 37.838796819021496 ], [ 12.945325874423729, 37.83957970609633 ], [ 12.943536051453401, 37.845420961605306 ], [ 12.943402950951068, 37.847510778874039 ], [ 12.943861854638159, 37.852652326971011 ], [ 12.944982542566105, 37.853655113333701 ], [ 12.945801258183637, 37.854028491999479 ], [ 12.9461852412885, 37.854102015329431 ], [ 12.946581754427838, 37.854177935315391 ], [ 12.946718742221703, 37.854111074797707 ], [ 12.947004709160797, 37.853971499198423 ], [ 12.947295215627877, 37.85382970682199 ], [ 12.947874782794749, 37.853859796987201 ], [ 12.950598016467598, 37.855259088799983 ], [ 12.952055140615178, 37.856038366753573 ], [ 12.955301216301468, 37.859037324229611 ], [ 12.955905405831521, 37.859791655495798 ], [ 12.958239189414652, 37.863365723397202 ], [ 12.958575506133345, 37.8643542688013 ], [ 12.958563426556255, 37.864805059603988 ], [ 12.957306445917771, 37.867495634661367 ], [ 12.957218829163114, 37.867571916409659 ], [ 12.956810261312741, 37.867927618803272 ], [ 12.956526144541222, 37.868174969834435 ], [ 12.955793946043359, 37.868758083517648 ], [ 12.955618357635197, 37.868529797191769 ], [ 12.952286946875061, 37.868569795611528 ], [ 12.950687054474518, 37.87130788226083 ], [ 12.950047154967496, 37.874773031903921 ], [ 12.950352233933259, 37.877310912307806 ], [ 12.947954621808421, 37.881619761834806 ], [ 12.944649465702259, 37.882009142956704 ], [ 12.939914326314522, 37.882275915400747 ], [ 12.936528741702014, 37.882506593211176 ], [ 12.93107449796211, 37.885310716175582 ], [ 12.933502573371278, 37.888160490629325 ], [ 12.936553725159882, 37.892193596357103 ], [ 12.934592778852442, 37.8959256828973 ], [ 12.934372239228829, 37.897744467090106 ], [ 12.938581864589382, 37.904225495547124 ], [ 12.940500099556452, 37.9056082817944 ], [ 12.94053427242048, 37.905626582831658 ], [ 12.940697613649872, 37.905713137238912 ], [ 12.94095964244476, 37.905851984269802 ], [ 12.941084018079025, 37.905917889265176 ], [ 12.941154842809276, 37.905876942694412 ], [ 12.941250125624029, 37.905821133576431 ], [ 12.941299541774631, 37.905792188970153 ], [ 12.941418944174792, 37.90572225007525 ], [ 12.94779897184223, 37.900734044640821 ], [ 12.953707653342581, 37.897896663635663 ], [ 12.955387752120574, 37.897425247080427 ], [ 12.95701418695571, 37.898409081494542 ], [ 12.958225604196846, 37.899288768869084 ], [ 12.959234468922029, 37.900586219164047 ], [ 12.966376005146461, 37.900585024481437 ], [ 12.96753044392009, 37.899133029042446 ], [ 12.969634750484715, 37.898764417165623 ], [ 12.975559219244015, 37.898775813485152 ], [ 12.978250265344366, 37.899747641783527 ], [ 12.985686426567028, 37.900662165607649 ], [ 12.992762276439436, 37.897388407415647 ], [ 12.992921416232958, 37.897461051805301 ], [ 12.992965110069452, 37.897480997334384 ], [ 12.993070476427036, 37.897532635062987 ], [ 12.997433942703404, 37.900719538311535 ], [ 12.997563763206452, 37.900916267293553 ], [ 12.997594444841209, 37.901469201348164 ], [ 12.997524719848926, 37.901926452547123 ], [ 12.997341319873824, 37.902448827837297 ], [ 12.997316676469513, 37.90251901679369 ], [ 12.996725886536563, 37.903705602252202 ], [ 12.996428102713088, 37.904215640157048 ], [ 12.999379110879465, 37.908637033072729 ], [ 13.005234964767663, 37.904492275615745 ], [ 13.016405120911822, 37.900607095000566 ], [ 13.016806298708836, 37.900485280117259 ], [ 13.020858623297412, 37.901211413124841 ], [ 13.021457253284471, 37.901375586666795 ], [ 13.022002538412217, 37.901563664040083 ], [ 13.022301777340534, 37.901666874917431 ], [ 13.022336318736766, 37.901678788710903 ], [ 13.02323581005248, 37.902044320519508 ], [ 13.0238322913373, 37.902298631742141 ], [ 13.024391597216329, 37.902653277248433 ], [ 13.040855599799899, 37.914803442138414 ], [ 13.044785790670552, 37.933166181380805 ], [ 13.045757609628192, 37.938537799618935 ], [ 13.045894990977766, 37.941208187562296 ], [ 13.044616520374834, 37.944390346560759 ], [ 13.042618677678719, 37.946265107363793 ], [ 13.042118789538582, 37.947780056041232 ], [ 13.044529666170847, 37.955200228927026 ], [ 13.046653467990227, 37.956382476431422 ], [ 13.049964651511189, 37.959951098949148 ], [ 13.040358164989497, 37.968911372875532 ], [ 13.039881397801555, 37.969286717242397 ], [ 13.039549937910099, 37.969545932165623 ], [ 13.038899634449896, 37.969885324399101 ], [ 13.038810884671349, 37.969931642125317 ], [ 13.037052999153099, 37.970541534163488 ], [ 13.036120090365262, 37.970479020810714 ], [ 13.035561051632824, 37.970394735207456 ], [ 13.035478863064499, 37.970382343035674 ], [ 13.035428888741574, 37.970368016101368 ], [ 13.032968659070979, 37.969551440263075 ], [ 13.032240460374458, 37.969279061141449 ], [ 13.032029578802053, 37.96920018067167 ], [ 13.031865849048033, 37.969138936392618 ], [ 13.027918909375375, 37.966900897616881 ], [ 13.027225751050885, 37.966384238538147 ], [ 13.025332414044227, 37.970134244814879 ], [ 13.02679360793106, 37.977511641621682 ], [ 13.018779160100374, 37.983235330366576 ], [ 13.006605189208742, 37.989724045519779 ], [ 13.003826464997873, 37.991905348573546 ], [ 13.002479186356101, 37.995774951665872 ], [ 13.002345901708171, 37.997756643716841 ], [ 13.003314052222825, 37.999977056115398 ], [ 13.004722193461621, 38.002931476816364 ], [ 13.001374047102761, 38.009763430843059 ], [ 12.997412153783802, 38.01323899739554 ], [ 12.990966832432992, 38.016093302123494 ], [ 12.98935463154662, 38.015764954197863 ], [ 12.987287464244538, 38.01688877255237 ], [ 12.985197483814948, 38.019336450285955 ], [ 12.985049225188112, 38.019514183504867 ], [ 12.984990577373576, 38.019584491366061 ], [ 12.984961630302603, 38.019619193825861 ], [ 12.98449235055037, 38.020558395440069 ], [ 12.983771115318065, 38.022389487345293 ], [ 12.982794864877995, 38.027195978620774 ], [ 12.983014045526009, 38.032321315227314 ], [ 12.979843999113436, 38.038041849488479 ], [ 12.977148452426349, 38.040290695453542 ], [ 12.97848822726646, 38.04066772324007 ], [ 12.979648149649416, 38.041054717508324 ], [ 12.983201574414256, 38.04227874915847 ], [ 12.984544706530968, 38.042742367288334 ], [ 12.985499343271302, 38.043094634285779 ], [ 12.987859909179642, 38.044007636908908 ], [ 12.996433391525676, 38.047484678419963 ], [ 12.997146696926068, 38.047781122216442 ], [ 12.997966594447197, 38.048208068816692 ], [ 12.999026840980797, 38.048914835590793 ], [ 13.001950624299129, 38.051305956823114 ], [ 13.005160576576946, 38.053729526541559 ], [ 13.010407012792161, 38.054833350768526 ], [ 13.010808851603297, 38.054971327753812 ], [ 13.015757877378837, 38.056963849142114 ], [ 13.018000712603238, 38.057913920630675 ], [ 13.028380248048057, 38.062636154179572 ], [ 13.028906467015103, 38.0628843709219 ], [ 13.029200696221169, 38.063035753989418 ], [ 13.02937198716779, 38.063168817476203 ], [ 13.030870997257932, 38.064422574973136 ], [ 13.032256850070016, 38.065678466447125 ], [ 13.032999405480117, 38.066374374497514 ], [ 13.038697214498368, 38.071764827652828 ], [ 13.03913953043125, 38.071927133030584 ], [ 13.050697300444888, 38.072257817471325 ], [ 13.05090564823622, 38.072147376079357 ], [ 13.051139657134831, 38.072151249799965 ], [ 13.051810226041443, 38.072288270379794 ], [ 13.052619636771858, 38.072486846268106 ], [ 13.052915804152004, 38.072617679163834 ], [ 13.054790843566613, 38.073537550605941 ], [ 13.064461713564047, 38.079392103540172 ], [ 13.068691136492557, 38.081962460079232 ], [ 13.069198119013212, 38.082278340590314 ], [ 13.075703703078569, 38.086658250888981 ], [ 13.077627625974531, 38.089542592906461 ], [ 13.077347026817637, 38.093407990550276 ], [ 13.074548928579047, 38.098493296387943 ], [ 13.074464842118315, 38.098635896425023 ], [ 13.071953042070353, 38.10734877871279 ], [ 13.072214757263314, 38.108231107388512 ], [ 13.072416700994102, 38.109072622317349 ], [ 13.072430001288266, 38.110028078270233 ], [ 13.072372464116221, 38.11075533887059 ], [ 13.072236948226726, 38.111104000859349 ], [ 13.07204716320374, 38.111552732312795 ], [ 13.071933021656596, 38.111815484578479 ], [ 13.068252193525892, 38.11967858914737 ], [ 13.065670766128132, 38.123410430566707 ], [ 13.062192187757727, 38.126773224490819 ], [ 13.058987419209158, 38.129291062116792 ], [ 13.05693924250941, 38.131555185222339 ], [ 13.053033064339399, 38.137129622043005 ], [ 13.054928117328197, 38.138997048123144 ], [ 13.06590807554395, 38.143331318489565 ], [ 13.069003918425571, 38.142429525066724 ], [ 13.071327965642151, 38.141755951418538 ], [ 13.072020672133121, 38.141615954644088 ], [ 13.072125500896773, 38.141616814496871 ], [ 13.072214345740184, 38.141663276377727 ], [ 13.072275305717691, 38.141746716626479 ], [ 13.072351790627719, 38.141865661112746 ], [ 13.072361046109572, 38.142102379887412 ], [ 13.072234418742243, 38.143585613635892 ], [ 13.072143231444727, 38.144277819488003 ], [ 13.071518178195017, 38.146745779065775 ], [ 13.071290695042466, 38.147642976622997 ], [ 13.070984077975636, 38.147917299270361 ], [ 13.070770094059974, 38.14805973951249 ], [ 13.076966270855737, 38.1540721552701 ], [ 13.081646360061974, 38.156271643643848 ], [ 13.082819266096084, 38.157305911898689 ], [ 13.08443676287818, 38.159923506520371 ], [ 13.084563632915378, 38.160216317318763 ], [ 13.084665102591831, 38.160577583092028 ], [ 13.084843315698107, 38.161396490812692 ], [ 13.084955675887418, 38.162136066570994 ], [ 13.085109049246332, 38.163355257054285 ], [ 13.085086970495833, 38.163982555438047 ], [ 13.085029203584796, 38.164205612066873 ], [ 13.085005987475409, 38.164246679547794 ], [ 13.083873469164894, 38.165932875157559 ], [ 13.082901041234118, 38.166964436478459 ], [ 13.078766552610878, 38.173825280118422 ], [ 13.085531024285038, 38.177494322078232 ], [ 13.095124568869579, 38.18484631935646 ], [ 13.105329117035518, 38.190485609937852 ], [ 13.106597608817955, 38.191002896704831 ], [ 13.108443792121113, 38.191564179832703 ], [ 13.108706125290166, 38.191586509458375 ], [ 13.118878993238519, 38.191598764947429 ], [ 13.122034421119054, 38.191469815230533 ], [ 13.13488525787564, 38.186519242588716 ], [ 13.144489595048862, 38.184427130315186 ], [ 13.144985558838446, 38.184670791625443 ], [ 13.146204836673228, 38.185217634000267 ], [ 13.148180923810504, 38.186079934866719 ], [ 13.149977085637309, 38.186385629001734 ], [ 13.154135546604738, 38.186742714586494 ], [ 13.156584012387103, 38.186516311004425 ], [ 13.160039208633643, 38.185808268115743 ], [ 13.160246119162055, 38.185746895224206 ], [ 13.161886945260861, 38.184490714852892 ], [ 13.162053813881883, 38.183764245082372 ], [ 13.161969528734732, 38.183474516386596 ], [ 13.161209336953281, 38.18241167001193 ], [ 13.161039831109994, 38.179141179929438 ], [ 13.161387081062379, 38.175330423476005 ], [ 13.161513834194164, 38.174375686665087 ], [ 13.161727221183419, 38.17315217698868 ], [ 13.16180650799623, 38.172703517186569 ], [ 13.162036207524132, 38.17220449126556 ], [ 13.162179200707069, 38.171960721104192 ], [ 13.162801042842936, 38.171285645275084 ], [ 13.163057614960785, 38.171082886596537 ], [ 13.163982554517723, 38.170706032512733 ], [ 13.164279389721221, 38.170625171008702 ], [ 13.172632641987789, 38.169332875102903 ], [ 13.174716789270605, 38.169056023743693 ], [ 13.176093025695724, 38.16896480012494 ], [ 13.180900215379534, 38.168911319275125 ], [ 13.182937375476351, 38.16895201501471 ], [ 13.189339359784391, 38.169106283748341 ], [ 13.189587371653859, 38.169128943660496 ], [ 13.190351398426795, 38.169209728601153 ], [ 13.191387510077783, 38.169334809464686 ], [ 13.193693611106832, 38.16978372477638 ], [ 13.194510749284692, 38.16995715464973 ], [ 13.195273208699854, 38.170258614123171 ], [ 13.199551928701773, 38.171803191543141 ], [ 13.206391622038007, 38.173782643331428 ], [ 13.213179160165838, 38.174630035983661 ], [ 13.225652783846607, 38.179323185750221 ], [ 13.226445200135878, 38.179633968083955 ], [ 13.227986406792958, 38.180352271847561 ], [ 13.229822763290354, 38.18137851117465 ], [ 13.233078688792707, 38.183224665814947 ], [ 13.235485874158865, 38.184786917748305 ], [ 13.236680069221629, 38.185569738283569 ], [ 13.239162990446303, 38.187616213819346 ], [ 13.239364155285848, 38.18778907935981 ], [ 13.239810826601456, 38.188209753786168 ], [ 13.240859405231884, 38.189243603705869 ], [ 13.241702416148399, 38.1900972915777 ], [ 13.242254600965314, 38.19073408309216 ], [ 13.243207385684215, 38.191877386068931 ], [ 13.24377028467722, 38.192683113227183 ], [ 13.243895207937809, 38.193005059163603 ], [ 13.243963869623915, 38.193215602269099 ], [ 13.243953835433349, 38.193326031701432 ], [ 13.24391196549392, 38.19353491386191 ], [ 13.242909880962168, 38.197991449138172 ], [ 13.241779680274913, 38.2003425751912 ], [ 13.246682477837378, 38.200047917565215 ], [ 13.255603296503901, 38.199642923273259 ], [ 13.266522223156505, 38.201108643423744 ], [ 13.269564061119667, 38.200825943069802 ], [ 13.269727276806714, 38.200619991594969 ], [ 13.272278359579646, 38.198756354996682 ], [ 13.273690007914952, 38.19820415996012 ], [ 13.274006322340259, 38.198219222726081 ], [ 13.274333120600586, 38.198349038015657 ], [ 13.274762973822753, 38.198584550314024 ], [ 13.274944197860817, 38.198733065860807 ], [ 13.275511899773369, 38.199277912366306 ], [ 13.278774826929565, 38.203735309787255 ], [ 13.285612837347065, 38.209677290178021 ], [ 13.296262137624881, 38.217470927179029 ], [ 13.301205299542044, 38.220317809774365 ], [ 13.301941130171477, 38.220596986844896 ], [ 13.314735024005952, 38.224528006292218 ], [ 13.314839425491474, 38.22455568337147 ], [ 13.315158560774483, 38.224570952018041 ], [ 13.315835971218739, 38.224550499978818 ], [ 13.316688071604251, 38.224492195776563 ] ], [ [ 14.034414274760991, 37.713878778520076 ], [ 14.032902137618125, 37.712158213491719 ], [ 14.031410775842177, 37.709721034629339 ], [ 14.029340661428883, 37.704375362725592 ], [ 14.030132180376095, 37.704015452761624 ], [ 14.031075846564926, 37.703586350176593 ], [ 14.031539565567588, 37.703376198932432 ], [ 14.031678300603204, 37.703320714964391 ], [ 14.032104313817825, 37.703150340574538 ], [ 14.032938928893406, 37.702816548244023 ], [ 14.03345922660438, 37.702608458102347 ], [ 14.033601887371278, 37.702545343639827 ], [ 14.034119936305819, 37.702315777394418 ], [ 14.036633005077178, 37.701202094698004 ], [ 14.0415421430313, 37.697831200426194 ], [ 14.042825106261645, 37.694658058762009 ], [ 14.043024310617337, 37.692675618151952 ], [ 14.0415209614641, 37.68942508069749 ], [ 14.041344195042024, 37.689374018704385 ], [ 14.040846407752298, 37.689230226077079 ], [ 14.039861355417523, 37.689177502675797 ], [ 14.039664704281405, 37.689170308395411 ], [ 14.039340032521793, 37.689230653477189 ], [ 14.039300957232102, 37.689237916705082 ], [ 14.038082112945192, 37.689508493148473 ], [ 14.035984983168413, 37.690051796391145 ], [ 14.027684593835883, 37.690675509060512 ], [ 14.012140275542093, 37.689770391727677 ], [ 14.010644633511872, 37.689309753962675 ], [ 14.009040278796856, 37.687635541317974 ], [ 14.008238845529119, 37.685884504587314 ], [ 14.008193953270856, 37.685774914932196 ], [ 14.007745783339171, 37.684680832910637 ], [ 14.006881506370874, 37.673062693677764 ], [ 14.007558714003652, 37.670402132488441 ], [ 14.009647339030426, 37.66721880890897 ], [ 14.012649941088403, 37.663345008209781 ], [ 14.018011402789167, 37.657425540701645 ], [ 14.018196283028294, 37.657312097996552 ], [ 14.018238933005504, 37.65728717037927 ], [ 14.018307959837058, 37.657247275831871 ], [ 14.018747055421592, 37.656993497498519 ], [ 14.019168841592668, 37.656750391693919 ], [ 14.021404198536533, 37.656205075386119 ], [ 14.030613197049632, 37.655464720119873 ], [ 14.03136183334024, 37.655407942137998 ], [ 14.031399455302843, 37.655408923955619 ], [ 14.032473016928112, 37.655436950227248 ], [ 14.033537423710257, 37.655517481234959 ], [ 14.040822408715686, 37.661506479356987 ], [ 14.047780034319917, 37.667619330728591 ], [ 14.060461076530169, 37.674298907914249 ], [ 14.061185220823937, 37.674587410394096 ], [ 14.062599758628853, 37.674886711892263 ], [ 14.074821793720465, 37.676802493116661 ], [ 14.075846924726203, 37.676710598704339 ], [ 14.075935125547838, 37.676702691251649 ], [ 14.080980882302486, 37.675949083978871 ], [ 14.081306611923029, 37.675856215546652 ], [ 14.085693659406212, 37.676704380457792 ], [ 14.085834731355087, 37.676847971842392 ], [ 14.086202812868358, 37.677222627385341 ], [ 14.08781440947668, 37.679833948945308 ], [ 14.08778588386669, 37.680978735692207 ], [ 14.084851896868802, 37.684056770649711 ], [ 14.084590832857987, 37.684169717538637 ], [ 14.084239108103585, 37.684321885321197 ], [ 14.082663390729531, 37.684999519635291 ], [ 14.081625804831804, 37.685445544675026 ], [ 14.078249674419171, 37.687583566396455 ], [ 14.077819517108916, 37.687858761562339 ], [ 14.07757145856819, 37.690352426877716 ], [ 14.077780824786348, 37.690876900240632 ], [ 14.079626427728652, 37.69454300690208 ], [ 14.080434164157911, 37.694827772481702 ], [ 14.081946877859503, 37.694919993490878 ], [ 14.082640767802511, 37.694844975025546 ], [ 14.084314880059095, 37.69502923662489 ], [ 14.088743402064321, 37.696568777767226 ], [ 14.090656146911471, 37.697577767583788 ], [ 14.091077495776936, 37.698235568639163 ], [ 14.091305745572429, 37.698591902996057 ], [ 14.091372013700507, 37.701882354790747 ], [ 14.091374912903643, 37.703089158625659 ], [ 14.091376102214166, 37.703583985576621 ], [ 14.091235292075911, 37.7042676521963 ], [ 14.089211295178554, 37.707558538154437 ], [ 14.088431399032224, 37.708013236382776 ], [ 14.079819340437879, 37.712858478752459 ], [ 14.077382213909203, 37.713083049016184 ], [ 14.075398023860336, 37.712867148276061 ], [ 14.070480506864582, 37.712154016174765 ], [ 14.067176785675324, 37.714113535650846 ], [ 14.063363184506498, 37.721266979218264 ], [ 14.059940360185291, 37.721467881639931 ], [ 14.052980539522624, 37.722103056710566 ], [ 14.052589252893348, 37.722144517724281 ], [ 14.051333379618626, 37.722277881901483 ], [ 14.049983182901979, 37.722544734044128 ], [ 14.049305047134988, 37.722765472620672 ], [ 14.049093619316269, 37.722834293567566 ], [ 14.048741053262422, 37.722949074056721 ], [ 14.048653518329278, 37.722978472787901 ], [ 14.046621501149218, 37.723661536956513 ], [ 14.045653657615478, 37.724068472769666 ], [ 14.045494591541145, 37.72413535206266 ], [ 14.045428429914807, 37.72419390639196 ], [ 14.044468080887777, 37.725043822179124 ], [ 14.043843244923037, 37.725597397795269 ], [ 14.043806687837236, 37.725634064627954 ], [ 14.043695413836117, 37.725745672683672 ], [ 14.043544197782241, 37.725897343223231 ], [ 14.042668646210565, 37.725330505789543 ], [ 14.04222612660951, 37.725044008889952 ], [ 14.041213613628182, 37.724388469290751 ], [ 14.040763179103299, 37.724096833799265 ], [ 14.036220970265649, 37.720779720437164 ], [ 14.035893421915443, 37.720411058118906 ], [ 14.034492227451969, 37.71715724110998 ], [ 14.035204853896674, 37.715444199402143 ], [ 14.034414274760991, 37.713878778520076 ] ] ], [ [ [ 13.155533043608935, 38.715544772985986 ], [ 13.155384879674344, 38.715519004889593 ], [ 13.155378437848123, 38.715680052613742 ], [ 13.155462182472281, 38.71573802965672 ], [ 13.155918056168884, 38.716015535521002 ], [ 13.156299629392999, 38.716176078551726 ], [ 13.15635116508151, 38.716124543122262 ], [ 13.15628674587709, 38.715750913088876 ], [ 13.155908717558155, 38.715634257228473 ], [ 13.155533043608935, 38.715544772985986 ] ] ], [ [ [ 13.18066529716042, 38.720670345574668 ], [ 13.180728468534921, 38.720606124934562 ], [ 13.182657098605615, 38.719045275388062 ], [ 13.183188936578231, 38.718615722833412 ], [ 13.185260663560435, 38.717422450134123 ], [ 13.186484661437493, 38.716772892015982 ], [ 13.189960131769, 38.715783268233039 ], [ 13.194316519268988, 38.714629700248331 ], [ 13.194583016375587, 38.714665349250637 ], [ 13.19495929991983, 38.714680176277994 ], [ 13.195251737222288, 38.714673516396871 ], [ 13.195751718699464, 38.714616621353926 ], [ 13.197260156591323, 38.714002906862561 ], [ 13.198159087915073, 38.713460620383586 ], [ 13.198855399236651, 38.712782637466887 ], [ 13.200394289724626, 38.711096599215537 ], [ 13.200668858956073, 38.709786326299827 ], [ 13.200348788982733, 38.709306952942775 ], [ 13.199719318403631, 38.708633774917693 ], [ 13.190501038467367, 38.700647736247241 ], [ 13.1824103228958, 38.695476190999656 ], [ 13.173850830496926, 38.691789023096987 ], [ 13.169343407362126, 38.690947140709888 ], [ 13.160375189647311, 38.691635345435394 ], [ 13.15877020332856, 38.69179029525278 ], [ 13.15819786038222, 38.691916430754326 ], [ 13.156531682181916, 38.692439836891459 ], [ 13.155490301084706, 38.69286861612472 ], [ 13.153627994915706, 38.69369154844911 ], [ 13.152664475995596, 38.698965625058989 ], [ 13.15507871223511, 38.700988083452025 ], [ 13.159859659929394, 38.707580724493411 ], [ 13.16040107917237, 38.709918535592152 ], [ 13.163217605622572, 38.713440963969653 ], [ 13.16983089753179, 38.717135259299987 ], [ 13.172350070594316, 38.718252864691188 ], [ 13.172710490265713, 38.718382958929375 ], [ 13.178202344499621, 38.720240387016588 ], [ 13.18066529716042, 38.720670345574668 ] ] ] ] } },
{ "type": "Feature", "properties": { "provincia": "Messina", "sigla": "ME" }, "geometry": { "type": "MultiPolygon", "coordinates": [ [ [ [ 15.300782105142748, 37.850737298348427 ], [ 15.300914927669796, 37.85072129788108 ], [ 15.301250578645103, 37.850583147867866 ], [ 15.301498362059256, 37.850354373821176 ], [ 15.3015204615083, 37.850274315167809 ], [ 15.301577611125476, 37.850054479515457 ], [ 15.301562451632956, 37.849923050280253 ], [ 15.301376151977813, 37.849679908461169 ], [ 15.301247920492317, 37.849563501745479 ], [ 15.301165725541061, 37.849502570349884 ], [ 15.300975128624016, 37.849402519380767 ], [ 15.300604889594471, 37.849496263763641 ], [ 15.300268991296196, 37.849640193847193 ], [ 15.300086573083169, 37.8497547374471 ], [ 15.300004300180619, 37.849913481438563 ], [ 15.299878825103576, 37.850234768064688 ], [ 15.30004371960011, 37.850651837013608 ], [ 15.300782105142748, 37.850737298348427 ] ] ], [ [ [ 14.825912007657866, 38.165017893376906 ], [ 14.825726298005025, 38.164832184251885 ], [ 14.825331664043823, 38.164901825240982 ], [ 14.825145954829116, 38.165017893584334 ], [ 14.825099527623028, 38.165226817715485 ], [ 14.825331664949994, 38.165319672350499 ], [ 14.825587015630234, 38.165366100072511 ], [ 14.82579593953796, 38.1652732446125 ], [ 14.825912007657866, 38.165017893376906 ] ] ], [ [ [ 14.990059400733021, 38.160822206001804 ], [ 14.989948636596337, 38.160783112249561 ], [ 14.989635890336569, 38.160802659390242 ], [ 14.989564219067525, 38.16089387707148 ], [ 14.989564218963034, 38.160985094975132 ], [ 14.98977923220362, 38.161213139330201 ], [ 14.989876965881884, 38.161219654166551 ], [ 14.990000761248988, 38.161200108193107 ], [ 14.990105010528051, 38.160991610186649 ], [ 14.990131072112092, 38.160887361403283 ], [ 14.990059400733021, 38.160822206001804 ] ] ], [ [ [ 15.224414163745909, 38.267953804163163 ], [ 15.224440142092902, 38.267901847268995 ], [ 15.224388185415389, 38.267849890044381 ], [ 15.224050466106556, 38.267784943609136 ], [ 15.223673778009315, 38.267992771971812 ], [ 15.223647799263487, 38.268096685453202 ], [ 15.223790680794206, 38.268239566870385 ], [ 15.223946551684442, 38.268317501923249 ], [ 15.224128401183572, 38.268278534243422 ], [ 15.224245304595392, 38.268187609545727 ], [ 15.224362206701835, 38.268083695858088 ], [ 15.224414163745909, 38.267953804163163 ] ] ], [ [ [ 15.549732037529788, 38.300447532087858 ], [ 15.550923718993008, 38.29993154284589 ], [ 15.557301272263182, 38.296996407152939 ], [ 15.560981864570161, 38.29466566199995 ], [ 15.562377470777134, 38.293398398854414 ], [ 15.56250016566246, 38.293101210018285 ], [ 15.562898732671194, 38.292536074102557 ], [ 15.563681556179118, 38.291925765836112 ], [ 15.565644808923672, 38.290529877997464 ], [ 15.566514500274817, 38.289925090539306 ], [ 15.568031233175553, 38.288975149567264 ], [ 15.568868971494538, 38.288485188904588 ], [ 15.578198946453222, 38.283807246271792 ], [ 15.5892389113282, 38.280091159155141 ], [ 15.601683893392751, 38.277519798703722 ], [ 15.60867029420322, 38.27480339062123 ], [ 15.61832393235882, 38.273130998156461 ], [ 15.621236141518526, 38.272775492250837 ], [ 15.622901522036335, 38.272657272817327 ], [ 15.62608311123515, 38.272441127464944 ], [ 15.627651957713198, 38.272423549371439 ], [ 15.63122035809984, 38.272526057362967 ], [ 15.63186217468049, 38.272638135890418 ], [ 15.632604017954582, 38.272689689205627 ], [ 15.635104388309053, 38.272793929878858 ], [ 15.640878506088075, 38.272563011888373 ], [ 15.641246753887897, 38.272527789469585 ], [ 15.645123855346796, 38.271753367383432 ], [ 15.645740259991666, 38.271627270326391 ], [ 15.647308286477173, 38.271257691251151 ], [ 15.648190907055264, 38.271007936005851 ], [ 15.649057780518381, 38.270733772542016 ], [ 15.650362433234822, 38.270293043852661 ], [ 15.652187522748511, 38.269248396857805 ], [ 15.653297796066358, 38.267720957299694 ], [ 15.653132451063909, 38.267201832731175 ], [ 15.653013678831977, 38.266894328806245 ], [ 15.652152766025909, 38.26481490376726 ], [ 15.651957549781658, 38.264661743665599 ], [ 15.651710316132135, 38.264632967379441 ], [ 15.651320287528447, 38.264726600567535 ], [ 15.637525079547178, 38.262144542209171 ], [ 15.619559485561723, 38.258517654798496 ], [ 15.616231297729373, 38.257808145245022 ], [ 15.615375057910025, 38.257625016335993 ], [ 15.613812216888133, 38.257259123241589 ], [ 15.61144018849183, 38.256701596927833 ], [ 15.608995935779834, 38.255916913209283 ], [ 15.604778143478764, 38.254552081988791 ], [ 15.602050381055305, 38.253616270944455 ], [ 15.588821171670281, 38.248916616969666 ], [ 15.58833674338973, 38.248743149480291 ], [ 15.586860611741512, 38.248152494951903 ], [ 15.584921822470871, 38.247317872236032 ], [ 15.583623897692352, 38.246702834880431 ], [ 15.58323511070058, 38.246405744456268 ], [ 15.582179012945399, 38.245361473655187 ], [ 15.581608962685019, 38.244695894581042 ], [ 15.574739225880853, 38.235735569415155 ], [ 15.570641785407192, 38.230525569849426 ], [ 15.56753370777118, 38.224454609533922 ], [ 15.567127160956206, 38.219549062180903 ], [ 15.566076252436993, 38.215643341372022 ], [ 15.561730739499419, 38.208851126558194 ], [ 15.558187417248638, 38.197106340641398 ], [ 15.557587573542166, 38.190507156184125 ], [ 15.557594060435896, 38.190383996632107 ], [ 15.558636902909667, 38.188872179763926 ], [ 15.558950721360807, 38.188735535277502 ], [ 15.560162772622526, 38.188210764241965 ], [ 15.560925171889352, 38.188144455967226 ], [ 15.562178197234495, 38.188088125833652 ], [ 15.562660819556061, 38.188084941152297 ], [ 15.563077998335642, 38.188123186216252 ], [ 15.563154102343995, 38.188130817969508 ], [ 15.563842932402006, 38.188435470684709 ], [ 15.566930276101566, 38.190629590769262 ], [ 15.569265250133233, 38.194338080960584 ], [ 15.569567042723898, 38.195843708805526 ], [ 15.568999291822189, 38.196238704240102 ], [ 15.56844928707743, 38.196412465317628 ], [ 15.568133008413307, 38.19650166419477 ], [ 15.565737457723923, 38.196701718805194 ], [ 15.564568920359765, 38.196707825206701 ], [ 15.562896688851323, 38.196230303684885 ], [ 15.562689766224603, 38.196277634982671 ], [ 15.562458698113295, 38.196391796028493 ], [ 15.562412542098976, 38.196549146955839 ], [ 15.562491797657181, 38.19675897920154 ], [ 15.563934630868944, 38.197201769546503 ], [ 15.564985158760322, 38.197476101223216 ], [ 15.566429137156453, 38.197764035661891 ], [ 15.567714001201015, 38.197847467332643 ], [ 15.57076939875277, 38.197770992681129 ], [ 15.57208809172187, 38.197506386143843 ], [ 15.572712087260072, 38.19723321089144 ], [ 15.574838650135485, 38.193720836907467 ], [ 15.574612560329619, 38.193221659510442 ], [ 15.572421338814907, 38.189676389569598 ], [ 15.571578925232005, 38.189166618840289 ], [ 15.567545091321655, 38.186886219215296 ], [ 15.563087904142957, 38.183425818543988 ], [ 15.555571748512222, 38.174395637028873 ], [ 15.534353095390445, 38.148066540233565 ], [ 15.532856283849794, 38.146090653214266 ], [ 15.531083319534183, 38.143293979636667 ], [ 15.522899922453355, 38.129826133154829 ], [ 15.520761194142434, 38.12469112204149 ], [ 15.517128249983616, 38.117738080988296 ], [ 15.507503238530544, 38.102038552307157 ], [ 15.506980323214506, 38.101039061266398 ], [ 15.504838588060666, 38.095935274858903 ], [ 15.499985633926032, 38.085704945699575 ], [ 15.493774288492126, 38.074860010978156 ], [ 15.493602124345779, 38.074614471449657 ], [ 15.492204308262451, 38.072902358914185 ], [ 15.489063942407149, 38.069358226544793 ], [ 15.488899782034816, 38.069194749432462 ], [ 15.485525612995994, 38.066717024173172 ], [ 15.484051760858581, 38.065767458195992 ], [ 15.482971845887432, 38.064980415434412 ], [ 15.482288631715212, 38.064326593317205 ], [ 15.481370045770479, 38.06326918183229 ], [ 15.481010721997556, 38.062725406913231 ], [ 15.480426644643737, 38.061813190576324 ], [ 15.478737411790878, 38.058995221398533 ], [ 15.478401538198245, 38.05840251006709 ], [ 15.477885462638598, 38.056841240907069 ], [ 15.477577161491185, 38.055623066870218 ], [ 15.477486798748783, 38.055098142810216 ], [ 15.477277795941703, 38.054646472097858 ], [ 15.475057476276913, 38.052476748391051 ], [ 15.474995262157, 38.052425125060566 ], [ 15.474542898429762, 38.052050197095049 ], [ 15.474382168178954, 38.051926932690037 ], [ 15.472982174033138, 38.050853254536129 ], [ 15.468328960236031, 38.047550980105591 ], [ 15.46377531340422, 38.044668018518877 ], [ 15.461319429696454, 38.042858176244607 ], [ 15.457844971583915, 38.040161596767319 ], [ 15.457311597248527, 38.039731062683707 ], [ 15.449778211030569, 38.032717386617868 ], [ 15.448081066553515, 38.031114452912149 ], [ 15.44539492318019, 38.028498680318911 ], [ 15.442460250554836, 38.025417535058217 ], [ 15.442238997453787, 38.025184835716374 ], [ 15.441742515162714, 38.024604180989265 ], [ 15.441608942396956, 38.024329901041597 ], [ 15.441419016019077, 38.02392395827863 ], [ 15.441086423848335, 38.022881051109138 ], [ 15.44102850011525, 38.022485593800454 ], [ 15.441029065762446, 38.021419474464082 ], [ 15.441084996627076, 38.02032564736475 ], [ 15.430837797221077, 38.009228196944591 ], [ 15.407023822520166, 37.986161453704064 ], [ 15.405854157437719, 37.984968167321853 ], [ 15.405425239066307, 37.984524488417158 ], [ 15.404820779770809, 37.983881848545941 ], [ 15.389002276585915, 37.966697917276669 ], [ 15.376946963236181, 37.953107639563491 ], [ 15.370567439310344, 37.946047744711528 ], [ 15.359932771493822, 37.934817816492455 ], [ 15.349353093989512, 37.923404900250567 ], [ 15.348872771583576, 37.922793160591254 ], [ 15.348209588695381, 37.921803611939865 ], [ 15.347960872955797, 37.921425999662446 ], [ 15.346914823305177, 37.919524340899528 ], [ 15.345884655925563, 37.917492148973508 ], [ 15.345518489289802, 37.916632178099867 ], [ 15.345268586747462, 37.915993643157755 ], [ 15.345179102334148, 37.915425804266455 ], [ 15.345240886610814, 37.915178933897401 ], [ 15.341167006500077, 37.908945729097667 ], [ 15.329747875978846, 37.899163763122772 ], [ 15.318808638952031, 37.888575868245312 ], [ 15.316548316870943, 37.886950589458245 ], [ 15.310792313269488, 37.882365259100453 ], [ 15.30957980129403, 37.881341296621088 ], [ 15.306290590065135, 37.878225239649197 ], [ 15.30620315888765, 37.87813915081594 ], [ 15.305962587853886, 37.87787219281239 ], [ 15.305229686287612, 37.87698503712685 ], [ 15.304890351319605, 37.876519816199291 ], [ 15.304266286492419, 37.875648549850268 ], [ 15.298239761513097, 37.86634819066262 ], [ 15.297665459908266, 37.865444305633339 ], [ 15.297350516189335, 37.864802329367294 ], [ 15.29724762879834, 37.864592153573497 ], [ 15.297030672608747, 37.863929055028805 ], [ 15.296927240463758, 37.863581301112234 ], [ 15.296595874349494, 37.862376237772182 ], [ 15.296595540110804, 37.862295305319648 ], [ 15.296606889303277, 37.861279190909485 ], [ 15.296700048987164, 37.860360754770028 ], [ 15.296739449192799, 37.860012648963753 ], [ 15.29678970701203, 37.859818284109004 ], [ 15.296840134961199, 37.859672476917275 ], [ 15.296921074367962, 37.859502304504772 ], [ 15.29706622924744, 37.859354783052986 ], [ 15.297145197380006, 37.859290239474909 ], [ 15.297432879044093, 37.859072818916651 ], [ 15.29807243601894, 37.858649151974987 ], [ 15.298508957171988, 37.858432833331818 ], [ 15.299141093185051, 37.858192351003765 ], [ 15.299347838565904, 37.858130242917966 ], [ 15.300317368525695, 37.857906228284946 ], [ 15.301888970520505, 37.85281386574502 ], [ 15.297051597308712, 37.85007086000882 ], [ 15.292389656114576, 37.847298525502474 ], [ 15.289176467393848, 37.847980823160796 ], [ 15.288102055907807, 37.848003763193731 ], [ 15.287138150600864, 37.847938455474562 ], [ 15.286156318616563, 37.8476431926765 ], [ 15.285895717023964, 37.84745040355385 ], [ 15.285463588102209, 37.847130715816952 ], [ 15.284924453830074, 37.846644931135017 ], [ 15.273409154803144, 37.836117336610855 ], [ 15.273086229366418, 37.835805145489843 ], [ 15.270647292079385, 37.833051842129464 ], [ 15.270240738926395, 37.832566876171377 ], [ 15.270011220273583, 37.832246217743403 ], [ 15.269898345089237, 37.832073044372997 ], [ 15.269144056119416, 37.830683449298114 ], [ 15.26901976915725, 37.830222984058764 ], [ 15.268983839513337, 37.829914647037675 ], [ 15.268942888708764, 37.828220732320545 ], [ 15.269037166222093, 37.827727256414768 ], [ 15.269198667967743, 37.827358806706513 ], [ 15.269502423235551, 37.826941615420111 ], [ 15.269745629355102, 37.82665693705615 ], [ 15.269959856246507, 37.826447732289253 ], [ 15.270289133972891, 37.826126192847312 ], [ 15.270765809154906, 37.82572189186547 ], [ 15.271709264275525, 37.825002929443954 ], [ 15.271865973917734, 37.824915180501833 ], [ 15.272805545160963, 37.824415972519944 ], [ 15.273154206721603, 37.824280103989224 ], [ 15.273494106875699, 37.824290131238016 ], [ 15.27368975142871, 37.824321888383302 ], [ 15.273916958652576, 37.82442894846708 ], [ 15.274876796536693, 37.824973391268323 ], [ 15.275465445858877, 37.824677437344043 ], [ 15.27604142178579, 37.823045618166951 ], [ 15.275356069818798, 37.821532976854286 ], [ 15.274057473113333, 37.820330448095348 ], [ 15.27067034366015, 37.818138342462653 ], [ 15.270006469588616, 37.817732361390881 ], [ 15.269380710709642, 37.817342830444211 ], [ 15.26744803308903, 37.816074521211853 ], [ 15.263942925364896, 37.813394744429949 ], [ 15.26264881853024, 37.812292275157141 ], [ 15.261686288919719, 37.811276867863086 ], [ 15.260535461963725, 37.809880981473732 ], [ 15.258489636078238, 37.80698980031935 ], [ 15.25276239564295, 37.808942902837742 ], [ 15.246185139783181, 37.812458204611318 ], [ 15.244464491063958, 37.819299660794428 ], [ 15.232267985464887, 37.830229056455678 ], [ 15.229885341636582, 37.835053546757763 ], [ 15.229378644828707, 37.837082941268598 ], [ 15.228782122788427, 37.838632520055342 ], [ 15.227969957716702, 37.840627196117993 ], [ 15.227282331826901, 37.841892202333213 ], [ 15.220497333159395, 37.850658134673061 ], [ 15.209865225373738, 37.857139020995319 ], [ 15.200457198962553, 37.863239276546722 ], [ 15.195862016524208, 37.867076368295095 ], [ 15.185775289622104, 37.875320243778262 ], [ 15.185561008865976, 37.875221983676909 ], [ 15.183277352118473, 37.874518953874706 ], [ 15.183002658825203, 37.874434385377391 ], [ 15.181988898271516, 37.874340847117409 ], [ 15.181761115068825, 37.874319828957518 ], [ 15.177224951068366, 37.87463087023287 ], [ 15.176385346167192, 37.87483259682098 ], [ 15.17609740226057, 37.875000995877741 ], [ 15.17540942917593, 37.875403340294554 ], [ 15.175167667531582, 37.875544727591361 ], [ 15.175027087723247, 37.875631783394375 ], [ 15.174191530134795, 37.876158622753181 ], [ 15.17372959127094, 37.876593983862293 ], [ 15.173670618252114, 37.876649564108568 ], [ 15.173763337682608, 37.877042214897457 ], [ 15.17378502320661, 37.877134042700497 ], [ 15.173882818644051, 37.877485932409833 ], [ 15.173935401542352, 37.877675131319478 ], [ 15.169307282429131, 37.882747286081404 ], [ 15.163136993710912, 37.888005949926729 ], [ 15.153605659438057, 37.895042905563344 ], [ 15.153473623928978, 37.895099819545884 ], [ 15.152616093622816, 37.895468533494068 ], [ 15.149968180790246, 37.895823444864583 ], [ 15.149738986329522, 37.895798416641249 ], [ 15.149444958066498, 37.895766307250476 ], [ 15.148456403869652, 37.895658345159049 ], [ 15.145438674521523, 37.895248190830515 ], [ 15.144836181952899, 37.895147906089619 ], [ 15.143847263935017, 37.894983288695485 ], [ 15.142766712704038, 37.894589888102928 ], [ 15.140849083805282, 37.893620822554702 ], [ 15.130627961704926, 37.893964284719068 ], [ 15.127655158703456, 37.897554143032337 ], [ 15.114370832474277, 37.905200403012515 ], [ 15.111710519554199, 37.906131143006249 ], [ 15.110856533746668, 37.906166659988614 ], [ 15.110521513537551, 37.90610760492379 ], [ 15.110186818053084, 37.906044053316705 ], [ 15.103301637500904, 37.904627956482855 ], [ 15.10207817045851, 37.904354307675717 ], [ 15.100627012554547, 37.904012726075827 ], [ 15.099785831535524, 37.903799976072143 ], [ 15.097124041352734, 37.90269185464917 ], [ 15.08537268652216, 37.902278175558003 ], [ 15.080698213166306, 37.902271255619404 ], [ 15.075513105993629, 37.902963030203999 ], [ 15.07399929520107, 37.903610569972287 ], [ 15.05617099064694, 37.897448574516439 ], [ 15.049174491062629, 37.894819152718966 ], [ 15.047263015406108, 37.894432586263648 ], [ 15.046681009628733, 37.894317926445488 ], [ 15.046068122117068, 37.894197179933016 ], [ 15.042563495184238, 37.893738762944565 ], [ 15.034182962355334, 37.894694045454884 ], [ 15.02662979702823, 37.897078887039683 ], [ 15.02095712424911, 37.898279338893381 ], [ 15.020837930515157, 37.898304170182236 ], [ 15.019351640178336, 37.898613781100529 ], [ 15.018384368179698, 37.89873092996622 ], [ 15.017123608345287, 37.898870891925348 ], [ 15.016951955156898, 37.898889946492844 ], [ 15.012417304684224, 37.899165491441082 ], [ 15.009011400075762, 37.899342087049931 ], [ 15.002279875208963, 37.897832793898033 ], [ 15.001951192836861, 37.897732041118907 ], [ 15.000591430263876, 37.897310530643672 ], [ 15.000519111142358, 37.897287634066004 ], [ 15.000071635029315, 37.897117212903204 ], [ 14.999560946923291, 37.896922004713012 ], [ 14.998589864535564, 37.896340458490016 ], [ 14.998411623250895, 37.896233713344238 ], [ 14.998186756213686, 37.896033032775151 ], [ 14.997581749375858, 37.895493090123658 ], [ 14.997545707374549, 37.895455242780933 ], [ 14.997025951490388, 37.894909455753037 ], [ 14.996266501654373, 37.894343890537357 ], [ 14.996013714169681, 37.894160169379674 ], [ 14.995979823548787, 37.894144976673374 ], [ 14.995523502378729, 37.893940415730547 ], [ 14.995390405779141, 37.893880750418262 ], [ 14.994804450148983, 37.893618232465784 ], [ 14.994579795668905, 37.893538612288701 ], [ 14.993407831512878, 37.893123244833696 ], [ 14.988347815768316, 37.892040582922839 ], [ 14.987541363623729, 37.891870097384029 ], [ 14.986958850684234, 37.89174695507154 ], [ 14.98669268326962, 37.891698735487026 ], [ 14.985118079834246, 37.89143134930741 ], [ 14.984162112759973, 37.891547634860331 ], [ 14.983251001015935, 37.891796652645084 ], [ 14.982375339027701, 37.892097847731144 ], [ 14.981559285251587, 37.892420772577914 ], [ 14.980873933191095, 37.892691971606489 ], [ 14.980274513356518, 37.892935242178027 ], [ 14.9799894986462, 37.893050915966448 ], [ 14.979897385468085, 37.893088300496188 ], [ 14.979646515568909, 37.89328560971223 ], [ 14.979271096189148, 37.893907829887858 ], [ 14.979031610416675, 37.894455600162395 ], [ 14.978981162207438, 37.895037841793901 ], [ 14.978974778388237, 37.895111657703993 ], [ 14.97897427220377, 37.895393021486441 ], [ 14.97897414521397, 37.895601653154941 ], [ 14.978988676794511, 37.895684616252751 ], [ 14.979201632863395, 37.896899693202258 ], [ 14.979452724458344, 37.898313528625479 ], [ 14.979748193947126, 37.900098645534975 ], [ 14.979592856631523, 37.902843806454392 ], [ 14.979405620294061, 37.904517578559705 ], [ 14.979253879639572, 37.905866456266651 ], [ 14.97891639794898, 37.906855806912851 ], [ 14.978857040884497, 37.907029813483518 ], [ 14.978787988351916, 37.907049859822408 ], [ 14.978692333359531, 37.90707762877512 ], [ 14.977992029253398, 37.907280926365125 ], [ 14.972430008695564, 37.908002689826255 ], [ 14.960292244877726, 37.910162061484243 ], [ 14.955662423833813, 37.912053450885132 ], [ 14.953415028750738, 37.917874255634203 ], [ 14.952333694360126, 37.924337889336499 ], [ 14.949960016053163, 37.928917513357426 ], [ 14.946451281072671, 37.933916459257915 ], [ 14.942738434129295, 37.939302846855732 ], [ 14.941427878058501, 37.942573655841883 ], [ 14.939393063180205, 37.951638535029055 ], [ 14.931546986312169, 37.957553334883535 ], [ 14.930109346239808, 37.960628098833517 ], [ 14.929532163272496, 37.960810320012179 ], [ 14.929243544690516, 37.960896924026805 ], [ 14.928128610842847, 37.960737281954678 ], [ 14.927833130757698, 37.960620343061656 ], [ 14.92689843690777, 37.960250420606172 ], [ 14.91824705084173, 37.956195943305779 ], [ 14.90626986609551, 37.95190782837107 ], [ 14.900978292010874, 37.950315545350314 ], [ 14.895849597382281, 37.948669805543929 ], [ 14.893095930562918, 37.946746967577504 ], [ 14.883788446161802, 37.93892422723885 ], [ 14.877789567570785, 37.933224526106635 ], [ 14.862490330203268, 37.928670616000161 ], [ 14.854920924813358, 37.930983909045558 ], [ 14.848262824752398, 37.942140618640607 ], [ 14.850207255363991, 37.949730852361064 ], [ 14.850850762821768, 37.950621386579577 ], [ 14.851927193237207, 37.953272587919088 ], [ 14.8517660589677, 37.954140270011337 ], [ 14.851333232338115, 37.955129524872959 ], [ 14.850636496368171, 37.955695389798144 ], [ 14.849144559117168, 37.956768992057086 ], [ 14.84672913320067, 37.957596090772114 ], [ 14.84143434749031, 37.95892220708965 ], [ 14.840544729307368, 37.959029541083851 ], [ 14.83909224941608, 37.954985113064019 ], [ 14.839739814841014, 37.952658794222884 ], [ 14.839317004049319, 37.951329630317183 ], [ 14.834555982030404, 37.943015030629809 ], [ 14.831520289779382, 37.938504265052039 ], [ 14.829134229599688, 37.935387833480313 ], [ 14.828524473445796, 37.935096633532815 ], [ 14.827335804167982, 37.934923629277748 ], [ 14.826918351455225, 37.934926363029774 ], [ 14.823101720492811, 37.936245643852921 ], [ 14.808880553200115, 37.944089269161196 ], [ 14.807975929271503, 37.946019920732162 ], [ 14.805699809619686, 37.95019687550144 ], [ 14.805162664131879, 37.950880598621644 ], [ 14.804920853899883, 37.951104004875098 ], [ 14.804617029262962, 37.951384700650777 ], [ 14.802458417828554, 37.952949802026964 ], [ 14.801356083697828, 37.953242904297703 ], [ 14.789489292034547, 37.951732436246807 ], [ 14.781759376603235, 37.94755863711741 ], [ 14.780628799367731, 37.945215420417476 ], [ 14.780333874401656, 37.944644853067068 ], [ 14.779926806575089, 37.943985293757592 ], [ 14.779382116176405, 37.943310005853903 ], [ 14.779020642066031, 37.942868721556401 ], [ 14.778680333849129, 37.942624445827228 ], [ 14.777667727193563, 37.942395283924071 ], [ 14.774061242369694, 37.941956312106072 ], [ 14.771010194426184, 37.941777949890302 ], [ 14.769997787355832, 37.941958294936342 ], [ 14.769337527318584, 37.941981785440561 ], [ 14.768381889988248, 37.941790242298509 ], [ 14.765107099811512, 37.940542511971366 ], [ 14.764768989655304, 37.940226075407693 ], [ 14.762733429696121, 37.935807233631778 ], [ 14.762984905554861, 37.932243670593905 ], [ 14.762841096518553, 37.927659817254991 ], [ 14.761499771993783, 37.923256343310989 ], [ 14.761366718806148, 37.922996780859101 ], [ 14.7611711790158, 37.922615347265761 ], [ 14.760277942313625, 37.920966882320108 ], [ 14.759600766880359, 37.920045945101563 ], [ 14.757171990986993, 37.917487164959532 ], [ 14.756891675978904, 37.917226361131931 ], [ 14.756491934149473, 37.916764385565109 ], [ 14.756493857205836, 37.916008131960062 ], [ 14.75685926698511, 37.91547709297442 ], [ 14.757870257287586, 37.914101343875387 ], [ 14.761181727940421, 37.912514829354294 ], [ 14.763267145384456, 37.911903776231121 ], [ 14.764334259433623, 37.911711476235212 ], [ 14.764984175308451, 37.911594352881131 ], [ 14.766852408983878, 37.911294225058548 ], [ 14.768694993517618, 37.911137346442693 ], [ 14.769577428876076, 37.911062960354158 ], [ 14.770120083797233, 37.910963512520276 ], [ 14.770787567904664, 37.910827379523901 ], [ 14.772544096434201, 37.910109306451837 ], [ 14.773982062999879, 37.909464382294651 ], [ 14.776611816048604, 37.907250549682253 ], [ 14.777039110115714, 37.906875777876948 ], [ 14.777605041200777, 37.906098910164033 ], [ 14.777857354693959, 37.905703907930445 ], [ 14.778108320689864, 37.905182963645508 ], [ 14.778247729624647, 37.904883805649227 ], [ 14.778406713056841, 37.904542636906477 ], [ 14.778487318208924, 37.904095011219496 ], [ 14.778340975814771, 37.903605202541769 ], [ 14.778260505129898, 37.903384646547728 ], [ 14.777348220005431, 37.903135283921429 ], [ 14.771989114429179, 37.893786451324878 ], [ 14.772059760504172, 37.893256381934286 ], [ 14.771940672388228, 37.891065806649948 ], [ 14.771840861715649, 37.890607118405605 ], [ 14.771354585066101, 37.890090966723463 ], [ 14.769320950387794, 37.889142285734714 ], [ 14.768349008103824, 37.888825614898352 ], [ 14.768012568999342, 37.888715996652472 ], [ 14.767809261508235, 37.8886752757534 ], [ 14.766916103735859, 37.888496381079008 ], [ 14.766228784369664, 37.888673161365112 ], [ 14.765352413782812, 37.888986295486362 ], [ 14.764497463159945, 37.889518897914073 ], [ 14.763663249280251, 37.890797637013613 ], [ 14.763262198658472, 37.891478976919281 ], [ 14.763079445483273, 37.89192003159787 ], [ 14.763212704874892, 37.892561607540095 ], [ 14.763460884800882, 37.893193041105164 ], [ 14.763503030647342, 37.893322473145282 ], [ 14.763675813515798, 37.893853114977261 ], [ 14.763797079688164, 37.895021894376015 ], [ 14.76378323063134, 37.895661702241917 ], [ 14.763633928696716, 37.896348667975616 ], [ 14.763382207591102, 37.896806625445898 ], [ 14.762822379954786, 37.89743725066932 ], [ 14.762320961183208, 37.897952473224471 ], [ 14.760905681981361, 37.899111201530644 ], [ 14.759996359808474, 37.899830987421424 ], [ 14.759617551167876, 37.899944107081247 ], [ 14.75428466602621, 37.899935777162057 ], [ 14.741890384700449, 37.90165483500666 ], [ 14.738817757719788, 37.902489326684154 ], [ 14.738520034096418, 37.90228260524735 ], [ 14.738448298776614, 37.902228478501428 ], [ 14.738248266466005, 37.901948749976285 ], [ 14.738103021244841, 37.901745634859722 ], [ 14.738013308260646, 37.901268423473674 ], [ 14.73811850733787, 37.900358577021926 ], [ 14.739588161634527, 37.890114577666068 ], [ 14.738532720646367, 37.88371712213867 ], [ 14.740284455220587, 37.876541692691966 ], [ 14.739215624627734, 37.868552382585342 ], [ 14.738674624356577, 37.8654131956933 ], [ 14.738147214115564, 37.863201932272446 ], [ 14.736765412836993, 37.855878939030063 ], [ 14.738120788252326, 37.848516652297356 ], [ 14.738404577106859, 37.847903827504489 ], [ 14.738430020700735, 37.847848885089583 ], [ 14.738681680393773, 37.847463014101272 ], [ 14.739148076864625, 37.84720164896278 ], [ 14.740206296841915, 37.847041880026886 ], [ 14.740979240131661, 37.846981562917264 ], [ 14.741514265626062, 37.846982398512004 ], [ 14.741646829783747, 37.847053931383968 ], [ 14.741757068333142, 37.847113417989341 ], [ 14.741966691648127, 37.847226534107072 ], [ 14.742217844750183, 37.847362066293883 ], [ 14.74254384576944, 37.847858799134741 ], [ 14.742681493150661, 37.848068534360749 ], [ 14.743447670555351, 37.849844904236399 ], [ 14.743548585843333, 37.850366584470926 ], [ 14.746473948780501, 37.855628907980474 ], [ 14.754501423218228, 37.865317669471153 ], [ 14.754900018775146, 37.865691928230213 ], [ 14.755125544514243, 37.865903680372611 ], [ 14.755538004018943, 37.86626719539283 ], [ 14.755623102235667, 37.866342194754253 ], [ 14.755756399249874, 37.866459671846727 ], [ 14.755793141794774, 37.866492053337815 ], [ 14.757176486158325, 37.867630435821518 ], [ 14.758026980395954, 37.868106304342703 ], [ 14.758110101685618, 37.868148856095239 ], [ 14.758619378539331, 37.868409563621327 ], [ 14.759065309189879, 37.868447969358286 ], [ 14.759213618142226, 37.868459389020188 ], [ 14.75962834277771, 37.868491316130687 ], [ 14.759776465256554, 37.868490998594126 ], [ 14.759989816930421, 37.868490539591562 ], [ 14.760299598181374, 37.868489869943296 ], [ 14.760652467838241, 37.868382525764552 ], [ 14.774525138037319, 37.863813903070373 ], [ 14.776461483342258, 37.863113468050905 ], [ 14.776523518788618, 37.86308437386068 ], [ 14.777810236984486, 37.862480883106095 ], [ 14.777930424047893, 37.86242451208085 ], [ 14.781081340794087, 37.860147635105363 ], [ 14.781988845284829, 37.859481604958638 ], [ 14.782524516573805, 37.859073155900312 ], [ 14.783057700919112, 37.858633058975649 ], [ 14.784128238786332, 37.85774849948799 ], [ 14.785719385313293, 37.856379645556906 ], [ 14.786803186963265, 37.855364781588001 ], [ 14.78795937956718, 37.854116823139918 ], [ 14.788449049374623, 37.853512063637595 ], [ 14.788857122816189, 37.852900888943381 ], [ 14.788897780026419, 37.852812196559363 ], [ 14.789013579028859, 37.852555254547283 ], [ 14.789060467705271, 37.85245121370523 ], [ 14.789425447147744, 37.85163476836194 ], [ 14.789443143560339, 37.851595181545044 ], [ 14.790412526226394, 37.848893419538243 ], [ 14.792528401515721, 37.842378258122224 ], [ 14.792616358022487, 37.839585554775446 ], [ 14.794613608958597, 37.833911411875171 ], [ 14.799696439191701, 37.823218354655772 ], [ 14.802448577461409, 37.816454453627202 ], [ 14.802661809217984, 37.813842079830714 ], [ 14.802769308226132, 37.811860903849912 ], [ 14.802805107381355, 37.810908388266419 ], [ 14.802699785221707, 37.810471797534717 ], [ 14.802681375060434, 37.810397982678289 ], [ 14.800936415844081, 37.804655665454945 ], [ 14.797259002028657, 37.803298037191695 ], [ 14.793142223621672, 37.806301879531034 ], [ 14.787212936222952, 37.808731096970014 ], [ 14.784212922816998, 37.809701584798859 ], [ 14.775014939649783, 37.811820760494314 ], [ 14.770773749275676, 37.817697782585576 ], [ 14.768250074529711, 37.820610499772314 ], [ 14.763875170566791, 37.822086504126993 ], [ 14.760348144259551, 37.822335289921931 ], [ 14.756247345096543, 37.822009835784698 ], [ 14.750319433835744, 37.821008617499857 ], [ 14.747942904362388, 37.819163602305402 ], [ 14.747736525775418, 37.818677607405917 ], [ 14.747125616420448, 37.818099892937852 ], [ 14.746523820285624, 37.817602753270357 ], [ 14.745832820902566, 37.81737043308916 ], [ 14.745764239452189, 37.81734737629386 ], [ 14.745560939198301, 37.817288516558449 ], [ 14.744833357819189, 37.817077865855545 ], [ 14.743981932880004, 37.817173526310043 ], [ 14.743515809393383, 37.817388648916925 ], [ 14.743480093259855, 37.81740513243637 ], [ 14.743418715966968, 37.817437850574727 ], [ 14.743291200777591, 37.817505825051185 ], [ 14.743115155787162, 37.817599674839883 ], [ 14.742922351275269, 37.817702461273704 ], [ 14.742716270447319, 37.817834777727697 ], [ 14.742430021915599, 37.818018566147693 ], [ 14.742251759984988, 37.818133021435486 ], [ 14.742199412880254, 37.818156888567422 ], [ 14.741625520869578, 37.818418541861583 ], [ 14.741101448152948, 37.818601706882767 ], [ 14.740412303879141, 37.818701404333702 ], [ 14.740310629456008, 37.818713956491635 ], [ 14.740193961012407, 37.818716487999154 ], [ 14.73928380793549, 37.818731088347334 ], [ 14.737306828039118, 37.818553159821207 ], [ 14.723121566133129, 37.8170536065264 ], [ 14.715435295042351, 37.815411620819773 ], [ 14.706516602617276, 37.812559738141367 ], [ 14.699931897110913, 37.808530024193146 ], [ 14.68940635768152, 37.799944307023608 ], [ 14.684931199903025, 37.796615480856659 ], [ 14.684668542182592, 37.796452812136543 ], [ 14.684432391661684, 37.796306559651697 ], [ 14.683831571357736, 37.795971066377291 ], [ 14.682345945740138, 37.795525331648989 ], [ 14.682029701408718, 37.795479003728182 ], [ 14.68167912030659, 37.795427644996032 ], [ 14.681114487804312, 37.79538521784837 ], [ 14.680543991397032, 37.795342562982405 ], [ 14.680506643070283, 37.795339770479693 ], [ 14.679981489826723, 37.795403965359334 ], [ 14.679836522167607, 37.795421686308472 ], [ 14.678973176630043, 37.79553547460155 ], [ 14.666134352144631, 37.799569977265506 ], [ 14.659027072835817, 37.803024988300159 ], [ 14.655750362618528, 37.804244448282681 ], [ 14.65216353906537, 37.805408527768769 ], [ 14.645016676607181, 37.806948544134364 ], [ 14.640050296917543, 37.807319227258205 ], [ 14.632468588202851, 37.807610300858848 ], [ 14.626664209803069, 37.807424959203622 ], [ 14.626441666374577, 37.80741271356208 ], [ 14.625871954335599, 37.807381362703488 ], [ 14.625805565376767, 37.807377708847227 ], [ 14.625638691445538, 37.807341067256729 ], [ 14.624825589787667, 37.807148464645707 ], [ 14.624280350361055, 37.806954023072876 ], [ 14.623374341481412, 37.806538304028493 ], [ 14.622950966057539, 37.806272394323663 ], [ 14.622800152274593, 37.806176698930066 ], [ 14.604426850818172, 37.808876221055748 ], [ 14.600774138318741, 37.809427929836033 ], [ 14.599785281376047, 37.809686655466891 ], [ 14.598831553577874, 37.809961215870089 ], [ 14.597171075868641, 37.810535147514969 ], [ 14.597139333242254, 37.810549218134604 ], [ 14.596759869172857, 37.810721563620319 ], [ 14.596359837848619, 37.810903249664186 ], [ 14.596287163226823, 37.810936924737433 ], [ 14.596080002952768, 37.811032930723982 ], [ 14.595710299887672, 37.811204264007301 ], [ 14.595072164006714, 37.81159026608303 ], [ 14.593179433295598, 37.812801243123367 ], [ 14.592680342617431, 37.813236488184785 ], [ 14.583244066765733, 37.821898465249042 ], [ 14.571420758619578, 37.832867008322523 ], [ 14.564763323468956, 37.834967938417684 ], [ 14.558060030324551, 37.836088536477448 ], [ 14.554202302374561, 37.836950799242395 ], [ 14.552722217081136, 37.839307466761149 ], [ 14.55602300414656, 37.848351936882032 ], [ 14.557553920687562, 37.851164786624757 ], [ 14.562033354439031, 37.854108004119816 ], [ 14.565628393051185, 37.855247469374412 ], [ 14.569088255619418, 37.856568793094553 ], [ 14.572925368061545, 37.858664307946043 ], [ 14.573086209804048, 37.858877234302518 ], [ 14.573228541528149, 37.859352109378079 ], [ 14.573297114203607, 37.859677439181262 ], [ 14.573352075125218, 37.860057436981656 ], [ 14.573382730648785, 37.860675358267287 ], [ 14.573319245715794, 37.861557917665699 ], [ 14.572209837996578, 37.874756818809423 ], [ 14.568578834905569, 37.878801584294187 ], [ 14.556932458299823, 37.878232817458034 ], [ 14.556594008752208, 37.878200866528587 ], [ 14.5560115939779, 37.878145881891506 ], [ 14.554614786662611, 37.877752877958997 ], [ 14.551059493874005, 37.876230133455863 ], [ 14.55091490389168, 37.876163226119587 ], [ 14.55014671414907, 37.875807656808938 ], [ 14.549207107455945, 37.875253909359159 ], [ 14.54615006112363, 37.873152270150584 ], [ 14.545662792902533, 37.872770172048334 ], [ 14.545259409513779, 37.872292400902694 ], [ 14.545143832380075, 37.872155506725761 ], [ 14.542291713949099, 37.86824355631142 ], [ 14.541773452470022, 37.8674577800968 ], [ 14.540524498717247, 37.864970264604018 ], [ 14.533801845952469, 37.860510236605592 ], [ 14.527029306096699, 37.861828645422548 ], [ 14.516924729335138, 37.858454707655838 ], [ 14.507108674796328, 37.852011176618852 ], [ 14.501851595884666, 37.844842110305329 ], [ 14.4985536368187, 37.838409454526513 ], [ 14.496501536601217, 37.834117059832863 ], [ 14.493481355778494, 37.826753107964436 ], [ 14.492821365363953, 37.824870194432734 ], [ 14.491394601474752, 37.823015516810109 ], [ 14.490932742009344, 37.822460934787586 ], [ 14.486479089670247, 37.817358355582741 ], [ 14.482848804209851, 37.813394689614171 ], [ 14.482448308410875, 37.81303312478407 ], [ 14.48222775005685, 37.812834005251169 ], [ 14.479701679872036, 37.811795020398989 ], [ 14.478794105042972, 37.811540276014469 ], [ 14.4768325279073, 37.810997070227344 ], [ 14.47678354413619, 37.81099208202162 ], [ 14.474710093866372, 37.810780947343048 ], [ 14.473539204694807, 37.810849023981909 ], [ 14.45885751680053, 37.814530375728111 ], [ 14.458393685579217, 37.814704733101856 ], [ 14.458242627970229, 37.814761516314178 ], [ 14.458172247264249, 37.814793180203409 ], [ 14.45771817300597, 37.814997467559273 ], [ 14.453999754843087, 37.81694379535702 ], [ 14.45393910671504, 37.817163880982015 ], [ 14.453918082328599, 37.817240182066804 ], [ 14.453919593891714, 37.81737811017495 ], [ 14.453924392429478, 37.81781582757781 ], [ 14.453963989496783, 37.81809479192723 ], [ 14.454033667098868, 37.818585252749749 ], [ 14.454813142666916, 37.821903337231589 ], [ 14.456979007084575, 37.827482872226135 ], [ 14.459021550072359, 37.830672171113278 ], [ 14.460367241280556, 37.831822334202222 ], [ 14.461441262317045, 37.833144135767341 ], [ 14.462284897960133, 37.834439088115026 ], [ 14.464759442076021, 37.840071046815702 ], [ 14.463835459158938, 37.841006024681128 ], [ 14.461409204266388, 37.843284122226372 ], [ 14.459944950045555, 37.844082804570029 ], [ 14.459705342198548, 37.844213496093722 ], [ 14.459454501038072, 37.844344851748573 ], [ 14.447325059175448, 37.848775540687768 ], [ 14.441706882218531, 37.850194959366647 ], [ 14.42918407896507, 37.852674375959623 ], [ 14.420965921670472, 37.859896476580175 ], [ 14.418643818330626, 37.861684638636632 ], [ 14.410167358902129, 37.865490388583517 ], [ 14.406272140441262, 37.86636309386153 ], [ 14.405843656213726, 37.865946758514184 ], [ 14.401305774274892, 37.859137697337971 ], [ 14.39979472028816, 37.854849689586615 ], [ 14.392129464183487, 37.85099543125277 ], [ 14.382010164441562, 37.851513371928981 ], [ 14.364178426267623, 37.849910009235735 ], [ 14.358318984881922, 37.849178202630178 ], [ 14.350102260018996, 37.8477027110468 ], [ 14.34157112958226, 37.843677351385487 ], [ 14.326723311526107, 37.837637445598332 ], [ 14.326275987509151, 37.837977357352123 ], [ 14.326237163915851, 37.83800152882263 ], [ 14.32528277704526, 37.83858960435176 ], [ 14.324779926193372, 37.8388780213389 ], [ 14.323934859427228, 37.839222444126214 ], [ 14.323847017791534, 37.839251272609559 ], [ 14.323091286309721, 37.839499287806419 ], [ 14.322442225641579, 37.83970876611275 ], [ 14.321531601468971, 37.839862588867739 ], [ 14.317493901412073, 37.840302097370959 ], [ 14.31611786443522, 37.840269864257465 ], [ 14.308865833449383, 37.838626366040685 ], [ 14.303191501469215, 37.837144904525218 ], [ 14.297178106158009, 37.836672269527391 ], [ 14.284719040888756, 37.839591964722999 ], [ 14.27994645202536, 37.840091373382769 ], [ 14.279945419586472, 37.841253016559477 ], [ 14.27979891135853, 37.842290510661911 ], [ 14.279296960467947, 37.843636616772038 ], [ 14.278327506707711, 37.845433835829517 ], [ 14.27371647617422, 37.848195583551899 ], [ 14.272906835147822, 37.855953551877576 ], [ 14.273600676147556, 37.861267495412385 ], [ 14.271606460541189, 37.870613044920987 ], [ 14.268697383350087, 37.8764941748815 ], [ 14.271198382258076, 37.881221338534431 ], [ 14.274676729556848, 37.889402434967444 ], [ 14.275310558206895, 37.894379940319389 ], [ 14.275600588675504, 37.897212040297141 ], [ 14.275154937637122, 37.900986560248192 ], [ 14.274674743506372, 37.903524652091278 ], [ 14.285238940174938, 37.910002137209375 ], [ 14.287535818619325, 37.912147557383449 ], [ 14.289709393739523, 37.914183200377764 ], [ 14.29214736556443, 37.917215761871518 ], [ 14.29222151881385, 37.917342184776565 ], [ 14.29226353824455, 37.917415700299372 ], [ 14.292269480001531, 37.917452727006413 ], [ 14.292306874427705, 37.91768575695621 ], [ 14.292061258260441, 37.918340582623827 ], [ 14.291934440684948, 37.918611899182295 ], [ 14.278544029912686, 37.918494703815604 ], [ 14.27500711697043, 37.918356862364611 ], [ 14.270085206080989, 37.917956507189622 ], [ 14.267915295931129, 37.917631657503399 ], [ 14.266250027842659, 37.917204668926345 ], [ 14.264897325692752, 37.916739792354228 ], [ 14.264285125503839, 37.916492637328169 ], [ 14.262958914743679, 37.916124455327591 ], [ 14.262253865112303, 37.9160390186141 ], [ 14.261480307821106, 37.915979162700125 ], [ 14.260775636192825, 37.915938729300635 ], [ 14.260574417706982, 37.915928128123916 ], [ 14.26003697708887, 37.91589981403304 ], [ 14.259354097822969, 37.915876391858653 ], [ 14.25598526018981, 37.916018319671274 ], [ 14.253692322213599, 37.916625198962116 ], [ 14.25292729303742, 37.9169835741273 ], [ 14.25274859722091, 37.917195623765252 ], [ 14.252726236295622, 37.917222163663098 ], [ 14.252316230378176, 37.917807750567881 ], [ 14.252227113519638, 37.91822335426837 ], [ 14.252219741903527, 37.918257732676409 ], [ 14.25202367423341, 37.91966208259835 ], [ 14.252020657205806, 37.919968350705226 ], [ 14.252043963675694, 37.920335182925641 ], [ 14.252049748556011, 37.920426229046377 ], [ 14.252112693985019, 37.920950118429495 ], [ 14.252296245037776, 37.921999832644609 ], [ 14.252577283762689, 37.922731965882008 ], [ 14.253243432418126, 37.926175654094841 ], [ 14.253780780060627, 37.929325383634982 ], [ 14.254021635938114, 37.932461388978581 ], [ 14.25404186213939, 37.932834123274574 ], [ 14.254024828073803, 37.933312081263487 ], [ 14.253859724119845, 37.933895708115429 ], [ 14.25344106646784, 37.934729293506685 ], [ 14.253152279033952, 37.935142875342443 ], [ 14.252671512021456, 37.935475030433338 ], [ 14.251836684806428, 37.935863541446622 ], [ 14.250719629833027, 37.936120609294285 ], [ 14.250012961568759, 37.936224273316654 ], [ 14.24243075399732, 37.944203687866278 ], [ 14.231119164471639, 37.948610885028472 ], [ 14.224736486502655, 37.962432428700225 ], [ 14.221679840239302, 37.96723247464989 ], [ 14.217909765823261, 37.969588136678944 ], [ 14.213110593005451, 37.972241530824348 ], [ 14.204557623836509, 37.990435371513449 ], [ 14.196531984849024, 37.999632992706637 ], [ 14.192988467653914, 38.002792735767812 ], [ 14.186465298750186, 38.011770123307485 ], [ 14.186057339908976, 38.012411046338038 ], [ 14.185838761677388, 38.012828771479988 ], [ 14.185626943916821, 38.013240557266734 ], [ 14.185535447612878, 38.013418432217108 ], [ 14.184150036733859, 38.01623037149335 ], [ 14.183960643205026, 38.016689599201484 ], [ 14.183942808039824, 38.016774731133701 ], [ 14.183835794407878, 38.017285558821634 ], [ 14.183781817417531, 38.017543216498233 ], [ 14.183532623777765, 38.018859180216872 ], [ 14.18345975038727, 38.019366395236517 ], [ 14.189108817800715, 38.017658721645347 ], [ 14.201890962965184, 38.01531379213759 ], [ 14.219189298802599, 38.012597064211278 ], [ 14.236504209946188, 38.010409490980514 ], [ 14.251993212549861, 38.009665003114812 ], [ 14.252556653460694, 38.008913184930492 ], [ 14.252672456283861, 38.008848441959522 ], [ 14.25296928808287, 38.008699331118621 ], [ 14.253468154790143, 38.00865607213364 ], [ 14.255631112505887, 38.008794400457361 ], [ 14.257930231916072, 38.009089293356148 ], [ 14.267350973555949, 38.011790343153415 ], [ 14.274582557321303, 38.011211177439286 ], [ 14.278920332532609, 38.009486004962262 ], [ 14.285429133621056, 38.007307711215482 ], [ 14.285635885591525, 38.007262306605334 ], [ 14.286737331214326, 38.007144575172596 ], [ 14.28845788784645, 38.007007247553126 ], [ 14.293516680035994, 38.007076631020269 ], [ 14.293831803786272, 38.007084035340789 ], [ 14.294679818099565, 38.007103956658703 ], [ 14.295249737705442, 38.007117341648339 ], [ 14.295294461952439, 38.007118392231661 ], [ 14.308972495951627, 38.007868345602482 ], [ 14.311843043086297, 38.008273629908011 ], [ 14.31467927822461, 38.00904489488196 ], [ 14.322119727384091, 38.011070335384282 ], [ 14.324217383358574, 38.011691533912291 ], [ 14.326388098812856, 38.012656400035262 ], [ 14.330916697545756, 38.014830054089671 ], [ 14.333070369940296, 38.015881795431845 ], [ 14.334954585054483, 38.016832614729019 ], [ 14.33663605793771, 38.017782250315022 ], [ 14.336800708645967, 38.017870473842073 ], [ 14.337096001551943, 38.018028696764489 ], [ 14.337590347744866, 38.018292901853997 ], [ 14.338524309943695, 38.018662609542204 ], [ 14.339737777193461, 38.018896747711871 ], [ 14.341030830259749, 38.019122304665835 ], [ 14.341593714032363, 38.019201374431738 ], [ 14.343092341395236, 38.01923824237042 ], [ 14.344981473676786, 38.01927026474425 ], [ 14.349391355108695, 38.018846143524854 ], [ 14.350472119359624, 38.018671793208583 ], [ 14.350988645209197, 38.018570242119836 ], [ 14.35161837583739, 38.0184281383941 ], [ 14.352131663652022, 38.018293429416168 ], [ 14.352379205717678, 38.018222424147297 ], [ 14.356197087985281, 38.016651018364882 ], [ 14.356299320129891, 38.016073387999427 ], [ 14.356257622969558, 38.015770259720561 ], [ 14.356401548597951, 38.015321956371778 ], [ 14.357008945141894, 38.015070164147097 ], [ 14.362442599706375, 38.01454983390898 ], [ 14.364079000200935, 38.014594883582639 ], [ 14.372828420412011, 38.015843384744883 ], [ 14.375352962416912, 38.016519232638593 ], [ 14.375587952075243, 38.016582138670962 ], [ 14.375762578694458, 38.016650232952713 ], [ 14.376181326377349, 38.016813520138342 ], [ 14.379489656468515, 38.018103495855883 ], [ 14.392915144131685, 38.022570638201749 ], [ 14.393704340272897, 38.022480167465289 ], [ 14.394151297663603, 38.02249771634294 ], [ 14.394927829762125, 38.022738308714302 ], [ 14.399060759965272, 38.024558535657206 ], [ 14.399938835278585, 38.025032625821339 ], [ 14.402552753767331, 38.02650533848081 ], [ 14.406679251881062, 38.029083658855704 ], [ 14.41157001095652, 38.032170782956122 ], [ 14.4141994256864, 38.033849977641935 ], [ 14.41673642729465, 38.035533378924953 ], [ 14.42165002413925, 38.038907425591987 ], [ 14.422219959641707, 38.03921780717517 ], [ 14.422810859080178, 38.039511482123942 ], [ 14.423986311063974, 38.040012864834971 ], [ 14.425861146948408, 38.040388898981661 ], [ 14.426872121808813, 38.040551830697368 ], [ 14.428019436655079, 38.040672582259738 ], [ 14.429160350590111, 38.040706885928316 ], [ 14.436661113552445, 38.040883274388328 ], [ 14.437778187258495, 38.040835971804952 ], [ 14.438279904618273, 38.040768708216397 ], [ 14.43939177527453, 38.040519163129986 ], [ 14.439950225353744, 38.040374519100098 ], [ 14.440540570649716, 38.040199108704229 ], [ 14.440997724875112, 38.039993323258066 ], [ 14.442301851042055, 38.03937008280672 ], [ 14.44270190415544, 38.03906006906476 ], [ 14.44322034306491, 38.038421965278431 ], [ 14.443365618697777, 38.037900945105498 ], [ 14.443378787633224, 38.037836527284057 ], [ 14.443487938205699, 38.03744511587211 ], [ 14.443509157076221, 38.037369028096293 ], [ 14.443518030173601, 38.037337211661487 ], [ 14.443797854662385, 38.036707074731083 ], [ 14.444056219593243, 38.036213730185338 ], [ 14.445257570519614, 38.035222445434506 ], [ 14.446227767248669, 38.034700959760741 ], [ 14.44728432068559, 38.034218295868818 ], [ 14.447504475551725, 38.034167798585052 ], [ 14.447752529522212, 38.034110902243306 ], [ 14.453371950192579, 38.033280833299052 ], [ 14.454101724201104, 38.033192633175645 ], [ 14.454692502063686, 38.033122108271641 ], [ 14.45560756996745, 38.033021016604422 ], [ 14.457945946713565, 38.032949400127599 ], [ 14.470430443221705, 38.032991611688637 ], [ 14.482104752513438, 38.035208028246032 ], [ 14.507295126309582, 38.039682449143228 ], [ 14.514654062579771, 38.040652314335503 ], [ 14.519694150643391, 38.041264566446706 ], [ 14.522048762345953, 38.041654684196189 ], [ 14.525030123196599, 38.042241397600279 ], [ 14.527112663135048, 38.042762923472608 ], [ 14.529515242526836, 38.043452705860382 ], [ 14.53188970611345, 38.044386658319553 ], [ 14.533180639456171, 38.044978396294539 ], [ 14.53425977487756, 38.045622217061478 ], [ 14.534532606944252, 38.045784987882072 ], [ 14.534603966228255, 38.045827560415837 ], [ 14.535876499029566, 38.046624327002874 ], [ 14.536051446213595, 38.046735104443968 ], [ 14.537846873902335, 38.047872076116661 ], [ 14.53844272827822, 38.048249391900434 ], [ 14.538474416003908, 38.048269457544421 ], [ 14.538639592538516, 38.048374052244633 ], [ 14.543291424447338, 38.051327696080918 ], [ 14.546774102402146, 38.053719911523878 ], [ 14.54957720013733, 38.055679233765538 ], [ 14.551116080074271, 38.056882919244984 ], [ 14.551866144980716, 38.05756868504006 ], [ 14.551996252610044, 38.05768763642002 ], [ 14.552981670894949, 38.058330734709024 ], [ 14.553457162631373, 38.058592533146061 ], [ 14.553685025621952, 38.058717989327882 ], [ 14.555764118174022, 38.059817591293829 ], [ 14.555829543395847, 38.059847493709768 ], [ 14.555865244891944, 38.059863810674443 ], [ 14.55621304622999, 38.06002276763077 ], [ 14.556420418611454, 38.060117541995915 ], [ 14.559296313991247, 38.060226792927011 ], [ 14.55991755388072, 38.060245233262158 ], [ 14.561679665744929, 38.060259858003342 ], [ 14.562311411577632, 38.060221942848969 ], [ 14.563060446351857, 38.060164294763425 ], [ 14.563233695248702, 38.060148823157519 ], [ 14.565581154776542, 38.059866688894701 ], [ 14.566899973275113, 38.059707530416965 ], [ 14.574102200862862, 38.05898512523337 ], [ 14.581311568403157, 38.058653471011169 ], [ 14.582826933520757, 38.058715196970205 ], [ 14.583851583038447, 38.058816149680375 ], [ 14.584881903759221, 38.058949534489415 ], [ 14.585229547218916, 38.058996289479801 ], [ 14.586222450611656, 38.059251928168841 ], [ 14.587348748157106, 38.059562660125735 ], [ 14.592305874528812, 38.061007615751926 ], [ 14.592978742861193, 38.06127666624792 ], [ 14.594997189969337, 38.062121042444012 ], [ 14.596452246420693, 38.062752539920403 ], [ 14.598044483152661, 38.063489745666963 ], [ 14.598892168681283, 38.063900539280333 ], [ 14.600018414799958, 38.06452015824938 ], [ 14.600331140102428, 38.064694910584528 ], [ 14.602517810533286, 38.065973324357238 ], [ 14.610497731255149, 38.070116411780745 ], [ 14.620110644281345, 38.075020586454535 ], [ 14.621569001848057, 38.075622936776242 ], [ 14.620859969733747, 38.071532286105288 ], [ 14.627558589035056, 38.070803846193613 ], [ 14.628133494395184, 38.070757173867641 ], [ 14.629036982184596, 38.070751876461109 ], [ 14.630587817785656, 38.070858374715399 ], [ 14.632355978201959, 38.071281690442326 ], [ 14.6330183871701, 38.071583047508355 ], [ 14.633250798213723, 38.071688779436776 ], [ 14.633893734408289, 38.071981269486223 ], [ 14.63479234077335, 38.072438040506455 ], [ 14.635977496052222, 38.073040447686395 ], [ 14.636399409739594, 38.073254899339219 ], [ 14.636432281917376, 38.07327160870679 ], [ 14.64139075536956, 38.076004615679501 ], [ 14.643542240653073, 38.077446486884327 ], [ 14.645443545888241, 38.078753737942918 ], [ 14.648098754671, 38.080638362375524 ], [ 14.659433435848753, 38.088214849815948 ], [ 14.659726075643841, 38.08825787534235 ], [ 14.660101984975283, 38.088325457607759 ], [ 14.660875125822409, 38.088502461086989 ], [ 14.663654115677868, 38.089663412530307 ], [ 14.667860743968379, 38.092080389655038 ], [ 14.669185622824561, 38.092845702458732 ], [ 14.669770635878731, 38.093194789914961 ], [ 14.67184689153113, 38.094631304902855 ], [ 14.6742122354306, 38.096372185309704 ], [ 14.678343697394913, 38.09948603976737 ], [ 14.685147432073066, 38.105349426571102 ], [ 14.687449884002669, 38.107470387563019 ], [ 14.691964075546968, 38.111751841694257 ], [ 14.693862066227172, 38.113615442379349 ], [ 14.694220345888429, 38.113976536663934 ], [ 14.695970919715165, 38.115740791683827 ], [ 14.707424396710969, 38.127067105520638 ], [ 14.7142135619115, 38.133538112863228 ], [ 14.727931238497295, 38.146961511194995 ], [ 14.734709003141656, 38.153735942266081 ], [ 14.744251010962056, 38.162936032498131 ], [ 14.746918841931926, 38.164914679387145 ], [ 14.747987587391089, 38.165550091992259 ], [ 14.748585660746009, 38.165844342633363 ], [ 14.748665290724261, 38.165859485060651 ], [ 14.749755905889309, 38.165864305996031 ], [ 14.750107804913592, 38.16584054713001 ], [ 14.750325242922381, 38.165800163863913 ], [ 14.750573796885615, 38.16573533619183 ], [ 14.750781040905681, 38.165645917283683 ], [ 14.750860327116218, 38.165521582564722 ], [ 14.750864509406959, 38.165444226299634 ], [ 14.750857191371971, 38.165376875380915 ], [ 14.750730682040503, 38.165245515168934 ], [ 14.755423025687382, 38.160354215775946 ], [ 14.760123785879331, 38.157415665649403 ], [ 14.768379434988955, 38.156212189449796 ], [ 14.770013161926368, 38.156300860594463 ], [ 14.783497627560214, 38.152432899291497 ], [ 14.794369151464494, 38.153413229539275 ], [ 14.815957236845875, 38.158560208086129 ], [ 14.833237724755969, 38.161964758506016 ], [ 14.847430196600493, 38.165396298074853 ], [ 14.861247419489997, 38.168573449803993 ], [ 14.867986746448848, 38.167864427884844 ], [ 14.868130789510047, 38.167860160286274 ], [ 14.868780194410423, 38.16785045044486 ], [ 14.869331226440588, 38.167842209758135 ], [ 14.869740727994229, 38.167848603196035 ], [ 14.871771833779674, 38.167895222152104 ], [ 14.872868660665043, 38.167954501849977 ], [ 14.873439252628945, 38.167997315345595 ], [ 14.875406982968954, 38.168254694427731 ], [ 14.876835375771678, 38.168512725635836 ], [ 14.888956315195443, 38.171662048457925 ], [ 14.890377720931095, 38.172347881194 ], [ 14.89053485187641, 38.172425710570636 ], [ 14.890623197230401, 38.172473658568983 ], [ 14.891535892359926, 38.173002427459785 ], [ 14.892379134904612, 38.173595114048787 ], [ 14.89297979736183, 38.174084058742736 ], [ 14.893848636120076, 38.174830044183693 ], [ 14.894702937993101, 38.175769189565436 ], [ 14.896857987573609, 38.178205122168421 ], [ 14.89743947980484, 38.178866483505807 ], [ 14.904879833734405, 38.184566720223799 ], [ 14.914650579068169, 38.191898474349593 ], [ 14.921969923070064, 38.19033937319189 ], [ 14.92342359539243, 38.189899396150288 ], [ 14.92392454002024, 38.189539411233241 ], [ 14.92684967620816, 38.186948647731683 ], [ 14.928357217350737, 38.185112594561815 ], [ 14.940448238186651, 38.179849546513367 ], [ 14.947382952441551, 38.174684084783138 ], [ 14.952132934964553, 38.167463797687653 ], [ 14.95962647568196, 38.160988710013129 ], [ 14.968386326786501, 38.153721026630876 ], [ 14.973070755494948, 38.151768408997086 ], [ 14.974958986402894, 38.151116303958531 ], [ 14.975475288267601, 38.150976590418573 ], [ 14.976655381572957, 38.150662213460016 ], [ 14.982875013830141, 38.150226514688192 ], [ 14.985206763593165, 38.150311369444772 ], [ 14.985881307405718, 38.150354268294805 ], [ 14.989901793669469, 38.151241654874667 ], [ 14.99287358487091, 38.151349918271791 ], [ 14.99549915620495, 38.150982421116545 ], [ 14.997409009982061, 38.150698800708611 ], [ 15.001105695078202, 38.149922334260928 ], [ 15.002823587183567, 38.149549090483639 ], [ 15.004658583565341, 38.149259087103012 ], [ 15.006119165028323, 38.149123459670392 ], [ 15.006610094181797, 38.14909812471025 ], [ 15.008000106565271, 38.149064868439041 ], [ 15.009147036071507, 38.149051933983955 ], [ 15.011741845224305, 38.149051713323232 ], [ 15.019949744636907, 38.149860278690539 ], [ 15.037147027925355, 38.151310000589476 ], [ 15.047181802481754, 38.149157686309373 ], [ 15.056375590115158, 38.141823758236853 ], [ 15.055705812906327, 38.14164086249793 ], [ 15.055233668759316, 38.140710262208152 ], [ 15.054681356378627, 38.139503765530158 ], [ 15.054697788756382, 38.138965212938118 ], [ 15.0554974001471, 38.133223630771994 ], [ 15.055614835908909, 38.132698323553882 ], [ 15.055665124146515, 38.132533949488689 ], [ 15.056169119892665, 38.131508393699391 ], [ 15.057223426418544, 38.130504475606763 ], [ 15.058278049901906, 38.12957222052362 ], [ 15.05925685723189, 38.128955588550873 ], [ 15.05969404506784, 38.128737449829949 ], [ 15.061205340895333, 38.128248272788859 ], [ 15.072882791730246, 38.123163285862866 ], [ 15.073182955634119, 38.123024281154322 ], [ 15.074106090816118, 38.122625185953765 ], [ 15.07546549452838, 38.12220564981876 ], [ 15.078216366463197, 38.121443549663574 ], [ 15.080347159228088, 38.120894691015387 ], [ 15.081569230977045, 38.120677169844349 ], [ 15.083996245176406, 38.120279979691439 ], [ 15.088133496269036, 38.120017045635279 ], [ 15.088469476205711, 38.119996970036397 ], [ 15.088840544985592, 38.119976872668808 ], [ 15.08928185603294, 38.119996345947904 ], [ 15.089617879554618, 38.120023839233397 ], [ 15.089913772840161, 38.120051355772638 ], [ 15.090119413127248, 38.120071014678729 ], [ 15.090691162085275, 38.12013003574193 ], [ 15.091072352070405, 38.120177294205931 ], [ 15.092256027273306, 38.120338873738604 ], [ 15.09521043498494, 38.12077471836146 ], [ 15.096589085691821, 38.121041517719462 ], [ 15.099383882515287, 38.121712288786874 ], [ 15.100076205884095, 38.121901937043646 ], [ 15.101024375477811, 38.122162703780894 ], [ 15.101830386793209, 38.122410521230151 ], [ 15.104516368096899, 38.123312985149042 ], [ 15.106157141346058, 38.123909980707914 ], [ 15.108309906368241, 38.124799766030264 ], [ 15.108826787907848, 38.125025188245004 ], [ 15.110247107746396, 38.125733298594795 ], [ 15.119347431666684, 38.130555706830847 ], [ 15.127950263285451, 38.135242067586532 ], [ 15.13381077803605, 38.138331878479747 ], [ 15.137836573415848, 38.139012588675371 ], [ 15.147187911627038, 38.141519209390772 ], [ 15.149715105044928, 38.142412022351174 ], [ 15.152882934806183, 38.143620276338702 ], [ 15.167114520286411, 38.150098178840999 ], [ 15.170973367433099, 38.151899990788557 ], [ 15.173766382891433, 38.153367614676746 ], [ 15.17395655428014, 38.153480546493469 ], [ 15.174588357814804, 38.15385573533932 ], [ 15.175817723167517, 38.154589204349527 ], [ 15.175941141837958, 38.154662837617714 ], [ 15.177457339707431, 38.155589860732029 ], [ 15.181379148228451, 38.158545097828394 ], [ 15.182105095941283, 38.159116332340716 ], [ 15.18231923418268, 38.159296063574644 ], [ 15.182831138720024, 38.159725713436465 ], [ 15.183050682358214, 38.159918200676138 ], [ 15.183200286749264, 38.160049368982506 ], [ 15.183674503008639, 38.160465329224444 ], [ 15.185294514489447, 38.162188702026761 ], [ 15.185620661038177, 38.16262146533257 ], [ 15.185940474665909, 38.163054562473988 ], [ 15.186196911831672, 38.163401828565505 ], [ 15.18626992730991, 38.16348714889196 ], [ 15.18663880363704, 38.163917648451644 ], [ 15.186948453158964, 38.164279020768845 ], [ 15.187009357401701, 38.164348058884634 ], [ 15.187459432709719, 38.164858234042192 ], [ 15.187770668616478, 38.165211021993379 ], [ 15.188089785051293, 38.16556958610326 ], [ 15.188450273027904, 38.165974614027064 ], [ 15.189957627884068, 38.167357684342548 ], [ 15.196910590474255, 38.17326394980303 ], [ 15.200507796980666, 38.176306846967357 ], [ 15.201540936124397, 38.177051427066239 ], [ 15.202952810405748, 38.177934944175433 ], [ 15.20443238786034, 38.178913810266231 ], [ 15.205723490893984, 38.179867139662171 ], [ 15.206842627594597, 38.180849855759995 ], [ 15.207863400204726, 38.181803625297803 ], [ 15.212011300405615, 38.18628387888586 ], [ 15.214903076121258, 38.189837989560246 ], [ 15.219398814005615, 38.195829627295353 ], [ 15.224505393233716, 38.203437135471596 ], [ 15.225344098079121, 38.204753307404118 ], [ 15.225901062053097, 38.205895154521613 ], [ 15.226243386625701, 38.206596941704923 ], [ 15.226769574042105, 38.207675638141559 ], [ 15.229418260198686, 38.213450734715018 ], [ 15.234999896145462, 38.226467669813466 ], [ 15.236590864542491, 38.230291933130232 ], [ 15.236937822197399, 38.231125881515503 ], [ 15.237728442203345, 38.233140946620459 ], [ 15.238953494357963, 38.236263102939532 ], [ 15.240103408060191, 38.239684972679413 ], [ 15.240973038775763, 38.242488438141805 ], [ 15.241179043542381, 38.243566200590628 ], [ 15.241116073109779, 38.244175173782864 ], [ 15.241080955279068, 38.244514783900364 ], [ 15.24086235456079, 38.245094101152446 ], [ 15.240485093326186, 38.245388821075302 ], [ 15.240183505005124, 38.245494259763426 ], [ 15.23970025234386, 38.245413064313745 ], [ 15.236435644953829, 38.248026955658112 ], [ 15.23543180508976, 38.252518435644873 ], [ 15.235590404178996, 38.255575340342368 ], [ 15.236402097294446, 38.257175658281525 ], [ 15.23692898865883, 38.258617045528489 ], [ 15.237216499690922, 38.260014938466327 ], [ 15.236921912145819, 38.263876858851511 ], [ 15.236838526084268, 38.264239110140565 ], [ 15.236807834120414, 38.264303313588165 ], [ 15.23661054517499, 38.264716001304166 ], [ 15.235877818121827, 38.266008611856158 ], [ 15.235589122727085, 38.266399860685354 ], [ 15.235490596265695, 38.266505172678471 ], [ 15.235312235178272, 38.266695814512758 ], [ 15.234771829049699, 38.267114681221976 ], [ 15.234414858923634, 38.267323614738324 ], [ 15.234311721349263, 38.267383875362832 ], [ 15.233165975993167, 38.267991221016118 ], [ 15.232260714438226, 38.268250285472327 ], [ 15.22897724200608, 38.269076203991645 ], [ 15.228862642439815, 38.269086858473763 ], [ 15.228663206048266, 38.269105399238931 ], [ 15.228252242640401, 38.269039509623873 ], [ 15.2277050638648, 38.268900421415118 ], [ 15.227524177301264, 38.268852950614352 ], [ 15.226921711233377, 38.268423532804611 ], [ 15.22675180057894, 38.268275363409373 ], [ 15.226627309880303, 38.268207744072591 ], [ 15.226594470784562, 38.268189909372857 ], [ 15.226501605983884, 38.268178697037946 ], [ 15.226050620966504, 38.268124250185359 ], [ 15.225313433984134, 38.268049443548506 ], [ 15.224963233505353, 38.26809775320703 ], [ 15.224654549375648, 38.268243113778446 ], [ 15.224577195186869, 38.268279540279131 ], [ 15.224432901039597, 38.268498972213862 ], [ 15.224182370296401, 38.26952854954984 ], [ 15.224402107798072, 38.270271364753704 ], [ 15.224595583092103, 38.270328152849473 ], [ 15.230046831183436, 38.2711179928665 ], [ 15.233297385981786, 38.271306912392305 ], [ 15.238101135767677, 38.269848912253522 ], [ 15.239515122970266, 38.268558358502048 ], [ 15.242429229104111, 38.265083299749804 ], [ 15.250189685079359, 38.255078218455495 ], [ 15.251439984084669, 38.252721672756266 ], [ 15.251785625678382, 38.252067195754485 ], [ 15.251844571625371, 38.251910635451885 ], [ 15.253479724157041, 38.245950596255973 ], [ 15.247169118994593, 38.229460148863964 ], [ 15.241526068733215, 38.219075486786167 ], [ 15.240900491546469, 38.218307847798798 ], [ 15.240892888746151, 38.218061452222962 ], [ 15.240889206770538, 38.217897570197842 ], [ 15.240939755753548, 38.21769378452754 ], [ 15.241353581919457, 38.216918363604726 ], [ 15.247116619749935, 38.212851579206863 ], [ 15.248481440766529, 38.212010447848584 ], [ 15.249473164931317, 38.211460522442778 ], [ 15.251113678942644, 38.210736856075876 ], [ 15.252111888382402, 38.210347473169954 ], [ 15.254458381815832, 38.209551376218386 ], [ 15.256865096261976, 38.208877898769892 ], [ 15.259200361425826, 38.208327323405086 ], [ 15.261072363735032, 38.207999687376493 ], [ 15.261428065867909, 38.207938634191443 ], [ 15.268528546621702, 38.207785006034371 ], [ 15.269250093177806, 38.207747090358495 ], [ 15.277732106138519, 38.206885697654904 ], [ 15.2803933312442, 38.20668029677875 ], [ 15.284768149294699, 38.206433507042576 ], [ 15.289345285743032, 38.20631829711553 ], [ 15.290778149193113, 38.206382504624301 ], [ 15.291049795106519, 38.206394675628253 ], [ 15.293119882418372, 38.206550071642269 ], [ 15.295276889704201, 38.206751863166986 ], [ 15.29696508312737, 38.206940026026388 ], [ 15.299122411175988, 38.20721574750327 ], [ 15.303194310857858, 38.208004537439606 ], [ 15.303625921328008, 38.208092226283178 ], [ 15.307792365992611, 38.209043405874382 ], [ 15.309782036709507, 38.209556186488172 ], [ 15.320855065815397, 38.212693573133777 ], [ 15.337964587693117, 38.21521334992714 ], [ 15.346219825049603, 38.216085965769267 ], [ 15.346329360691898, 38.216099079991764 ], [ 15.346959619876261, 38.216174554799679 ], [ 15.347119452597074, 38.216193695136923 ], [ 15.347538847486391, 38.216276342545299 ], [ 15.3481191732699, 38.216390701336721 ], [ 15.34835043838182, 38.21643627357323 ], [ 15.349169416318896, 38.216597654219981 ], [ 15.356760125678543, 38.218614815449541 ], [ 15.357774041039686, 38.218926285614181 ], [ 15.358589718645439, 38.219185681775095 ], [ 15.361127684207833, 38.220046913869588 ], [ 15.375594879780262, 38.224164764880044 ], [ 15.37598164271933, 38.224202887477944 ], [ 15.377279293327714, 38.224366022960837 ], [ 15.377541399601819, 38.224414387678088 ], [ 15.37806593146146, 38.224570150637767 ], [ 15.383149106795736, 38.226108519330033 ], [ 15.399300527521438, 38.231350284790153 ], [ 15.402292144182827, 38.232580141313093 ], [ 15.403870246284457, 38.233252437734073 ], [ 15.422578740737869, 38.240877860347972 ], [ 15.426127212421676, 38.241331847344767 ], [ 15.430092951345413, 38.242661336339147 ], [ 15.430710022781829, 38.24293107779981 ], [ 15.444219370617834, 38.248835408164034 ], [ 15.447065817770076, 38.250085605936327 ], [ 15.449482694477362, 38.251309739542386 ], [ 15.450514960663364, 38.251986932251867 ], [ 15.451728063665138, 38.252796621629138 ], [ 15.472499132270473, 38.267043164048445 ], [ 15.497366638983729, 38.282977058499178 ], [ 15.516801972427608, 38.295654167823301 ], [ 15.522927950533441, 38.29758248185852 ], [ 15.533290839370487, 38.299787298501236 ], [ 15.540318713743787, 38.301250231066362 ], [ 15.541413334685201, 38.301444531123828 ], [ 15.542217028857211, 38.301517040600586 ], [ 15.543019849525567, 38.301472283642575 ], [ 15.543306988769595, 38.301438418466894 ], [ 15.543694490541975, 38.301392715046099 ], [ 15.549732037529788, 38.300447532087858 ] ] ], [ [ [ 14.938966486725628, 38.400068787291168 ], [ 14.939072516345083, 38.39995618028334 ], [ 14.93907545598428, 38.399857057008553 ], [ 14.93884517315743, 38.399536986545314 ], [ 14.938583343858427, 38.399455749446936 ], [ 14.938428757741057, 38.399451167181695 ], [ 14.93834285333867, 38.399451110907577 ], [ 14.938254106686829, 38.399460084186174 ], [ 14.938139152468729, 38.399504315476094 ], [ 14.938085463753616, 38.399576622804659 ], [ 14.938033416946622, 38.3997123151469 ], [ 14.938019058926649, 38.399775391201842 ], [ 14.938039039059108, 38.399842987178623 ], [ 14.938155083502053, 38.399909230134774 ], [ 14.938474023146508, 38.400082049246606 ], [ 14.938539849301185, 38.400104601427174 ], [ 14.938669683509334, 38.400112600580229 ], [ 14.938966486725628, 38.400068787291168 ] ] ], [ [ [ 14.951151073502801, 38.419962633882669 ], [ 14.951031189965585, 38.419954070713132 ], [ 14.950988374511722, 38.420005449523927 ], [ 14.950894181468911, 38.42016814842178 ], [ 14.950885618361653, 38.420228089789461 ], [ 14.950894181194938, 38.420365099580977 ], [ 14.950979811604938, 38.420399351628497 ], [ 14.951133946944058, 38.420433603918347 ], [ 14.951356587276118, 38.420296594415511 ], [ 14.951416529797102, 38.420142459175892 ], [ 14.951356588012665, 38.419996886757744 ], [ 14.951151073502801, 38.419962633882669 ] ] ], [ [ [ 14.959983720060565, 38.432278436484928 ], [ 14.960086838323626, 38.43224692273543 ], [ 14.960505110416054, 38.432111886504764 ], [ 14.960811663824279, 38.432003843620826 ], [ 14.961098151370605, 38.431900290743116 ], [ 14.962650992094192, 38.431175322601973 ], [ 14.963135222148084, 38.430833008899256 ], [ 14.964806019537299, 38.429640636120318 ], [ 14.968169779693309, 38.426256298314058 ], [ 14.968599901079177, 38.42511637366789 ], [ 14.967861980971465, 38.422845103605944 ], [ 14.967489101177778, 38.422423010456257 ], [ 14.966722927856665, 38.421968839419065 ], [ 14.964847164954294, 38.420884088727519 ], [ 14.964202932724019, 38.420568462199867 ], [ 14.963069076250786, 38.420094970324357 ], [ 14.962373314940756, 38.419833394345396 ], [ 14.963648723828619, 38.412132878464767 ], [ 14.971077049923119, 38.41059602295843 ], [ 14.980648931650451, 38.409683401060832 ], [ 14.985306942814201, 38.406616132883634 ], [ 14.996992522198592, 38.396267950903344 ], [ 14.999028126837132, 38.391613178252108 ], [ 14.999886085009871, 38.388766213707527 ], [ 15.000571098708271, 38.386467188626192 ], [ 15.000464130394157, 38.385626018851006 ], [ 15.005302126812458, 38.375994821101322 ], [ 15.005104478394996, 38.373755276736858 ], [ 15.002548958164979, 38.371229650678437 ], [ 14.992341789844247, 38.366718794424621 ], [ 14.992135020131906, 38.366661755562539 ], [ 14.992103019782265, 38.36665346439969 ], [ 14.991121451209118, 38.366468630149235 ], [ 14.990903972476904, 38.36643257508036 ], [ 14.990870235324497, 38.366430801169415 ], [ 14.99064642157926, 38.366419034815515 ], [ 14.982767869607157, 38.367085050372637 ], [ 14.977626387115249, 38.368755245237807 ], [ 14.974797150642837, 38.370701394401038 ], [ 14.968043029849834, 38.375895954945754 ], [ 14.956889932241848, 38.381965991910896 ], [ 14.948832531206079, 38.388033156468524 ], [ 14.948496548889834, 38.389529051191865 ], [ 14.948450599108671, 38.389718278367148 ], [ 14.947518809643297, 38.391700557923798 ], [ 14.941520475772908, 38.399699910144598 ], [ 14.939517312794768, 38.402159898377739 ], [ 14.938940004920948, 38.407711123567083 ], [ 14.939039300358916, 38.408806165184082 ], [ 14.939544020067242, 38.411334355392839 ], [ 14.945504440845401, 38.417064525235183 ], [ 14.953201590129412, 38.417969071149621 ], [ 14.953382008660682, 38.417951116833358 ], [ 14.953519475372481, 38.417960183590402 ], [ 14.95380583100907, 38.417996351352073 ], [ 14.953937548279979, 38.418018927158535 ], [ 14.954097890268562, 38.418050532346356 ], [ 14.954255373567433, 38.418113695333552 ], [ 14.955366234971146, 38.418582754848671 ], [ 14.955540864905027, 38.418681946300275 ], [ 14.955692562539468, 38.418803672229068 ], [ 14.955741022688283, 38.418845780672839 ], [ 14.95583154845286, 38.418924441382373 ], [ 14.95585858288908, 38.41894793272418 ], [ 14.955987365592911, 38.419096672008045 ], [ 14.956105744806582, 38.419252805158017 ], [ 14.95615089551287, 38.419358207331165 ], [ 14.95618762234778, 38.419448229527042 ], [ 14.956241752353485, 38.419894361600612 ], [ 14.956224435666856, 38.42013317516367 ], [ 14.956215781030162, 38.420232295399124 ], [ 14.956017909373049, 38.420655794244205 ], [ 14.955831627268175, 38.420885548542451 ], [ 14.955691208245357, 38.421016164950665 ], [ 14.955522156951107, 38.421169311421934 ], [ 14.955371436373298, 38.421257265307453 ], [ 14.955207062321188, 38.42124579091265 ], [ 14.953395000106445, 38.424489474165824 ], [ 14.953568014185644, 38.426686288192997 ], [ 14.954108273218491, 38.428797580473024 ], [ 14.955313294061767, 38.430127340009207 ], [ 14.956750502470641, 38.431204838500939 ], [ 14.958394205875218, 38.431930913100452 ], [ 14.958820891356011, 38.432088779418081 ], [ 14.95954833919037, 38.432278281014987 ], [ 14.959780337270633, 38.432278365841618 ], [ 14.959983720060565, 38.432278436484928 ] ] ], [ [ [ 14.899515655434625, 38.492534802392022 ], [ 14.899421461502113, 38.492474860874488 ], [ 14.899258762634664, 38.492543365067306 ], [ 14.89919025813241, 38.492594743747901 ], [ 14.899087501081269, 38.492697500732753 ], [ 14.899104626573912, 38.492903015028439 ], [ 14.899130316065767, 38.492962956512024 ], [ 14.8992073838255, 38.493040023983198 ], [ 14.899382926982536, 38.493052868594603 ], [ 14.899541344448354, 38.492920140692732 ], [ 14.899567033649067, 38.492834510099357 ], [ 14.899515655434625, 38.492534802392022 ] ] ], [ [ [ 14.951628666471674, 38.521963773980644 ], [ 14.951551659604691, 38.521747188253499 ], [ 14.951406114349361, 38.521619548505925 ], [ 14.951369466139106, 38.521620967766005 ], [ 14.951273286019806, 38.521630193251205 ], [ 14.951207280775671, 38.521693250381595 ], [ 14.951132564490472, 38.52190048365685 ], [ 14.951166962261654, 38.52194105457901 ], [ 14.951436496255706, 38.522008767336892 ], [ 14.951628666471674, 38.521963773980644 ] ] ], [ [ [ 14.960486816592745, 38.523386503891068 ], [ 14.960595862304219, 38.523305426008712 ], [ 14.961178334688338, 38.522791934011067 ], [ 14.962168281091952, 38.521791914734209 ], [ 14.962363459606618, 38.521494587370618 ], [ 14.962432353056636, 38.521363944469684 ], [ 14.962466814598427, 38.521291856537381 ], [ 14.962466841312615, 38.521237769980715 ], [ 14.962294870073602, 38.521039449728363 ], [ 14.961779999970327, 38.51306362781817 ], [ 14.96344273087503, 38.502592144145119 ], [ 14.962113767663389, 38.499951180704116 ], [ 14.96160153693662, 38.498117062121885 ], [ 14.962559880786328, 38.491096961694858 ], [ 14.962614421689549, 38.490921244272748 ], [ 14.962990276177027, 38.490295019910079 ], [ 14.963191091596265, 38.490020210243877 ], [ 14.963601280622054, 38.48947061174151 ], [ 14.963962678199302, 38.489087698687911 ], [ 14.964427303738194, 38.488605698327049 ], [ 14.964619458985988, 38.488411997242068 ], [ 14.965023820982948, 38.488060657620977 ], [ 14.966529309812556, 38.486830934163621 ], [ 14.96704543799026, 38.48652016235981 ], [ 14.968132082844553, 38.485925674190845 ], [ 14.96976624318434, 38.485308776639158 ], [ 14.969949698633808, 38.485259261087386 ], [ 14.971044754251574, 38.485088303100184 ], [ 14.971351440281417, 38.485119912862821 ], [ 14.971398488990134, 38.485130978483937 ], [ 14.971521221738858, 38.485159845422828 ], [ 14.971598786144634, 38.485178088763526 ], [ 14.972027826920854, 38.485412969324415 ], [ 14.972265672713647, 38.485561729152536 ], [ 14.97313692625098, 38.485949457271673 ], [ 14.973532479993846, 38.486044166876695 ], [ 14.975044338189111, 38.486217048011667 ], [ 14.975478724293422, 38.486265395436632 ], [ 14.976914912474022, 38.486026866302389 ], [ 14.977456749476968, 38.485806165011518 ], [ 14.979807630876259, 38.484454796646233 ], [ 14.980574218037605, 38.483853761772529 ], [ 14.980599117662132, 38.483826763446174 ], [ 14.980690772035734, 38.483332936543157 ], [ 14.980676478737381, 38.483152683473037 ], [ 14.980662188021855, 38.483031013766315 ], [ 14.980607837087922, 38.482643494282605 ], [ 14.980306526432747, 38.480626153497404 ], [ 14.980235849902323, 38.480313796654954 ], [ 14.980012406984581, 38.479822603750108 ], [ 14.979917880041427, 38.479669375485365 ], [ 14.979576909452337, 38.479232242885949 ], [ 14.979508152570986, 38.47916013033543 ], [ 14.97837610146995, 38.478799449066614 ], [ 14.977265239325389, 38.478471937471063 ], [ 14.977006200340563, 38.478420668236289 ], [ 14.9761014972089, 38.478246483766867 ], [ 14.975515518172264, 38.478146722710505 ], [ 14.971318361892953, 38.477540735050994 ], [ 14.968924093850635, 38.477251733361868 ], [ 14.962876506081066, 38.476765224631137 ], [ 14.962613942353524, 38.477107293263401 ], [ 14.962631770075324, 38.477234986312745 ], [ 14.962675068961985, 38.477868650002762 ], [ 14.961805702039058, 38.478384949389138 ], [ 14.961666644494823, 38.478360140539941 ], [ 14.958118671263581, 38.47750972055686 ], [ 14.957941007138125, 38.477433052772028 ], [ 14.95725905149366, 38.477103878199344 ], [ 14.957064220516919, 38.476995658518824 ], [ 14.956892405141001, 38.476770294693779 ], [ 14.955297419450513, 38.474422033466894 ], [ 14.955097048811989, 38.474034428334711 ], [ 14.954733564082602, 38.473250234036982 ], [ 14.954647698296457, 38.473042934067642 ], [ 14.954527568576742, 38.472673390569653 ], [ 14.954510592382656, 38.47234443123488 ], [ 14.954513607352997, 38.472096612944178 ], [ 14.954545268134861, 38.471862301360396 ], [ 14.95466850631256, 38.471384660078328 ], [ 14.956954980315206, 38.463116946462158 ], [ 14.956762165837484, 38.459669737326436 ], [ 14.958656694140789, 38.455900089931227 ], [ 14.959024143322891, 38.455226078582925 ], [ 14.959091464111248, 38.455128461261069 ], [ 14.960215070959611, 38.454344789791975 ], [ 14.962234956858046, 38.45356415084381 ], [ 14.962156453939276, 38.451231733597993 ], [ 14.959212617889525, 38.443502834866223 ], [ 14.959095320423694, 38.443205375263794 ], [ 14.958505738507622, 38.442245384519389 ], [ 14.958273872645787, 38.441916350527784 ], [ 14.957775727165803, 38.441370938508868 ], [ 14.956493115202486, 38.440113266338209 ], [ 14.955729693829053, 38.439529693585349 ], [ 14.954050164211566, 38.439157059165382 ], [ 14.953205043398691, 38.439224304501352 ], [ 14.953058958523762, 38.43924227914642 ], [ 14.945356584137935, 38.441027406853209 ], [ 14.942325680993742, 38.442589655775357 ], [ 14.942148614048396, 38.443240536075592 ], [ 14.9414664217386, 38.449367479052221 ], [ 14.934581084445609, 38.459465690789521 ], [ 14.919661409413665, 38.462624826557395 ], [ 14.918090163715032, 38.462921692521185 ], [ 14.917155879254496, 38.463196482021047 ], [ 14.913172080412917, 38.46500761413359 ], [ 14.899611367157727, 38.478177147078945 ], [ 14.899338204051254, 38.480867023050621 ], [ 14.899432572191611, 38.485700896556736 ], [ 14.899897572499619, 38.49155175331466 ], [ 14.902240049279257, 38.494838208276143 ], [ 14.903446889359433, 38.499205558697788 ], [ 14.903702233261978, 38.503378358819766 ], [ 14.903639939943684, 38.504937394852725 ], [ 14.903773867793577, 38.506630178560066 ], [ 14.90393138133466, 38.50797240352842 ], [ 14.904141578383397, 38.509371746067856 ], [ 14.904522338606998, 38.510879218128409 ], [ 14.904652430254158, 38.51119258791239 ], [ 14.905001667499759, 38.511912840847835 ], [ 14.905121518214701, 38.512089679006252 ], [ 14.905830103374361, 38.512827033015363 ], [ 14.906716016674141, 38.513674913657304 ], [ 14.907808086755994, 38.514565621533038 ], [ 14.912532147289745, 38.518367819780856 ], [ 14.914269143897926, 38.519094580384291 ], [ 14.923014249076022, 38.521984391368768 ], [ 14.924578140263312, 38.522485697544056 ], [ 14.925969511510489, 38.522930847519326 ], [ 14.926189399854673, 38.523000411142355 ], [ 14.927704024227159, 38.522640870211305 ], [ 14.927873309426431, 38.522550862372086 ], [ 14.928292312565524, 38.522267234132734 ], [ 14.928484889793511, 38.52212810845797 ], [ 14.92896967594125, 38.521726918391103 ], [ 14.92981575472751, 38.521095737995715 ], [ 14.930499254202608, 38.520682442970688 ], [ 14.930764506605346, 38.520560913294034 ], [ 14.930913191181961, 38.520508965142305 ], [ 14.931095991323783, 38.52044848401404 ], [ 14.931234886416286, 38.52041220469917 ], [ 14.931440208819815, 38.52035857489237 ], [ 14.931473079134093, 38.520351252954349 ], [ 14.932028856233822, 38.52022809681614 ], [ 14.933445062310046, 38.52010287816509 ], [ 14.939433427049616, 38.51968707478769 ], [ 14.942502034927323, 38.519625526207363 ], [ 14.945590633444487, 38.51964052297231 ], [ 14.94767816166893, 38.519979428144623 ], [ 14.954132451272891, 38.521820597176287 ], [ 14.957234872206795, 38.522889695739075 ], [ 14.960486816592745, 38.523386503891068 ] ] ], [ [ [ 14.36187562283207, 38.554336023052819 ], [ 14.362204228362959, 38.554272116254154 ], [ 14.362303868261893, 38.554252737685246 ], [ 14.362982821516621, 38.554044663853333 ], [ 14.36449703341186, 38.552818272815173 ], [ 14.364823653042992, 38.552545179513118 ], [ 14.365070430099768, 38.552213081958207 ], [ 14.365538780287885, 38.55148113971876 ], [ 14.365867756344494, 38.550937719509605 ], [ 14.366218361262369, 38.550218654631799 ], [ 14.366317719315841, 38.550011927262794 ], [ 14.366435991630025, 38.549750452413257 ], [ 14.366450705556506, 38.54971723389459 ], [ 14.366468583609828, 38.549676769984011 ], [ 14.366493285718397, 38.549620853461647 ], [ 14.366353327697924, 38.548570212480556 ], [ 14.365922935744887, 38.545634519546525 ], [ 14.363971994676811, 38.539139886868043 ], [ 14.363553210694983, 38.537835395374138 ], [ 14.36260622182728, 38.536220853224258 ], [ 14.360306847729984, 38.532658576683907 ], [ 14.359964209373457, 38.532267233288302 ], [ 14.359834645635514, 38.532124123202195 ], [ 14.35969608245223, 38.531978131823642 ], [ 14.359524727058545, 38.531816009220563 ], [ 14.359378410530951, 38.531714993367238 ], [ 14.359351213082782, 38.531697146019127 ], [ 14.359193505943253, 38.531647475142968 ], [ 14.356024241216341, 38.530665825862769 ], [ 14.35586052340374, 38.530648081472982 ], [ 14.355717647200164, 38.530632595834973 ], [ 14.353635359965084, 38.530630137937436 ], [ 14.349429532004507, 38.530746517467925 ], [ 14.349002547440277, 38.530762791890652 ], [ 14.348821130275343, 38.530783685538417 ], [ 14.348355650240659, 38.530875722660134 ], [ 14.347479272741738, 38.53105107732182 ], [ 14.345553070935697, 38.531619304918152 ], [ 14.344503039335203, 38.532052999207245 ], [ 14.343268217773048, 38.532735058469562 ], [ 14.342751121940774, 38.533088358620958 ], [ 14.342612012779499, 38.533214118885091 ], [ 14.342444119952622, 38.533415569576839 ], [ 14.342327771393261, 38.533565947364878 ], [ 14.341703407876027, 38.534434250805838 ], [ 14.340039901128463, 38.537843872275275 ], [ 14.339996019905227, 38.537966317375592 ], [ 14.339700657546789, 38.53889736975821 ], [ 14.339591353441707, 38.539559134142365 ], [ 14.339341010569601, 38.541837723222152 ], [ 14.339204361843061, 38.543274346077851 ], [ 14.339508709394204, 38.545772358295544 ], [ 14.339841579698325, 38.547017872472395 ], [ 14.339978305441234, 38.547437697140921 ], [ 14.340174495537006, 38.547943473882412 ], [ 14.340292241668324, 38.548246028751038 ], [ 14.341293322640574, 38.549206919792837 ], [ 14.34386445990981, 38.55166808267245 ], [ 14.345000968774553, 38.552575627835637 ], [ 14.3451520777915, 38.552680114209288 ], [ 14.345671952827084, 38.552935356997288 ], [ 14.346003307717632, 38.553094905028971 ], [ 14.347816281575572, 38.553677472920043 ], [ 14.348400634220193, 38.553803095661124 ], [ 14.349025889644455, 38.553891287201175 ], [ 14.349571348491455, 38.5539278145203 ], [ 14.351114677173685, 38.553884847678226 ], [ 14.354093568573285, 38.554122124946922 ], [ 14.358214591938237, 38.554584792996998 ], [ 14.360140340325952, 38.55459689846964 ], [ 14.360590499011444, 38.554630915419686 ], [ 14.360869197671745, 38.554587377322676 ], [ 14.36107769363225, 38.554540780421412 ], [ 14.361125065071228, 38.554530193018394 ], [ 14.36187562283207, 38.554336023052819 ] ] ], [ [ [ 14.55319931162497, 38.585840531974256 ], [ 14.553890307941977, 38.585789898948306 ], [ 14.55772089359664, 38.585258405279582 ], [ 14.561383738668134, 38.584749505660952 ], [ 14.575020890618905, 38.581470306427519 ], [ 14.575692918084522, 38.581274092898767 ], [ 14.576015742430336, 38.581040961278468 ], [ 14.576208890124564, 38.580897471568434 ], [ 14.576926777126396, 38.580354851466154 ], [ 14.57744141675359, 38.579712353077817 ], [ 14.580609577927904, 38.574866347173959 ], [ 14.580731395183205, 38.574645987912334 ], [ 14.581377431284452, 38.57261611356752 ], [ 14.581411600742456, 38.57167448908406 ], [ 14.581272880251513, 38.571345055467312 ], [ 14.58109417295335, 38.570988440932794 ], [ 14.580716235493062, 38.570323810208343 ], [ 14.580616885487345, 38.570153139349955 ], [ 14.580369018690957, 38.569810723273029 ], [ 14.58006051806953, 38.569596918795952 ], [ 14.580009488631619, 38.569488589754492 ], [ 14.579823843538183, 38.568843564234612 ], [ 14.579776361779041, 38.568618101451236 ], [ 14.579701347925671, 38.568194263709643 ], [ 14.579591831986486, 38.567292677683248 ], [ 14.57977210652429, 38.56491418664374 ], [ 14.579799593920383, 38.564630418195428 ], [ 14.58001180771255, 38.563666894985971 ], [ 14.580374757796273, 38.562442579225923 ], [ 14.58126228018971, 38.561305751138029 ], [ 14.581507566002124, 38.561067815465897 ], [ 14.58301365372188, 38.560135941192399 ], [ 14.583382127082855, 38.559929977855518 ], [ 14.584162250523232, 38.559495682008958 ], [ 14.584524782348964, 38.55932123272089 ], [ 14.585255021444812, 38.559075989717968 ], [ 14.585982237103233, 38.558853272513197 ], [ 14.586341351723455, 38.558773432528547 ], [ 14.587088176204919, 38.558636384375774 ], [ 14.587653984854034, 38.558539249453652 ], [ 14.587946632027368, 38.558544779716406 ], [ 14.588207456076782, 38.558595270066071 ], [ 14.588417371549513, 38.558640510617707 ], [ 14.588717567555285, 38.558705207985298 ], [ 14.588849028167017, 38.558795779354057 ], [ 14.589486021512252, 38.559302686037931 ], [ 14.590676103259007, 38.559706447889688 ], [ 14.591031165475398, 38.559775540468635 ], [ 14.591242216385357, 38.559781964891101 ], [ 14.591568191863701, 38.55977172718206 ], [ 14.591629649146222, 38.55976979688112 ], [ 14.592737053819915, 38.559210669977077 ], [ 14.592922042430782, 38.559053331904828 ], [ 14.593480441521757, 38.55823520099996 ], [ 14.593758555656686, 38.557763030493852 ], [ 14.593692588728905, 38.557011168374665 ], [ 14.593408567222557, 38.556129265947888 ], [ 14.593332738409002, 38.555932139675605 ], [ 14.593256093219718, 38.555787672670903 ], [ 14.593073319932921, 38.555633838800631 ], [ 14.592622542626318, 38.555304240435561 ], [ 14.592421809777973, 38.555162953147715 ], [ 14.592175629006574, 38.555058450611959 ], [ 14.591135833352897, 38.554757439932665 ], [ 14.58708260076796, 38.553594189270733 ], [ 14.584055512362509, 38.554615330573711 ], [ 14.584009575430732, 38.554686666798723 ], [ 14.583772155396609, 38.554992835800775 ], [ 14.583630604371637, 38.555159051580688 ], [ 14.583385084047885, 38.555442042556962 ], [ 14.583047559452122, 38.555726843872527 ], [ 14.582598664683969, 38.555984471340118 ], [ 14.578604154918745, 38.55706060202607 ], [ 14.577408503415048, 38.557380379582582 ], [ 14.576284356269642, 38.55759683020058 ], [ 14.568511146604838, 38.558794671519991 ], [ 14.567698668807841, 38.558872784052511 ], [ 14.564525975117585, 38.558739374398726 ], [ 14.564445672586617, 38.558734556541026 ], [ 14.564144558633537, 38.558706398719345 ], [ 14.563912755872963, 38.558650432360757 ], [ 14.561864030990563, 38.558134656428521 ], [ 14.560202083419695, 38.55771336992639 ], [ 14.553732644428173, 38.5604154964538 ], [ 14.546324746581812, 38.567118921352673 ], [ 14.541136198501681, 38.572034839902884 ], [ 14.539350849966235, 38.577549985065708 ], [ 14.539546764188147, 38.578498414125043 ], [ 14.541508133471476, 38.582449325413997 ], [ 14.544071224475683, 38.585413313118202 ], [ 14.546843122329816, 38.585554748568875 ], [ 14.55319931162497, 38.585840531974256 ] ] ], [ [ [ 14.800708327424513, 38.578971144288083 ], [ 14.80058790793411, 38.578944384286586 ], [ 14.800159753654636, 38.579252120673566 ], [ 14.800173134366824, 38.579426058305778 ], [ 14.800427350578744, 38.579787313986884 ], [ 14.80076184574853, 38.57981407289855 ], [ 14.801297039138944, 38.579599996477413 ], [ 14.801430837781169, 38.579533097042393 ], [ 14.801497736168196, 38.579452817633118 ], [ 14.801551256299188, 38.579372539250912 ], [ 14.80149773680019, 38.579305640270505 ], [ 14.800855505164691, 38.579011284091905 ], [ 14.800708327424513, 38.578971144288083 ] ] ], [ [ [ 14.866981334711671, 38.583081102616902 ], [ 14.867279418545728, 38.583076130021951 ], [ 14.867559019304736, 38.583058727387666 ], [ 14.868028413493656, 38.582905662660011 ], [ 14.868305382386225, 38.582799338904699 ], [ 14.868673491614729, 38.582627410205447 ], [ 14.869845593411801, 38.582069965496636 ], [ 14.872242017469436, 38.580594661700182 ], [ 14.872509972892548, 38.580166908217009 ], [ 14.871826991631192, 38.578682065820267 ], [ 14.871157262783832, 38.57567293570785 ], [ 14.871571615687126, 38.570636306419566 ], [ 14.87170142027388, 38.569860818317174 ], [ 14.87297747191975, 38.567176647595886 ], [ 14.874244123696078, 38.564879975966754 ], [ 14.874568058097267, 38.561771193240006 ], [ 14.872473142850207, 38.558632763259183 ], [ 14.869459726431792, 38.554213560924381 ], [ 14.869396734681434, 38.554132390787878 ], [ 14.869193525979657, 38.553852781963641 ], [ 14.869070518974937, 38.553654379252364 ], [ 14.868914870625037, 38.553399837968335 ], [ 14.868641459282527, 38.552932945339769 ], [ 14.868564308542709, 38.552761639445109 ], [ 14.868453172035753, 38.552346951471812 ], [ 14.868395770295443, 38.552069754944739 ], [ 14.868374354772055, 38.551517768140044 ], [ 14.868396468954108, 38.550400310940027 ], [ 14.868446018404741, 38.549368566714563 ], [ 14.869523687513897, 38.54104259994935 ], [ 14.869581743857911, 38.540659661795168 ], [ 14.869642421208811, 38.540425416893818 ], [ 14.869855484707392, 38.539984057767242 ], [ 14.869964853118489, 38.539785929004999 ], [ 14.870232421639281, 38.539344629224452 ], [ 14.870560115894493, 38.53897550019343 ], [ 14.870775652414531, 38.538750441388274 ], [ 14.866881944426298, 38.536213695294954 ], [ 14.8591596948465, 38.534933972667872 ], [ 14.855310745977555, 38.534649906010067 ], [ 14.85011865986664, 38.536220479813522 ], [ 14.847924661714222, 38.537407240982219 ], [ 14.841890871424944, 38.540634551292207 ], [ 14.836847808303769, 38.543178034665232 ], [ 14.828442106602159, 38.547230785599581 ], [ 14.820959754224219, 38.548210546358682 ], [ 14.806638682644961, 38.553324598082817 ], [ 14.805282730039663, 38.553962186245087 ], [ 14.803346075241681, 38.555004353589901 ], [ 14.803251230166609, 38.555058256779169 ], [ 14.803096697140347, 38.555176044352876 ], [ 14.797280219920523, 38.560238960961705 ], [ 14.796651826370086, 38.560797014333232 ], [ 14.796466042126438, 38.560994564424583 ], [ 14.796175063540394, 38.56140861071686 ], [ 14.79606535457172, 38.561642716476996 ], [ 14.796007586383181, 38.561777805052579 ], [ 14.795883254277294, 38.562111028057387 ], [ 14.795791986307124, 38.562445504194031 ], [ 14.795827097930804, 38.562687694548607 ], [ 14.795876511094628, 38.562893277208261 ], [ 14.796149134371221, 38.563472309418394 ], [ 14.80307304772664, 38.576042960603516 ], [ 14.806307239358167, 38.58084954308098 ], [ 14.807806323301929, 38.582444141938439 ], [ 14.813993197173724, 38.583017399082564 ], [ 14.820239105049286, 38.582977592296132 ], [ 14.834680961269957, 38.582422102224186 ], [ 14.83796909648842, 38.581773259626331 ], [ 14.839379820168153, 38.580744016991993 ], [ 14.844451826677105, 38.579578722935423 ], [ 14.844676066597312, 38.579532788362968 ], [ 14.84483308206009, 38.57950062423572 ], [ 14.845677718218489, 38.579436155974157 ], [ 14.846392269529863, 38.579491152765762 ], [ 14.846573042732629, 38.579509430264821 ], [ 14.848063014254173, 38.57970224121722 ], [ 14.848595962203943, 38.579773394708567 ], [ 14.8486510068883, 38.579782870420097 ], [ 14.849281691560812, 38.579891446957113 ], [ 14.851057525563187, 38.580290239940524 ], [ 14.854751844597065, 38.581538527078763 ], [ 14.856302746909293, 38.582211396276811 ], [ 14.859373789945124, 38.5825895535122 ], [ 14.860699871900787, 38.582582138640021 ], [ 14.862301894949526, 38.582708278832328 ], [ 14.863231432316145, 38.582799745563683 ], [ 14.864395434188586, 38.583010682248883 ], [ 14.865506484338418, 38.583200572628513 ], [ 14.866600163705701, 38.583156754086751 ], [ 14.866981334711671, 38.583081102616902 ] ] ], [ [ [ 15.063816850405487, 38.62460710253103 ], [ 15.063805274384409, 38.624507961506772 ], [ 15.063228180232246, 38.624238310571386 ], [ 15.062992197779444, 38.624174968290518 ], [ 15.062388961666947, 38.624022099859054 ], [ 15.062303428359742, 38.62403302516627 ], [ 15.062232946696605, 38.624042028134127 ], [ 15.062178512424772, 38.624060674338864 ], [ 15.062127848023838, 38.62429258745879 ], [ 15.062268453088951, 38.624393926536221 ], [ 15.062466900174259, 38.624481648841297 ], [ 15.062662223492191, 38.624517593247802 ], [ 15.063544060866244, 38.624661312948248 ], [ 15.063676151607126, 38.624652230331677 ], [ 15.063816850405487, 38.62460710253103 ] ] ], [ [ [ 15.106595560853544, 38.634718807446092 ], [ 15.106477743926673, 38.634682860869667 ], [ 15.106426130658519, 38.63474598903035 ], [ 15.10647233381076, 38.634912674176675 ], [ 15.106590684458199, 38.635300077716067 ], [ 15.106639584856346, 38.635340574681102 ], [ 15.106720039149074, 38.635363031788849 ], [ 15.106797911097138, 38.635382344309988 ], [ 15.106901062283008, 38.635407924269032 ], [ 15.10694123872044, 38.635376344750625 ], [ 15.106926533282321, 38.635146571984343 ], [ 15.10666551095802, 38.634793286030558 ], [ 15.106617821050026, 38.634742030182565 ], [ 15.106595560853544, 38.634718807446092 ] ] ], [ [ [ 15.111262795648935, 38.637109044218697 ], [ 15.111147268972298, 38.637079643863586 ], [ 15.111019859501887, 38.637120861604274 ], [ 15.110655520454673, 38.637414083940733 ], [ 15.110543671956677, 38.637540354899677 ], [ 15.110196818442185, 38.637995773042583 ], [ 15.11012364816156, 38.63811961625224 ], [ 15.110089001335073, 38.638302715199409 ], [ 15.110132531319909, 38.638396676831846 ], [ 15.110218712820208, 38.638498533480544 ], [ 15.110370957284209, 38.63851452307307 ], [ 15.111069280963971, 38.638096822741744 ], [ 15.111211566165272, 38.637985520975462 ], [ 15.111349123519886, 38.637818745893227 ], [ 15.111468016456762, 38.637584566238701 ], [ 15.111262795648935, 38.637109044218697 ] ] ], [ [ [ 15.097619902231708, 38.640339381592632 ], [ 15.097911575190787, 38.640295725993049 ], [ 15.098070345467022, 38.640199407573348 ], [ 15.098164585455489, 38.640093164200508 ], [ 15.09820841347069, 38.640019428132966 ], [ 15.098236472935033, 38.63915477567339 ], [ 15.098238185153994, 38.638975174875654 ], [ 15.098188044427095, 38.63887611779856 ], [ 15.098136184299316, 38.638777041750878 ], [ 15.098003961249386, 38.638714061573225 ], [ 15.097124875368319, 38.638647206201526 ], [ 15.096732674769109, 38.638653059953818 ], [ 15.096045423961222, 38.639103195146397 ], [ 15.095933491128132, 38.639179888633898 ], [ 15.09582463643134, 38.639405270690176 ], [ 15.097037991661372, 38.640242375265984 ], [ 15.097619902231708, 38.640339381592632 ] ] ], [ [ [ 15.114251104890515, 38.640406692894317 ], [ 15.114574014584303, 38.640276634832048 ], [ 15.114993596330825, 38.63994503654061 ], [ 15.115707204832669, 38.638966932394972 ], [ 15.115580198883775, 38.638812851408012 ], [ 15.115162489518442, 38.63863234908105 ], [ 15.114785626487402, 38.638574726034555 ], [ 15.114081285310631, 38.638519260627206 ], [ 15.112674533910505, 38.639029788427912 ], [ 15.112436574342105, 38.639334977910096 ], [ 15.112551998538214, 38.639531344633127 ], [ 15.112885086495341, 38.63978773821507 ], [ 15.113206577028787, 38.639997110520511 ], [ 15.11394926531765, 38.640411877294135 ], [ 15.114251104890515, 38.640406692894317 ] ] ], [ [ [ 15.099581580008728, 38.642740265933924 ], [ 15.099652825219918, 38.642658059464388 ], [ 15.100014530533263, 38.642153865468842 ], [ 15.099861079750665, 38.642005894719432 ], [ 15.099729550673397, 38.642071659260012 ], [ 15.099318522239175, 38.642718343702228 ], [ 15.099499374938807, 38.642745745516905 ], [ 15.099581580008728, 38.642740265933924 ] ] ], [ [ [ 15.064730863100515, 38.646729855673428 ], [ 15.064676085202809, 38.646513606056317 ], [ 15.064611414525686, 38.646528561582031 ], [ 15.064480769617298, 38.646558775277725 ], [ 15.063814566208546, 38.646892577821802 ], [ 15.063607835945055, 38.647009843657735 ], [ 15.063584892430006, 38.647068438142895 ], [ 15.063622281903312, 38.647104466347365 ], [ 15.063650008425153, 38.647118677096671 ], [ 15.063780347157287, 38.647185479143282 ], [ 15.064036138016535, 38.647279969338094 ], [ 15.06419028928191, 38.647276428285792 ], [ 15.064237213143253, 38.647275350338511 ], [ 15.064366427122856, 38.647180661218513 ], [ 15.064730863100515, 38.646729855673428 ] ] ], [ [ [ 15.072865804957539, 38.646662850824583 ], [ 15.07387479261145, 38.64623020392095 ], [ 15.074715031562542, 38.645801047371449 ], [ 15.076874090987578, 38.643977637392958 ], [ 15.077031023579345, 38.643591651818369 ], [ 15.077070697796721, 38.643432976370505 ], [ 15.077105394531721, 38.643294202789356 ], [ 15.077418656202498, 38.641295915887781 ], [ 15.077894609945821, 38.636743956146553 ], [ 15.077865994554156, 38.636001434976848 ], [ 15.075231336257417, 38.631296137361602 ], [ 15.073652488143916, 38.62937310383397 ], [ 15.073224102631682, 38.628927289883386 ], [ 15.072410969768896, 38.628621391638106 ], [ 15.063214563770021, 38.625549158639814 ], [ 15.057069501724499, 38.624818856576354 ], [ 15.056762365526493, 38.624920549209861 ], [ 15.056364912609761, 38.625103139915218 ], [ 15.055856963514286, 38.625415305832803 ], [ 15.055339936811425, 38.626125398766668 ], [ 15.055308941371283, 38.626225579637314 ], [ 15.05513078622106, 38.626801401974788 ], [ 15.054938829339845, 38.627427810134165 ], [ 15.054625980378619, 38.629072139368397 ], [ 15.057120348856831, 38.636681957956895 ], [ 15.057687608513353, 38.638149151161308 ], [ 15.059342442369106, 38.642187103087572 ], [ 15.060125062440779, 38.643709703948552 ], [ 15.06027748472035, 38.643885359080159 ], [ 15.060447115676981, 38.644065499846718 ], [ 15.060662769919176, 38.644290677777065 ], [ 15.060760398157873, 38.644388337144385 ], [ 15.060864004110361, 38.644457303314397 ], [ 15.061030655504391, 38.644488748116608 ], [ 15.061090383179518, 38.644463068901537 ], [ 15.061306377335654, 38.64436933734936 ], [ 15.061816778985648, 38.644029934050316 ], [ 15.066935857397739, 38.646287890933557 ], [ 15.068743775359808, 38.647224082939537 ], [ 15.069186278510749, 38.647309428495028 ], [ 15.069743687898095, 38.647367681193906 ], [ 15.069945739548753, 38.647387786831722 ], [ 15.07001376336247, 38.647394555275021 ], [ 15.072865804957539, 38.646662850824583 ] ] ], [ [ [ 15.108595210857741, 38.664975332433542 ], [ 15.108714892396954, 38.664914197554388 ], [ 15.109133869075398, 38.664323583565547 ], [ 15.108886320319519, 38.664265207384503 ], [ 15.108771381530884, 38.664265315151326 ], [ 15.108636626666057, 38.664291208892642 ], [ 15.108530090870422, 38.664319608648711 ], [ 15.107967362982073, 38.664635531689456 ], [ 15.10780658336798, 38.664725795849456 ], [ 15.107675887768181, 38.664827055933145 ], [ 15.107597415130746, 38.664965747607702 ], [ 15.107838724346935, 38.664997448045142 ], [ 15.1079967761659, 38.664997292728401 ], [ 15.108595210857741, 38.664975332433542 ] ] ], [ [ [ 15.114320251702885, 38.665991596948089 ], [ 15.114763357632786, 38.665923362451764 ], [ 15.117835645154576, 38.664576168764647 ], [ 15.118108237130071, 38.663112008417521 ], [ 15.11813278246367, 38.662009090643387 ], [ 15.117955959749066, 38.661072036506525 ], [ 15.117761334061193, 38.660995244083551 ], [ 15.11765979581776, 38.660955181251701 ], [ 15.112163901708767, 38.661573381197762 ], [ 15.1102712220078, 38.662059791982863 ], [ 15.109617823489957, 38.663333098668971 ], [ 15.110413179043714, 38.66432993670962 ], [ 15.11264148359472, 38.665335769221706 ], [ 15.114320251702885, 38.665991596948089 ] ] ], [ [ [ 15.22140072190582, 38.811952742174981 ], [ 15.22324329956845, 38.811386732458175 ], [ 15.233401662291094, 38.808622863860116 ], [ 15.239395175442233, 38.806315366589942 ], [ 15.239843367507415, 38.806117778894759 ], [ 15.242266308138076, 38.8049686399047 ], [ 15.242602125244536, 38.804661552837445 ], [ 15.242976558631653, 38.803854225869202 ], [ 15.243127998415742, 38.803515979807123 ], [ 15.243165100033309, 38.80341677851969 ], [ 15.243181816528933, 38.803254547149479 ], [ 15.243195627491602, 38.803078792263527 ], [ 15.243150817091378, 38.802605772980009 ], [ 15.241949628583692, 38.799868741953112 ], [ 15.241479788252631, 38.799280650400327 ], [ 15.23612871344365, 38.794175535922484 ], [ 15.232476105369125, 38.790506894174584 ], [ 15.232034190531047, 38.790054662326668 ], [ 15.231687566778229, 38.789679386395321 ], [ 15.2313148282255, 38.78924756665544 ], [ 15.230817679619296, 38.788617732245676 ], [ 15.230641171012469, 38.788329719744631 ], [ 15.229988695519364, 38.786839572080076 ], [ 15.229661731693648, 38.785411884237213 ], [ 15.229762300095516, 38.784456443000948 ], [ 15.229429899493685, 38.78219746532514 ], [ 15.226875837606483, 38.777228508341231 ], [ 15.226415743865614, 38.776958578078677 ], [ 15.21721630863177, 38.772400352969562 ], [ 15.207479239314754, 38.774981860633481 ], [ 15.194528056755656, 38.781267214679779 ], [ 15.189772220873943, 38.785637124544685 ], [ 15.189583561917065, 38.785847189595195 ], [ 15.188434138903141, 38.788288907108139 ], [ 15.18753433791926, 38.790218176341106 ], [ 15.187459609645209, 38.790654524390256 ], [ 15.187536473432846, 38.791263442068704 ], [ 15.187702028659034, 38.791949396315168 ], [ 15.187729131870892, 38.792051732643074 ], [ 15.189004111291876, 38.795217254343882 ], [ 15.189596333734002, 38.795991287136523 ], [ 15.189638195834753, 38.79602533523645 ], [ 15.189662683349313, 38.796045250534192 ], [ 15.190160992444959, 38.796148073230853 ], [ 15.192269127581758, 38.796451020344129 ], [ 15.194003029758615, 38.796690719426977 ], [ 15.195182587604361, 38.797075291653627 ], [ 15.198701803835597, 38.798762828188849 ], [ 15.199934703199718, 38.79955856542113 ], [ 15.20443520764819, 38.802508694990806 ], [ 15.204668966558634, 38.802688006958661 ], [ 15.205886854130323, 38.803622202627459 ], [ 15.207070804079409, 38.804937311241098 ], [ 15.207920369481331, 38.806024128592838 ], [ 15.209028974168847, 38.807195564899153 ], [ 15.209808858375768, 38.807843076532087 ], [ 15.212847901438552, 38.810230126230593 ], [ 15.213140280404428, 38.810416746848624 ], [ 15.213213236549327, 38.810456042537517 ], [ 15.216180953079915, 38.811701901269025 ], [ 15.216281786810191, 38.81171974054454 ], [ 15.216664916882978, 38.8117730963532 ], [ 15.220287665973187, 38.812110331101742 ], [ 15.220464020125078, 38.812126453080367 ], [ 15.220613742753434, 38.812121656939219 ], [ 15.220913033132364, 38.812062525874531 ], [ 15.221111593114854, 38.812021590683237 ], [ 15.22140072190582, 38.811952742174981 ] ] ], [ [ [ 15.25254607157081, 38.817478290232934 ], [ 15.252606012476061, 38.817392658699482 ], [ 15.252596427039595, 38.817267668372516 ], [ 15.25258513989411, 38.817158779855987 ], [ 15.25207670686641, 38.816984842326114 ], [ 15.251903839251048, 38.816973067668059 ], [ 15.251783955876011, 38.817024446177996 ], [ 15.251724014773215, 38.817075824509189 ], [ 15.251295860599214, 38.817529668887488 ], [ 15.251235918528188, 38.817658114513975 ], [ 15.251587005379331, 38.817700929927014 ], [ 15.251672636596847, 38.817683804013022 ], [ 15.25254607157081, 38.817478290232934 ] ] ] ] } },
{ "type": "Feature", "properties": { "provincia": "Agrigento", "sigla": "AG" }, "geometry": { "type": "MultiPolygon", "coordinates": [ [ [ [ 12.558767455799844, 35.511153067620469 ], [ 12.560104773583062, 35.50894091968059 ], [ 12.560013924501686, 35.508856539933298 ], [ 12.559776028184007, 35.50883982400309 ], [ 12.559578896425839, 35.508869392965636 ], [ 12.557693755961832, 35.509253540411486 ], [ 12.55762660720977, 35.509267395135524 ], [ 12.557079724878905, 35.510035458633965 ], [ 12.557027654814496, 35.510171548907707 ], [ 12.557143301125056, 35.51048868892115 ], [ 12.557327440358725, 35.51071278381805 ], [ 12.558338553246978, 35.511359650186954 ], [ 12.558550716483444, 35.511341511990011 ], [ 12.55870930404379, 35.511206231679338 ], [ 12.558767455799844, 35.511153067620469 ] ] ], [ [ [ 12.52835515413317, 35.528702604447716 ], [ 12.528310144190804, 35.528590674447102 ], [ 12.52818296883351, 35.528600360186303 ], [ 12.528044228699734, 35.528678928973903 ], [ 12.527904729253951, 35.528906532238743 ], [ 12.527844147406844, 35.529021554851866 ], [ 12.527944543486715, 35.529066298422791 ], [ 12.528201233009453, 35.529017057377779 ], [ 12.528276129618975, 35.528979100564314 ], [ 12.528371307218729, 35.528904787450244 ], [ 12.528408749279368, 35.528844086151381 ], [ 12.528434199046929, 35.528790300672398 ], [ 12.528404965745034, 35.52875777005449 ], [ 12.52835515413317, 35.528702604447716 ] ] ], [ [ [ 12.540912715782797, 35.52890096124986 ], [ 12.54364656010897, 35.528725201211032 ], [ 12.544340178819855, 35.528580817304061 ], [ 12.548288654007401, 35.527377395041221 ], [ 12.552686780831912, 35.525414684757962 ], [ 12.555457000321972, 35.524858163290091 ], [ 12.565352740118573, 35.525763045321533 ], [ 12.583642971671187, 35.523073394754142 ], [ 12.591304921304395, 35.521139371263196 ], [ 12.594169794183125, 35.520939776803331 ], [ 12.596344089464848, 35.521572317738716 ], [ 12.599301723176382, 35.523266750999575 ], [ 12.607504755346097, 35.524491454739753 ], [ 12.608142009788168, 35.523638762926637 ], [ 12.609606848247738, 35.522207543814702 ], [ 12.610921491693359, 35.521656708548782 ], [ 12.611432487095062, 35.521621773697852 ], [ 12.6125608095986, 35.521590026010301 ], [ 12.614644814051179, 35.521611264444473 ], [ 12.61693714886218, 35.521656599615639 ], [ 12.619040201016169, 35.522466325019629 ], [ 12.619473347177113, 35.522547000726924 ], [ 12.621032174376879, 35.522406498476322 ], [ 12.622787184408677, 35.522062526852871 ], [ 12.62791893973143, 35.520405877926422 ], [ 12.632170846379376, 35.51802829979701 ], [ 12.632946506804144, 35.517502992464109 ], [ 12.633180555848897, 35.517011176964765 ], [ 12.633219038740577, 35.516709110837382 ], [ 12.633099690406468, 35.51587350847683 ], [ 12.631788753191355, 35.515255025824118 ], [ 12.628931398777214, 35.514755948974539 ], [ 12.628328527486932, 35.514918503174314 ], [ 12.625956301134149, 35.514683296876953 ], [ 12.624560888522343, 35.512186216798597 ], [ 12.625425066779405, 35.505472801004167 ], [ 12.627941735262221, 35.504563120890623 ], [ 12.630470494227986, 35.503653856058598 ], [ 12.630573259158149, 35.503593795326609 ], [ 12.630888296609385, 35.503409669972733 ], [ 12.631256656325808, 35.503159187315752 ], [ 12.631596907565124, 35.502927815604451 ], [ 12.63316737385211, 35.501813854175801 ], [ 12.633157603612817, 35.500435918024245 ], [ 12.632176798373546, 35.494159504156791 ], [ 12.631396604872208, 35.493706232772745 ], [ 12.629169575653991, 35.493451471270028 ], [ 12.628660643533875, 35.493478718100356 ], [ 12.627206622250869, 35.493558256038348 ], [ 12.62016012944393, 35.494058200337328 ], [ 12.608431890150454, 35.493633956256495 ], [ 12.606812240781339, 35.497853693529009 ], [ 12.605421179521876, 35.501617631439807 ], [ 12.605387820961344, 35.501679295103841 ], [ 12.604810784795625, 35.502497902385819 ], [ 12.604343280524548, 35.502650865970551 ], [ 12.604097467574938, 35.502548397423915 ], [ 12.602756345198864, 35.501897108917532 ], [ 12.60165803013612, 35.501335530197146 ], [ 12.601502958521452, 35.500989925979468 ], [ 12.60016942714034, 35.497529774608402 ], [ 12.593738014311089, 35.498438980476521 ], [ 12.580010652531625, 35.504906548665204 ], [ 12.563588358291378, 35.511630750675849 ], [ 12.547431753946583, 35.513689977095893 ], [ 12.531610346572688, 35.515502800815213 ], [ 12.529426095097959, 35.515700322477876 ], [ 12.518267477687479, 35.518735139537704 ], [ 12.517718261422083, 35.51951411964064 ], [ 12.517304676626374, 35.520193768634194 ], [ 12.517253078849787, 35.521148952962953 ], [ 12.517880957414356, 35.521642905855671 ], [ 12.518110373642235, 35.521641220242117 ], [ 12.518526108039886, 35.521638163882436 ], [ 12.525356653480074, 35.527466267031258 ], [ 12.526511206260635, 35.52801901833697 ], [ 12.527995738072352, 35.528331658751235 ], [ 12.53236833772961, 35.528673641585684 ], [ 12.540912715782797, 35.52890096124986 ] ] ], [ [ [ 12.32111770346479, 35.550495380924332 ], [ 12.320791913998953, 35.55050840531343 ], [ 12.320645727354492, 35.55057190826038 ], [ 12.320436614707086, 35.550662747058901 ], [ 12.320111387373053, 35.550888428905679 ], [ 12.319946268927863, 35.55122870057869 ], [ 12.320071805000293, 35.551930011372548 ], [ 12.320162424392109, 35.552272285865556 ], [ 12.320400049140622, 35.553003133918146 ], [ 12.320663895203456, 35.553277162095945 ], [ 12.322128982669172, 35.552586396623454 ], [ 12.322708357951543, 35.552078753152045 ], [ 12.322734856583224, 35.551863030660023 ], [ 12.321640562716871, 35.55077514722597 ], [ 12.321441692758173, 35.550619752275416 ], [ 12.32111770346479, 35.550495380924332 ] ] ], [ [ [ 12.875432938076619, 35.875376048129532 ], [ 12.877266941256581, 35.874824531333651 ], [ 12.878481139543206, 35.873836421767578 ], [ 12.879449338144644, 35.87272677011083 ], [ 12.882351157647525, 35.862943603328951 ], [ 12.883340566034095, 35.859571733084238 ], [ 12.883357740667739, 35.858093723913292 ], [ 12.883303088885237, 35.857858391326218 ], [ 12.883154933885805, 35.857287904655365 ], [ 12.883042425997365, 35.857042523949787 ], [ 12.881501567253061, 35.855131411278109 ], [ 12.881237598393106, 35.854856332710845 ], [ 12.881061836011483, 35.85469999584609 ], [ 12.880939241041753, 35.854625727479245 ], [ 12.880737759724651, 35.854604143037363 ], [ 12.876703497980078, 35.855371199389403 ], [ 12.864934138328767, 35.855531516125005 ], [ 12.859511324889418, 35.855029986505819 ], [ 12.859177310065464, 35.855117207374178 ], [ 12.85903463683081, 35.855154464040211 ], [ 12.858874992848323, 35.855219014405712 ], [ 12.858516893514357, 35.855363807117641 ], [ 12.858198540320554, 35.855562001412387 ], [ 12.858108667491946, 35.855617953360266 ], [ 12.856573484781025, 35.857014770403516 ], [ 12.854295611887737, 35.861210704722822 ], [ 12.850607022952634, 35.86692885683582 ], [ 12.850179095559948, 35.871372621147309 ], [ 12.858645872528594, 35.874746309074872 ], [ 12.864419174004935, 35.874941520852673 ], [ 12.865312736358726, 35.874657765887783 ], [ 12.86618363142059, 35.874501897442428 ], [ 12.871784950150595, 35.874709474402493 ], [ 12.873381696982001, 35.875053264375779 ], [ 12.874040768395107, 35.875337887822674 ], [ 12.874639107694213, 35.875454105294153 ], [ 12.875090463826606, 35.875453085246654 ], [ 12.875432938076619, 35.875376048129532 ] ] ], [ [ [ 13.857435801639067, 37.112658199323747 ], [ 13.857516452390835, 37.112523838681284 ], [ 13.857544033956975, 37.112373788887368 ], [ 13.85753452400535, 37.112225261447108 ], [ 13.857474608044356, 37.112102630549359 ], [ 13.856025201016099, 37.111769001028428 ], [ 13.855594340668627, 37.112823158617559 ], [ 13.85575049947999, 37.112825892114081 ], [ 13.856332372675833, 37.112733292009551 ], [ 13.857198926209294, 37.112775417196005 ], [ 13.857341073765324, 37.112805050369758 ], [ 13.857435801639067, 37.112658199323747 ] ] ], [ [ [ 13.020553065042014, 37.741738750622439 ], [ 13.026591628887727, 37.73951980163293 ], [ 13.033951413587337, 37.733721763356392 ], [ 13.035218708189678, 37.727840953713503 ], [ 13.04124835102373, 37.721008369025647 ], [ 13.044376576061602, 37.715701900091524 ], [ 13.045557514519935, 37.71349498459157 ], [ 13.046661735947291, 37.712047587006403 ], [ 13.049385488038196, 37.709863905645882 ], [ 13.054182323214443, 37.706879417827516 ], [ 13.063891503232224, 37.701905026538014 ], [ 13.073496336176071, 37.69605663702098 ], [ 13.079691451018496, 37.692004907714278 ], [ 13.100227187077685, 37.694037460154739 ], [ 13.102518522803082, 37.69520414758739 ], [ 13.107572318869881, 37.697592789795436 ], [ 13.109021716702888, 37.69813164306661 ], [ 13.109111635265982, 37.698165071090024 ], [ 13.110810857301605, 37.698706992257151 ], [ 13.122472610488858, 37.701307619012958 ], [ 13.123648354939002, 37.701453340666305 ], [ 13.124970182726875, 37.701231372977929 ], [ 13.126231574526559, 37.700673742091865 ], [ 13.127478736066855, 37.699783332045087 ], [ 13.130613196341846, 37.697374250564529 ], [ 13.144002197590376, 37.688961447014812 ], [ 13.147325024745767, 37.687596914481247 ], [ 13.148250499418202, 37.687323351383036 ], [ 13.149158708143146, 37.687311617993835 ], [ 13.159576634951431, 37.687393348274433 ], [ 13.161805832480205, 37.689454773244336 ], [ 13.166509296846437, 37.690952481239265 ], [ 13.167726241735261, 37.691278688922822 ], [ 13.171402684527314, 37.691677649840685 ], [ 13.179662523207359, 37.692148249982118 ], [ 13.180872301162605, 37.692114627429547 ], [ 13.186592358570106, 37.691507677095998 ], [ 13.18831270417818, 37.690364770711518 ], [ 13.191417533813143, 37.688003897622714 ], [ 13.191816880682648, 37.687460496527237 ], [ 13.191988133144182, 37.686929736686643 ], [ 13.192025085469565, 37.686354211157941 ], [ 13.191844912206932, 37.685369835411564 ], [ 13.193020152565266, 37.683284062985656 ], [ 13.204501433067874, 37.676926426921355 ], [ 13.206768343700826, 37.676102630576601 ], [ 13.209389059260106, 37.675876251565938 ], [ 13.211316242944168, 37.675438045163652 ], [ 13.213179327341198, 37.674654451550616 ], [ 13.213924275877204, 37.673962547162638 ], [ 13.214661837231942, 37.672109532905829 ], [ 13.214857623131124, 37.671490021932257 ], [ 13.214913823176632, 37.671217253629649 ], [ 13.214972600084653, 37.670931973027088 ], [ 13.215024134545819, 37.670359193366401 ], [ 13.215035607515578, 37.670231660448351 ], [ 13.212592372659753, 37.658125704378314 ], [ 13.210876782991257, 37.650316890758432 ], [ 13.209284562145845, 37.647703356949165 ], [ 13.209164500204695, 37.647349797526935 ], [ 13.20909469602694, 37.647144235444081 ], [ 13.209097616959738, 37.647074034970444 ], [ 13.209121472496586, 37.646512447951778 ], [ 13.209480685992625, 37.645687771948936 ], [ 13.211962716010012, 37.641406510768185 ], [ 13.21640753032078, 37.63708582394154 ], [ 13.22603767864166, 37.630492572097687 ], [ 13.233308523538682, 37.627832683644336 ], [ 13.233477192551339, 37.627839822850994 ], [ 13.234270922545809, 37.627871078615946 ], [ 13.234463206694034, 37.627844867733387 ], [ 13.2347371818441, 37.62780752012069 ], [ 13.235020617739265, 37.627768881432033 ], [ 13.235567703151185, 37.627569059521953 ], [ 13.237370390719898, 37.626611931566295 ], [ 13.244526252268802, 37.621105960880278 ], [ 13.248084137893422, 37.617705875949021 ], [ 13.248738168509119, 37.616392027569731 ], [ 13.248936032940598, 37.615961605390567 ], [ 13.249072574053558, 37.615107711588763 ], [ 13.249004387141765, 37.615011352213457 ], [ 13.248693918599756, 37.614572606045421 ], [ 13.253399306200315, 37.615640596530845 ], [ 13.256316941696369, 37.621533558423017 ], [ 13.257961122199772, 37.62462241158098 ], [ 13.260019213781797, 37.628415234669554 ], [ 13.265505139780872, 37.637174341111347 ], [ 13.268908177437996, 37.641654685766113 ], [ 13.273659004845014, 37.644949594088146 ], [ 13.277107249614609, 37.646976432145742 ], [ 13.287060633309173, 37.643661788688696 ], [ 13.289941164771438, 37.642645771237028 ], [ 13.291935764896232, 37.641745346656798 ], [ 13.292028891987028, 37.640604146342447 ], [ 13.299680770915396, 37.639569082945634 ], [ 13.302439305344334, 37.639926514095038 ], [ 13.308943156640357, 37.641910064493743 ], [ 13.315705828125235, 37.644851802685267 ], [ 13.321130257742729, 37.649395129695236 ], [ 13.321618035601331, 37.649806154164743 ], [ 13.32209281763844, 37.652723677838836 ], [ 13.325322618459545, 37.659536544232843 ], [ 13.325729480359284, 37.66023842645685 ], [ 13.326519359872599, 37.661378298940541 ], [ 13.327795212472941, 37.662412700388593 ], [ 13.328773557980229, 37.662318341849982 ], [ 13.338168589317533, 37.659898724326759 ], [ 13.344950265445283, 37.657981717497336 ], [ 13.34709183520523, 37.657268352087662 ], [ 13.348360372472829, 37.656293810625662 ], [ 13.348827170337872, 37.655146210466476 ], [ 13.350742499171968, 37.648712977146879 ], [ 13.347724949357168, 37.644567972943612 ], [ 13.338572174138523, 37.639508089828936 ], [ 13.327660285306916, 37.631578497633456 ], [ 13.322944866879714, 37.628048430771251 ], [ 13.319915929395233, 37.6257179205992 ], [ 13.320415785435937, 37.62463452869931 ], [ 13.324699643658381, 37.624083252338103 ], [ 13.327922598396007, 37.620948996200006 ], [ 13.333083302005509, 37.611980655011784 ], [ 13.333619597052476, 37.610835075821029 ], [ 13.333916476120953, 37.608712052888009 ], [ 13.333801800772381, 37.607250408045346 ], [ 13.33370726687054, 37.606698472962108 ], [ 13.333540427899337, 37.605724361042846 ], [ 13.3315189581614, 37.599315817829833 ], [ 13.3270756246588, 37.594962430576068 ], [ 13.325765785322343, 37.594249454376794 ], [ 13.324023405048104, 37.592295302113463 ], [ 13.320671288834168, 37.588129356114855 ], [ 13.320707586844938, 37.588079531549724 ], [ 13.320723678201164, 37.588057444545314 ], [ 13.320864438659816, 37.587864246070424 ], [ 13.320896265891356, 37.58782056242584 ], [ 13.321021880093324, 37.587648153370083 ], [ 13.32174699629077, 37.587099143750123 ], [ 13.323053094638022, 37.586432006172529 ], [ 13.325996358490432, 37.584977442819948 ], [ 13.328710122184148, 37.583765392555826 ], [ 13.340610468205925, 37.576964241598546 ], [ 13.342651644494795, 37.573921291632971 ], [ 13.340909572611341, 37.568057193538792 ], [ 13.338350038090089, 37.560107901648038 ], [ 13.338046141668649, 37.559545540600148 ], [ 13.338047845050097, 37.559499701208026 ], [ 13.33806770154259, 37.55905774274629 ], [ 13.33971897828293, 37.554034176038058 ], [ 13.341586529017491, 37.550645507149326 ], [ 13.344529836768363, 37.546536523011305 ], [ 13.355211340025857, 37.541380024979354 ], [ 13.357545426870077, 37.540641719931855 ], [ 13.360936611980973, 37.543046233692635 ], [ 13.364648554434353, 37.545076845863598 ], [ 13.367297314812607, 37.546346324410308 ], [ 13.374078843348221, 37.548695490619039 ], [ 13.377589932524151, 37.549898286110796 ], [ 13.385029469662294, 37.552149077573596 ], [ 13.395555328238309, 37.555427753733802 ], [ 13.400456256740496, 37.558515392823978 ], [ 13.403836196811724, 37.569472880612651 ], [ 13.403979332773201, 37.570197070948829 ], [ 13.404049163646754, 37.570649292466769 ], [ 13.40372827743729, 37.570832406394317 ], [ 13.402633825932435, 37.571161520323976 ], [ 13.401407217761124, 37.571360467082989 ], [ 13.392230824426793, 37.572778340637093 ], [ 13.387718435225676, 37.579033547695282 ], [ 13.384178549511205, 37.586843578711175 ], [ 13.3826644016931, 37.59032921301592 ], [ 13.381334816936263, 37.598403631761173 ], [ 13.381185991217681, 37.599519246806615 ], [ 13.381264108562501, 37.600583626121235 ], [ 13.381389043650596, 37.601011164998745 ], [ 13.381683363452648, 37.602011369810036 ], [ 13.382053077447841, 37.602884758575755 ], [ 13.386577954289303, 37.611938530938787 ], [ 13.387057636469228, 37.612434659177076 ], [ 13.390977248455046, 37.615976616477795 ], [ 13.391898050063743, 37.616711628803024 ], [ 13.394520331208446, 37.616817361347849 ], [ 13.394856639508182, 37.61680481204187 ], [ 13.395544744631986, 37.616779131576685 ], [ 13.395621002203018, 37.616775883755189 ], [ 13.396327403325783, 37.616524753051046 ], [ 13.396778637195204, 37.616279588678665 ], [ 13.397199573252548, 37.616050882321396 ], [ 13.397373563168557, 37.616065244680762 ], [ 13.398251323477794, 37.616137702081758 ], [ 13.400480274991375, 37.616828296907883 ], [ 13.400920304871951, 37.617830129352761 ], [ 13.396526163148646, 37.625242504126881 ], [ 13.395744711174371, 37.626296179777817 ], [ 13.395472609162169, 37.626634973038733 ], [ 13.395394820816723, 37.626731826080373 ], [ 13.395307744765683, 37.62684024265036 ], [ 13.394464660474105, 37.627296408753203 ], [ 13.393719505990887, 37.627648758200152 ], [ 13.39318256205812, 37.627902649228609 ], [ 13.388100589744649, 37.633905924100546 ], [ 13.387056616722369, 37.637895929496054 ], [ 13.385507952997717, 37.650019817716718 ], [ 13.385130698425137, 37.650169961181184 ], [ 13.384444213263933, 37.650474739384926 ], [ 13.383845718934515, 37.650891059461117 ], [ 13.383369837492033, 37.651406404242529 ], [ 13.383348304093635, 37.651661090549226 ], [ 13.38333498809901, 37.651818585788114 ], [ 13.383308919231165, 37.652126943473149 ], [ 13.383478330863371, 37.652646476426902 ], [ 13.383521471189395, 37.652778772915923 ], [ 13.384019138936763, 37.653354670737372 ], [ 13.384639175020299, 37.653678498654052 ], [ 13.384904507794911, 37.653817072545415 ], [ 13.395849784941044, 37.659484228062993 ], [ 13.404738726259541, 37.659773056072716 ], [ 13.407348251722615, 37.659132742989421 ], [ 13.409127074542683, 37.658669852185795 ], [ 13.414212828477073, 37.655646697786722 ], [ 13.417716512669841, 37.653110791293173 ], [ 13.41772895303942, 37.653083766726994 ], [ 13.419310304961169, 37.650002007292407 ], [ 13.419811468442594, 37.64928106469501 ], [ 13.42009300082834, 37.648876065312997 ], [ 13.42028540103176, 37.648638979308096 ], [ 13.421490125789838, 37.647154962668722 ], [ 13.421555519866688, 37.647094381024516 ], [ 13.423812485442717, 37.645014426038621 ], [ 13.424508183739565, 37.644471631912936 ], [ 13.424864068603853, 37.644193961382506 ], [ 13.425285425633714, 37.64386520435 ], [ 13.425367854929071, 37.643800890288766 ], [ 13.426291762815172, 37.643232241109189 ], [ 13.426344511410525, 37.643201280336832 ], [ 13.426528013719548, 37.643292129145252 ], [ 13.426691933904429, 37.643377357037998 ], [ 13.444714421847818, 37.656268239156759 ], [ 13.446876647024981, 37.658871873725751 ], [ 13.452910369190169, 37.660437540596106 ], [ 13.454248335374489, 37.660621100346489 ], [ 13.456166262639806, 37.660629560472792 ], [ 13.457055539363497, 37.660415759538537 ], [ 13.457735575497116, 37.659865393318519 ], [ 13.459751871452742, 37.657746817531219 ], [ 13.459888452351834, 37.6575949279421 ], [ 13.460296839657918, 37.657140759689177 ], [ 13.460624142730454, 37.65656303070282 ], [ 13.460770538548529, 37.656299333102162 ], [ 13.460974936123019, 37.6555907256434 ], [ 13.462010182360052, 37.651566168818867 ], [ 13.462652123507803, 37.648493175733407 ], [ 13.465292539968619, 37.647958491916803 ], [ 13.479207875993168, 37.652137708847768 ], [ 13.493365026210569, 37.655450867019425 ], [ 13.507875641779327, 37.658792194476497 ], [ 13.511479546170939, 37.653398804209587 ], [ 13.511087123712029, 37.652404428004289 ], [ 13.510594362638846, 37.64926213094666 ], [ 13.510561520185137, 37.648900107946304 ], [ 13.510491978022133, 37.648133508016855 ], [ 13.510861031493389, 37.647272787078151 ], [ 13.511315835786428, 37.646647437508747 ], [ 13.516388389874022, 37.642359610125261 ], [ 13.5192927354743, 37.64105258625073 ], [ 13.525044784083123, 37.638596552366046 ], [ 13.52761129787096, 37.638030591281264 ], [ 13.531239275595443, 37.637411464946751 ], [ 13.536474140431904, 37.637084262108651 ], [ 13.537165415990879, 37.637215067135742 ], [ 13.537753228193742, 37.637326772755678 ], [ 13.541136550846863, 37.63839564621469 ], [ 13.548992826930125, 37.638978683333313 ], [ 13.555140365735205, 37.636998467508967 ], [ 13.563704427556853, 37.635455479218976 ], [ 13.564566769575681, 37.635401797335071 ], [ 13.566965748097346, 37.635647771161011 ], [ 13.569101948351939, 37.635940339815676 ], [ 13.572541674636982, 37.637364112436195 ], [ 13.579047754849501, 37.640308383170151 ], [ 13.583995249317518, 37.644621537749892 ], [ 13.584479155400269, 37.645050125095437 ], [ 13.585447585914959, 37.645919941673888 ], [ 13.585754108594244, 37.646232784206191 ], [ 13.58590231821691, 37.646384048725892 ], [ 13.586480346986079, 37.646987436541778 ], [ 13.586501629215114, 37.64701265022665 ], [ 13.586932299964412, 37.647658796156051 ], [ 13.587251861180814, 37.648226042246534 ], [ 13.587305884163932, 37.648321936620249 ], [ 13.587478955977389, 37.648729468640397 ], [ 13.587604920330024, 37.649899848964658 ], [ 13.587581583241342, 37.650497395140803 ], [ 13.590896493381004, 37.652041015505006 ], [ 13.60148414438785, 37.655923269144537 ], [ 13.608905486563334, 37.656100268823181 ], [ 13.614487841808577, 37.656204642238755 ], [ 13.622634486029492, 37.656234502945075 ], [ 13.651223226175521, 37.658388053818115 ], [ 13.659174361569875, 37.662553938316748 ], [ 13.668813841439579, 37.669394530451036 ], [ 13.669186892782072, 37.669735478186531 ], [ 13.669293105968585, 37.66983255142722 ], [ 13.670196366528968, 37.671338954910439 ], [ 13.670680281614315, 37.672155029083818 ], [ 13.67214966885761, 37.674861929900416 ], [ 13.673330704928823, 37.678034104048265 ], [ 13.673780052509729, 37.679571982489989 ], [ 13.674210491950378, 37.682137278516073 ], [ 13.674239838025938, 37.684326742459461 ], [ 13.673492656631813, 37.684867496281491 ], [ 13.672366837268395, 37.687586910568157 ], [ 13.67232486229172, 37.687796274814453 ], [ 13.67215120680247, 37.688662439187461 ], [ 13.672133377593525, 37.688766279468837 ], [ 13.673096899174482, 37.689307264918192 ], [ 13.676636291813827, 37.691132144092883 ], [ 13.677748824994785, 37.691702553927726 ], [ 13.678818540383801, 37.692166593540314 ], [ 13.679879375582777, 37.692466606880117 ], [ 13.681154148706867, 37.692823407763235 ], [ 13.691396637151382, 37.694711895281586 ], [ 13.692708194825153, 37.69491479102161 ], [ 13.692912384674441, 37.694946377290954 ], [ 13.695533702928993, 37.69487556014311 ], [ 13.695652075576556, 37.69481287532745 ], [ 13.696117652979085, 37.694566323210246 ], [ 13.703199289993231, 37.690670124528708 ], [ 13.710508762746468, 37.687140799937168 ], [ 13.716439130904424, 37.685932987276352 ], [ 13.723351301203222, 37.684638096159105 ], [ 13.726836229204896, 37.685069108450556 ], [ 13.727398726045788, 37.685112260125948 ], [ 13.729282354318292, 37.685256741076643 ], [ 13.730202495244706, 37.685158963504165 ], [ 13.730805311780474, 37.684625880872865 ], [ 13.730927956518522, 37.684517422421109 ], [ 13.732264454107412, 37.683306470676669 ], [ 13.732499668657635, 37.682988933208641 ], [ 13.732542021229081, 37.682930428875295 ], [ 13.738863586856768, 37.681997852810227 ], [ 13.745959840602048, 37.680813538747387 ], [ 13.750101849425413, 37.679813622579822 ], [ 13.757428973071296, 37.679400493961289 ], [ 13.761057871457954, 37.679215237249906 ], [ 13.761929267307938, 37.679337786451349 ], [ 13.762428558741551, 37.679408043696831 ], [ 13.76247232874406, 37.679419900132082 ], [ 13.763633494392918, 37.679776254863526 ], [ 13.76496538161916, 37.680184984471971 ], [ 13.765755600012008, 37.681067018545257 ], [ 13.770697037744672, 37.682916032144199 ], [ 13.784705707400256, 37.683805512296821 ], [ 13.78785612504122, 37.685448627694626 ], [ 13.78797538988541, 37.686073529881725 ], [ 13.78852524529851, 37.687468376422224 ], [ 13.789340093015792, 37.688232181983487 ], [ 13.792166514658685, 37.688321661969979 ], [ 13.79958005577183, 37.688301165705184 ], [ 13.800467500963231, 37.688147896863455 ], [ 13.800590025513934, 37.688039987932939 ], [ 13.801029696078347, 37.687652760098196 ], [ 13.801453342987177, 37.687279639556237 ], [ 13.801660873480131, 37.687096856996348 ], [ 13.801880921310431, 37.686900207378294 ], [ 13.803977478390088, 37.684992362526501 ], [ 13.804366971207099, 37.68445911139289 ], [ 13.804754941931524, 37.683927934853379 ], [ 13.804891806808504, 37.683740548433043 ], [ 13.804905448739209, 37.68371347688835 ], [ 13.804922146686609, 37.683523915118116 ], [ 13.805029985962245, 37.682299575364183 ], [ 13.804981116254746, 37.681083608418881 ], [ 13.804936378666067, 37.680099662774083 ], [ 13.809375769143735, 37.675981878263897 ], [ 13.814270743920749, 37.676858659694432 ], [ 13.816582317301775, 37.677049363694117 ], [ 13.82120480036607, 37.676360822295308 ], [ 13.82181082624342, 37.676123012834324 ], [ 13.822642270301113, 37.675781865978131 ], [ 13.8229109357321, 37.675559889736995 ], [ 13.823438979428325, 37.675123603318717 ], [ 13.823508115512519, 37.675066479904864 ], [ 13.824848200027407, 37.666772345200521 ], [ 13.824301108468054, 37.664811376336424 ], [ 13.823057648416588, 37.660398987177857 ], [ 13.821141655487017, 37.654962418610296 ], [ 13.817234986840953, 37.651576021343224 ], [ 13.81611696858946, 37.650378017048965 ], [ 13.814709337990024, 37.64840042073164 ], [ 13.814094319934718, 37.647437362258849 ], [ 13.813968156590544, 37.647239797471507 ], [ 13.812343239439201, 37.644683463624368 ], [ 13.811067548828674, 37.642227637576816 ], [ 13.811080867794407, 37.641602529556266 ], [ 13.81442573523384, 37.639170363369843 ], [ 13.821048423703392, 37.63543860088236 ], [ 13.827086119451316, 37.631423689944469 ], [ 13.828302307769167, 37.630325685883882 ], [ 13.829625625639267, 37.628948072320178 ], [ 13.829664018730934, 37.62887398922684 ], [ 13.830058332178824, 37.628113104665445 ], [ 13.830468364409185, 37.62723402799142 ], [ 13.8308596609074, 37.626175607080548 ], [ 13.831263090580148, 37.625042419701032 ], [ 13.831500214415922, 37.62432351088524 ], [ 13.831070513636655, 37.619957856957775 ], [ 13.830898700166493, 37.6185961279987 ], [ 13.827961134167262, 37.61659139669554 ], [ 13.827765614142661, 37.616486812687626 ], [ 13.827651923393766, 37.616426000145417 ], [ 13.82732674187419, 37.616252695382215 ], [ 13.824790565988788, 37.615028396409507 ], [ 13.824105464524358, 37.615102450232229 ], [ 13.823180177835482, 37.615202460023717 ], [ 13.822831062383621, 37.615476060561072 ], [ 13.809462683470075, 37.617803370908661 ], [ 13.795638626264211, 37.621523851458321 ], [ 13.790216057604352, 37.623115531886612 ], [ 13.788578699394609, 37.623513087984151 ], [ 13.787505923304629, 37.622554880868208 ], [ 13.782547052208347, 37.617899906356705 ], [ 13.780508027533067, 37.615539056479207 ], [ 13.78018753991805, 37.613213844997063 ], [ 13.780460285821194, 37.611982960076531 ], [ 13.780262618855213, 37.61095310415849 ], [ 13.779964478523528, 37.610056804596859 ], [ 13.779777198132631, 37.609518645341204 ], [ 13.776884803059014, 37.606889185401272 ], [ 13.776302015176901, 37.606634630274534 ], [ 13.776186810579865, 37.606584309876212 ], [ 13.775521299913738, 37.606420298252225 ], [ 13.775465108872549, 37.606406450296333 ], [ 13.774546549257558, 37.606468471879694 ], [ 13.772003850320987, 37.606776441448851 ], [ 13.771003474728083, 37.607008347514579 ], [ 13.76990795173281, 37.607466967780276 ], [ 13.767856988540295, 37.608874493961167 ], [ 13.766786146127268, 37.609796479909484 ], [ 13.76426326595409, 37.608289881629354 ], [ 13.762348894705314, 37.606790495704992 ], [ 13.763523515362547, 37.603767563647509 ], [ 13.76535443595391, 37.599274861203639 ], [ 13.764702143122429, 37.596884728214164 ], [ 13.761147328744441, 37.594849186116413 ], [ 13.760507735778532, 37.594530562291844 ], [ 13.754037916237976, 37.591662583327718 ], [ 13.753758485446902, 37.591584933886615 ], [ 13.75364965862104, 37.591554692496189 ], [ 13.753330963674113, 37.591466131774254 ], [ 13.752990903059318, 37.591371633317451 ], [ 13.752950062300567, 37.591374668557854 ], [ 13.75217670859297, 37.59143214862668 ], [ 13.752129229927716, 37.591435677491248 ], [ 13.748635767652329, 37.592380344805655 ], [ 13.745801442622382, 37.592557646432134 ], [ 13.743259440010819, 37.592160268033538 ], [ 13.72972626268346, 37.588708377459248 ], [ 13.720469007174811, 37.585623913170998 ], [ 13.715952607933211, 37.58410729324337 ], [ 13.708065349404006, 37.582970798057808 ], [ 13.703261920305199, 37.58336615057388 ], [ 13.695511453793902, 37.584438862431604 ], [ 13.691901522965868, 37.585374138294547 ], [ 13.689743566182955, 37.586478263638739 ], [ 13.686254006187067, 37.586916072917077 ], [ 13.686211587790893, 37.586919145848853 ], [ 13.684529661320424, 37.587040965318202 ], [ 13.681941288803072, 37.586989719528347 ], [ 13.680551662692528, 37.58675119578281 ], [ 13.679028224970393, 37.585653131411334 ], [ 13.676902829461408, 37.584108772045212 ], [ 13.672062698689876, 37.58054771538157 ], [ 13.669241934196398, 37.57609140417842 ], [ 13.668385344513593, 37.574209257510219 ], [ 13.669873347614271, 37.57099825446322 ], [ 13.673490185866894, 37.56950950616136 ], [ 13.678856629740384, 37.565877840593195 ], [ 13.686506071493806, 37.558997307459734 ], [ 13.689258619081665, 37.556386430977604 ], [ 13.689614150886387, 37.556024403884088 ], [ 13.69002943461382, 37.555601526950689 ], [ 13.690082494925061, 37.555335872854215 ], [ 13.690228429305948, 37.554605223296164 ], [ 13.690322784747387, 37.553721148567305 ], [ 13.689764956146044, 37.552606394455026 ], [ 13.690252442894069, 37.548177058228731 ], [ 13.692781513602123, 37.538056858267609 ], [ 13.690404479246471, 37.534848662670349 ], [ 13.689933759479253, 37.531629510505333 ], [ 13.693658949352688, 37.522980749586274 ], [ 13.69283543184997, 37.517270288414444 ], [ 13.69007648191473, 37.511658319190119 ], [ 13.690509267060708, 37.502979967941997 ], [ 13.690479739054664, 37.502069302957167 ], [ 13.690392795229926, 37.500970943356663 ], [ 13.690377763151819, 37.500781043422052 ], [ 13.688280474345994, 37.496485416667177 ], [ 13.685916866420069, 37.492347274691532 ], [ 13.683171119729954, 37.492488009552062 ], [ 13.678895595715341, 37.492386968750175 ], [ 13.677872957489186, 37.492006521524893 ], [ 13.676899831003244, 37.491446263725152 ], [ 13.675770660731288, 37.490694045533225 ], [ 13.674372564294035, 37.489536678130335 ], [ 13.670530073974671, 37.485974775753981 ], [ 13.664252347709898, 37.480073198005577 ], [ 13.664007419785619, 37.479366840790654 ], [ 13.663829945581739, 37.478383301689 ], [ 13.663764083692653, 37.47759788808883 ], [ 13.664083695915602, 37.476844514273608 ], [ 13.664184899263871, 37.476662525771772 ], [ 13.664379828518795, 37.476311993005496 ], [ 13.657038585500288, 37.471541527429167 ], [ 13.652225942157903, 37.462569493143967 ], [ 13.655042345999004, 37.459865168462272 ], [ 13.66734732767773, 37.460537665401965 ], [ 13.681198072365362, 37.459327494355875 ], [ 13.686884495388259, 37.458369879578036 ], [ 13.69062483658133, 37.454799059130146 ], [ 13.70169128289667, 37.442825114127622 ], [ 13.70497193656913, 37.440464451609373 ], [ 13.705232177831647, 37.440307160786418 ], [ 13.705382729153992, 37.44021616807705 ], [ 13.705524147846697, 37.440187127487256 ], [ 13.705798234878463, 37.440130843103027 ], [ 13.705868980866665, 37.44011631526692 ], [ 13.706471303425952, 37.439992625234773 ], [ 13.708786787414027, 37.440073544576187 ], [ 13.709962089706131, 37.440656993219164 ], [ 13.711376026415065, 37.440933612879562 ], [ 13.71284356342032, 37.440848077547493 ], [ 13.719147288757265, 37.439753078309252 ], [ 13.726405258921496, 37.438371351941065 ], [ 13.729021684436566, 37.437856134289696 ], [ 13.731589706944163, 37.437238118038053 ], [ 13.733239000141372, 37.436651861948839 ], [ 13.73398434744, 37.435343141942973 ], [ 13.735807828890003, 37.433462657560881 ], [ 13.737956369668527, 37.43162640632864 ], [ 13.738229125256018, 37.431427350213895 ], [ 13.738563602294979, 37.431183250052996 ], [ 13.739748777816374, 37.430626804075331 ], [ 13.74808817786429, 37.428410561454307 ], [ 13.751649533210616, 37.428270607894149 ], [ 13.757198222739955, 37.431405629896865 ], [ 13.757497531951522, 37.431621647673111 ], [ 13.757599848555682, 37.431695491684337 ], [ 13.758202702130299, 37.432130579169183 ], [ 13.758498895275515, 37.432481570021793 ], [ 13.759046041939019, 37.43312993268524 ], [ 13.759343448716439, 37.434268390418708 ], [ 13.759363117269384, 37.435134378632782 ], [ 13.762860076064246, 37.437604806039097 ], [ 13.772917833970343, 37.440476143424888 ], [ 13.773010706979475, 37.440484488720031 ], [ 13.774058001775623, 37.440578584810304 ], [ 13.774763476909452, 37.440521961227027 ], [ 13.775360066141275, 37.44047407368015 ], [ 13.776618860725721, 37.440200202660222 ], [ 13.797540162931853, 37.435320947278697 ], [ 13.812298259735448, 37.431360598287455 ], [ 13.825002308874865, 37.432545448364081 ], [ 13.839599754629981, 37.436833484824938 ], [ 13.840185683405496, 37.437622170603596 ], [ 13.841259625216054, 37.438381799977606 ], [ 13.84491445230859, 37.438119110185617 ], [ 13.845001334466442, 37.438103986549372 ], [ 13.846184106203161, 37.437898092038822 ], [ 13.847071864507855, 37.437688286181455 ], [ 13.847579387434783, 37.437568338421549 ], [ 13.848039250029831, 37.437430747079631 ], [ 13.848751262056716, 37.437217705434826 ], [ 13.8490099783097, 37.437140293322486 ], [ 13.849837631314932, 37.435510075198188 ], [ 13.848100798086916, 37.430786202471516 ], [ 13.847810171051734, 37.430356061745961 ], [ 13.847372650780422, 37.429708502420894 ], [ 13.845935819161713, 37.42881646681284 ], [ 13.850562813710992, 37.419218564270608 ], [ 13.859202444780841, 37.406847401030575 ], [ 13.866750768680317, 37.403016502079815 ], [ 13.875191463743352, 37.40436711762586 ], [ 13.888286959148477, 37.404392962031643 ], [ 13.893062731938484, 37.403897767425008 ], [ 13.895974739001325, 37.403015327646841 ], [ 13.898457589877225, 37.401484799848276 ], [ 13.904681401644442, 37.395902709296998 ], [ 13.906562332289093, 37.39308920632638 ], [ 13.909357579155836, 37.387128614639657 ], [ 13.908188127022678, 37.38543481499034 ], [ 13.905479073695812, 37.383121616610566 ], [ 13.901009166626078, 37.380302343434636 ], [ 13.897315728031719, 37.378925740299074 ], [ 13.896690839921812, 37.3789696879304 ], [ 13.896567325084495, 37.378978373301983 ], [ 13.896534348614852, 37.378980692025948 ], [ 13.891926463196281, 37.379018764880001 ], [ 13.890273690753252, 37.378451266248973 ], [ 13.886629227697409, 37.374974985486375 ], [ 13.88779166263495, 37.367551027151833 ], [ 13.885109493760712, 37.364800921909556 ], [ 13.88298487242206, 37.361943978747107 ], [ 13.881650289402554, 37.359840224194841 ], [ 13.882152169445583, 37.358964933316706 ], [ 13.885268814522757, 37.356516036470126 ], [ 13.895403578456198, 37.351442146821988 ], [ 13.904221825688118, 37.347450886251906 ], [ 13.915237283222751, 37.341425213887071 ], [ 13.921172140042099, 37.337710940248037 ], [ 13.924171918890679, 37.334735725954332 ], [ 13.927109312284639, 37.331347316057325 ], [ 13.935469936322857, 37.330051703717821 ], [ 13.944498499996193, 37.330926652745497 ], [ 13.955321407683469, 37.332038181711255 ], [ 13.955658405511633, 37.332020755759658 ], [ 13.955921436999212, 37.332004150293926 ], [ 13.956821523983573, 37.331947321198619 ], [ 13.961540154314196, 37.330328509484808 ], [ 13.968266731771294, 37.323359743255132 ], [ 13.971932335595351, 37.319830497356506 ], [ 13.977888942377779, 37.314158527549324 ], [ 13.983001854177969, 37.313687136272222 ], [ 13.991899214853543, 37.307824024087473 ], [ 13.993397368361359, 37.302750144979278 ], [ 13.992843939582167, 37.301296139186363 ], [ 13.99201044482222, 37.301196830436076 ], [ 13.991697332504218, 37.300713023567873 ], [ 13.991590356514834, 37.300547727124624 ], [ 13.991767467055311, 37.299809580196722 ], [ 13.992839674072743, 37.297500952494254 ], [ 13.99359060484746, 37.296075535014829 ], [ 13.994072805259535, 37.295485605761996 ], [ 13.995752585245516, 37.293822935848922 ], [ 13.996694515178822, 37.293103166250148 ], [ 13.998817287029786, 37.292908492248245 ], [ 14.001794500279052, 37.293101178869257 ], [ 14.004475683881941, 37.29280514082371 ], [ 14.005128641154835, 37.292690871089768 ], [ 14.005460276174944, 37.292632831446006 ], [ 14.005683242878399, 37.2925563173401 ], [ 14.00598094866341, 37.292454154151109 ], [ 14.006242013376834, 37.292364564056669 ], [ 14.009965497553127, 37.289950926131461 ], [ 14.015617846640644, 37.286247356832256 ], [ 14.01683026832305, 37.285869426478705 ], [ 14.017626303202439, 37.285726090851476 ], [ 14.018074047180015, 37.285645467086539 ], [ 14.021162481840308, 37.285991038218711 ], [ 14.022234482502292, 37.286453648386782 ], [ 14.024156751870416, 37.289796806821784 ], [ 14.024191901708832, 37.289908569839554 ], [ 14.024265595854764, 37.290142890325832 ], [ 14.024383813426564, 37.290518775749412 ], [ 14.024371951158372, 37.291503045101649 ], [ 14.024336747595498, 37.292411757656723 ], [ 14.024532651795614, 37.29297296855384 ], [ 14.025150168153562, 37.29327534970367 ], [ 14.026019388952136, 37.29321133317675 ], [ 14.030268314418194, 37.292649911467599 ], [ 14.031082511148322, 37.29250041715234 ], [ 14.031514925803034, 37.292182572114505 ], [ 14.031459411231587, 37.29123496482422 ], [ 14.030900192047744, 37.286508835037495 ], [ 14.029939295625947, 37.281436289365438 ], [ 14.028230260165541, 37.276190022233074 ], [ 14.024416566166748, 37.27250607810987 ], [ 14.019985621061656, 37.268897524979629 ], [ 14.018215457000961, 37.267780918558103 ], [ 14.015389356803334, 37.266391425209051 ], [ 14.012652687818655, 37.264903795912289 ], [ 14.010791849338741, 37.26358255346755 ], [ 14.010595753024154, 37.263443275498879 ], [ 14.010029193396429, 37.263040860430877 ], [ 14.009644209685129, 37.262534906293432 ], [ 14.009575675694547, 37.262135842972882 ], [ 14.009519087110453, 37.261806326594531 ], [ 14.009468997264488, 37.261126350454369 ], [ 14.011537772332076, 37.260120084689142 ], [ 14.011833369828476, 37.259979072425857 ], [ 14.012286895706355, 37.25992845707917 ], [ 14.012461887039164, 37.260212427487716 ], [ 14.012503683425322, 37.260280251467044 ], [ 14.012737975025489, 37.260660429287739 ], [ 14.014555007733149, 37.261360722664769 ], [ 14.014872712426653, 37.261182897999831 ], [ 14.015086040254149, 37.261001483692162 ], [ 14.015400345444405, 37.260734194601902 ], [ 14.015457843413138, 37.26068529611932 ], [ 14.015736982389695, 37.260447743191442 ], [ 14.01641281823189, 37.259872582132296 ], [ 14.017306263914847, 37.259106232854919 ], [ 14.017382013371876, 37.259041257174658 ], [ 14.017519063997645, 37.258712292780508 ], [ 14.01754677397809, 37.2586457795515 ], [ 14.017770602073458, 37.258108511668787 ], [ 14.017635080110061, 37.255933391664364 ], [ 14.013797073942271, 37.249923148616695 ], [ 14.009984071260961, 37.24545976172908 ], [ 14.00667395144001, 37.241360153739635 ], [ 14.008232818455765, 37.233827867088976 ], [ 14.016285200152375, 37.229757636112339 ], [ 14.00747089991399, 37.226121246675312 ], [ 13.9997234940342, 37.223832849372201 ], [ 13.992462410081364, 37.220530980394955 ], [ 13.99357002700812, 37.206895197898781 ], [ 13.993760590081751, 37.206072145162949 ], [ 13.994585942964449, 37.203800124205848 ], [ 13.995087926872005, 37.202867662718461 ], [ 13.995227110276398, 37.202610632084721 ], [ 13.995399071679612, 37.202404269167666 ], [ 13.995473418634331, 37.202315773387809 ], [ 13.996166649400431, 37.201490611870007 ], [ 13.997762683382986, 37.200016115699491 ], [ 13.998070858366496, 37.199787815297526 ], [ 13.998639287498683, 37.199366712264386 ], [ 14.000458177582749, 37.198598443613378 ], [ 14.001822135188009, 37.198122179426662 ], [ 14.00269815720856, 37.197517787244877 ], [ 14.003196697298003, 37.196794510113101 ], [ 14.003427915999856, 37.196459054507301 ], [ 14.003650747716526, 37.196135759890076 ], [ 14.004294713198536, 37.194824035244409 ], [ 14.004311011262939, 37.194790833964269 ], [ 14.004301087993449, 37.194373525861664 ], [ 14.004281811871428, 37.193562925695979 ], [ 14.004216181260567, 37.193493445621648 ], [ 14.003793133572886, 37.193045581426929 ], [ 14.00299262946627, 37.192496621556835 ], [ 14.002955245944555, 37.192470985277588 ], [ 14.000202450842922, 37.191916640716414 ], [ 14.000140279818469, 37.191915638743062 ], [ 13.999576896027502, 37.191906558830112 ], [ 13.999009886111152, 37.191897417986695 ], [ 13.998457225039809, 37.191995782589608 ], [ 13.997901005349393, 37.192095131689854 ], [ 13.997472196574545, 37.1921717224646 ], [ 13.99734538813906, 37.192203623278928 ], [ 13.996791801113448, 37.192342887936221 ], [ 13.995912477993246, 37.192564092749727 ], [ 13.995378461226506, 37.192904090487481 ], [ 13.995152186027104, 37.193080986637355 ], [ 13.994617021230804, 37.193499360385587 ], [ 13.994090294602023, 37.193911132178712 ], [ 13.994057275199314, 37.193936945247209 ], [ 13.993840640536924, 37.194365813237241 ], [ 13.993802801238573, 37.194440725532083 ], [ 13.993786013584263, 37.194679840090629 ], [ 13.993748430233499, 37.195215181844858 ], [ 13.993766239781655, 37.195244483023643 ], [ 13.994067284915674, 37.195739729653766 ], [ 13.991302246916556, 37.19777233466715 ], [ 13.984115403615059, 37.192525190789844 ], [ 13.984236112197175, 37.19091524156434 ], [ 13.992669228753012, 37.183939467539965 ], [ 14.000320343472037, 37.17774129561603 ], [ 14.007300405319633, 37.168712464050614 ], [ 14.009965062036107, 37.162145374903531 ], [ 14.010749759091324, 37.160709618262437 ], [ 14.011232032933394, 37.159964301493858 ], [ 14.015912530294475, 37.158000367354305 ], [ 14.017382732022957, 37.157846111025151 ], [ 14.01873069218629, 37.158258990890914 ], [ 14.019914225364577, 37.158936286501024 ], [ 14.020936121520096, 37.159406169757993 ], [ 14.021488334838164, 37.159375556888307 ], [ 14.021793971618546, 37.159358610915831 ], [ 14.023970864179935, 37.158980075536938 ], [ 14.024174541994986, 37.158862095398511 ], [ 14.02466289978442, 37.158579208728284 ], [ 14.02852637444526, 37.156147682876018 ], [ 14.028989693833815, 37.155777105966649 ], [ 14.029962326593955, 37.154594370366375 ], [ 14.034636823852981, 37.143013449221421 ], [ 14.036688241836, 37.127687906756101 ], [ 14.037465370548878, 37.119708176878852 ], [ 14.036473082404818, 37.112135100040916 ], [ 14.036310025725065, 37.106088269047788 ], [ 14.035824318747911, 37.106265954739712 ], [ 14.035349340097458, 37.106414495266421 ], [ 14.032765744122161, 37.107023351890348 ], [ 14.02713473159624, 37.108105670491234 ], [ 14.026006808535625, 37.108284177283402 ], [ 14.024530908820337, 37.108407674995121 ], [ 14.004260008664421, 37.109504187066257 ], [ 13.994322096763973, 37.109822352224434 ], [ 13.981375961134638, 37.109265610127011 ], [ 13.97880286636576, 37.10909439942634 ], [ 13.97788293585244, 37.109003843646938 ], [ 13.977169308234128, 37.108909559856677 ], [ 13.976455963672805, 37.108793221883587 ], [ 13.975647764669427, 37.108645474154876 ], [ 13.974193244547486, 37.108366069605275 ], [ 13.971041901088178, 37.107573088631668 ], [ 13.958016906390117, 37.103721393313805 ], [ 13.946270026053021, 37.098168301275919 ], [ 13.945767145264643, 37.097589121794314 ], [ 13.942125360181441, 37.097305316084075 ], [ 13.939071968189777, 37.096823446649239 ], [ 13.936206279805202, 37.09630477826753 ], [ 13.933665794591411, 37.095247585043971 ], [ 13.930936774215873, 37.095845480619673 ], [ 13.929457441566914, 37.097207095457357 ], [ 13.927489647088169, 37.098051519994151 ], [ 13.925150591061071, 37.098446760537563 ], [ 13.921771596941612, 37.09882596532816 ], [ 13.921431817720176, 37.098853455171152 ], [ 13.92072931483872, 37.09885614773399 ], [ 13.920126172518396, 37.098835877110609 ], [ 13.919399811149891, 37.098724856757016 ], [ 13.916680224564194, 37.098161236763033 ], [ 13.912339361113775, 37.097120988106248 ], [ 13.902412088952284, 37.096516117049653 ], [ 13.893602362173622, 37.09800118456392 ], [ 13.889006324464665, 37.099111987749524 ], [ 13.878922025644536, 37.102547293542308 ], [ 13.865554631702803, 37.109521581335052 ], [ 13.858762230943855, 37.11536552301569 ], [ 13.8586303160296, 37.115895459975597 ], [ 13.858551748868281, 37.116129273478798 ], [ 13.858394797415119, 37.116596333616712 ], [ 13.858043325150916, 37.117484283182513 ], [ 13.857196361673044, 37.119162557365769 ], [ 13.856663807218155, 37.120186266184611 ], [ 13.855354044205731, 37.122135299257344 ], [ 13.848185502779083, 37.12953305300325 ], [ 13.847278161224073, 37.130405174553708 ], [ 13.843919365377136, 37.133627137689153 ], [ 13.842564843782615, 37.134785104477459 ], [ 13.842178896791593, 37.135091370100071 ], [ 13.841702578659289, 37.135463528068016 ], [ 13.838034947254329, 37.13778298418142 ], [ 13.836150529882023, 37.138825840513128 ], [ 13.825983531492547, 37.143668353849435 ], [ 13.824680708972615, 37.144249055009638 ], [ 13.824081637776121, 37.144489050490584 ], [ 13.82163920454183, 37.145004950853533 ], [ 13.816780767632185, 37.145544455993672 ], [ 13.815651211339539, 37.145555789233953 ], [ 13.814691143033341, 37.145468506329181 ], [ 13.808183617981499, 37.145227175224541 ], [ 13.801480711193467, 37.145350517550092 ], [ 13.793594053959456, 37.145923147215036 ], [ 13.788005857525771, 37.146773691890438 ], [ 13.782626664119595, 37.146507516727411 ], [ 13.77831586420192, 37.145979474883617 ], [ 13.776918546277715, 37.14562968170884 ], [ 13.775497624049605, 37.145421561187327 ], [ 13.774166434502412, 37.145485678354838 ], [ 13.7667906981185, 37.146469406083746 ], [ 13.750400115615975, 37.149441362277869 ], [ 13.750123496092694, 37.149610317682622 ], [ 13.741707857851463, 37.155353154351246 ], [ 13.737605214949788, 37.158612612498793 ], [ 13.736337048032041, 37.161696025058212 ], [ 13.728318430353205, 37.16893718906654 ], [ 13.725012139019258, 37.170482414518588 ], [ 13.722777339991421, 37.171522296369169 ], [ 13.721190687332207, 37.171954768701823 ], [ 13.720839695192716, 37.172048578891854 ], [ 13.72048941520838, 37.172105595853672 ], [ 13.720140793049866, 37.172065344309623 ], [ 13.71687545538013, 37.171619645025295 ], [ 13.711528280090489, 37.17199357968348 ], [ 13.706856793271671, 37.174019771469524 ], [ 13.696310594705828, 37.179350122779866 ], [ 13.693897990778714, 37.181711055988082 ], [ 13.691857434208469, 37.183441572128892 ], [ 13.683922780434449, 37.187929337835577 ], [ 13.679825673552152, 37.189556287441043 ], [ 13.669248989682767, 37.193003960579695 ], [ 13.661823861726903, 37.196221398762667 ], [ 13.66183117862648, 37.197297572508468 ], [ 13.660675609018284, 37.201839765908929 ], [ 13.658671978327042, 37.20625226625264 ], [ 13.655936430249756, 37.211616677381912 ], [ 13.655220706803481, 37.212651524177979 ], [ 13.654648823644212, 37.213448395032749 ], [ 13.653019517006156, 37.215683800434739 ], [ 13.650989271754689, 37.217981536133436 ], [ 13.648660500685398, 37.220611778998986 ], [ 13.647982714226339, 37.221324389762813 ], [ 13.643562909615364, 37.225742795118819 ], [ 13.642725936631994, 37.226463157677031 ], [ 13.638859338109096, 37.229789156077338 ], [ 13.637579606327289, 37.230637328771834 ], [ 13.63530918915397, 37.231937506240605 ], [ 13.634921002967715, 37.232153926804287 ], [ 13.633052039540328, 37.233188654318745 ], [ 13.631553744299266, 37.233885976268652 ], [ 13.630576869819301, 37.23432048215998 ], [ 13.630157182178229, 37.234504171615185 ], [ 13.630080136530317, 37.234537892418771 ], [ 13.629610375105392, 37.234718838960042 ], [ 13.628069052958175, 37.235198948827602 ], [ 13.627742180436291, 37.235276989224431 ], [ 13.626267965887919, 37.23555743272005 ], [ 13.625942197665928, 37.235575977972111 ], [ 13.625439640003313, 37.235599893467914 ], [ 13.625123295730225, 37.235611095902364 ], [ 13.624761691477435, 37.235554827614145 ], [ 13.624640581409071, 37.235529106796221 ], [ 13.624465282139655, 37.235491875701868 ], [ 13.624252558251326, 37.235429890113089 ], [ 13.623428009251672, 37.235087185720367 ], [ 13.622701820822865, 37.234746643677788 ], [ 13.622615349491367, 37.234686286034474 ], [ 13.622264401029856, 37.234441315266487 ], [ 13.615966372769629, 37.239471122494187 ], [ 13.613014643834328, 37.242726602834956 ], [ 13.608412285016056, 37.246841517591989 ], [ 13.607052471315891, 37.247963633203959 ], [ 13.599345784507404, 37.254321349325778 ], [ 13.596923108818887, 37.256270206107359 ], [ 13.59564734663992, 37.257171705489696 ], [ 13.594547330832306, 37.257675680244908 ], [ 13.590401203082305, 37.259505509885358 ], [ 13.589739117081846, 37.259779332240477 ], [ 13.58915750997962, 37.259936181078274 ], [ 13.588617799399067, 37.260056067352593 ], [ 13.588282624007698, 37.260074398504685 ], [ 13.588032522098018, 37.260019333597953 ], [ 13.587760393175392, 37.25990331609038 ], [ 13.576761037451877, 37.260918308406652 ], [ 13.576979043245471, 37.263338471159969 ], [ 13.576372032494131, 37.268240571760337 ], [ 13.567409960629833, 37.277208887921297 ], [ 13.566396890846685, 37.278214223093244 ], [ 13.566346593311497, 37.278260653363418 ], [ 13.566298728294017, 37.278304837065846 ], [ 13.565999183683109, 37.278581341144651 ], [ 13.565274294856852, 37.279165350938626 ], [ 13.561091859802572, 37.282108520807618 ], [ 13.558672134293579, 37.283729014719206 ], [ 13.557825632800295, 37.284247032358216 ], [ 13.555520978195945, 37.285439739477241 ], [ 13.554724315306743, 37.285794843601025 ], [ 13.553644690207111, 37.286258767938911 ], [ 13.551800491628311, 37.28691062696646 ], [ 13.55127827436316, 37.286971182377265 ], [ 13.551093629881088, 37.286975065392483 ], [ 13.551054887577466, 37.286975879948223 ], [ 13.547192957875497, 37.286858383809879 ], [ 13.542318087649454, 37.286375397941413 ], [ 13.542035695469208, 37.286343648588591 ], [ 13.541754422797059, 37.286255359128738 ], [ 13.540127224583959, 37.284425639778441 ], [ 13.532527170666432, 37.283974297046463 ], [ 13.527410316791714, 37.286469418332018 ], [ 13.525834702162085, 37.286458270268156 ], [ 13.521122270471047, 37.286381547739133 ], [ 13.519000782719063, 37.287816068970812 ], [ 13.518795043282482, 37.287950859408568 ], [ 13.517181979379973, 37.288803108449684 ], [ 13.514973129365124, 37.289769260558948 ], [ 13.510087542420962, 37.291361864622885 ], [ 13.506588862670364, 37.291709871868335 ], [ 13.502076868177859, 37.291572145135945 ], [ 13.500209131713925, 37.29126204013496 ], [ 13.49823956043765, 37.290806469654051 ], [ 13.497572447598246, 37.290173210193288 ], [ 13.481825154079626, 37.287415093608445 ], [ 13.479220455922226, 37.286996590499015 ], [ 13.474850543649566, 37.288935026270359 ], [ 13.473145657938696, 37.289913057856495 ], [ 13.472244760686339, 37.290430847678564 ], [ 13.470283939086169, 37.292867460078696 ], [ 13.466187096012277, 37.294844164152209 ], [ 13.465897276285348, 37.294937100860842 ], [ 13.4654014615144, 37.295092233861745 ], [ 13.465343671430595, 37.295107108065586 ], [ 13.464905811301415, 37.295219800000211 ], [ 13.464332419847922, 37.295291184406651 ], [ 13.463955051862124, 37.295276224463329 ], [ 13.463445620349921, 37.295256026708479 ], [ 13.455688381929763, 37.294697089273335 ], [ 13.448484999240703, 37.295960763200782 ], [ 13.437730301306047, 37.302118802515437 ], [ 13.429257716198844, 37.303901122297034 ], [ 13.426449295214134, 37.307114205561433 ], [ 13.422482407288985, 37.314258213259684 ], [ 13.414990142788984, 37.320800141875552 ], [ 13.413094334590117, 37.323013107006524 ], [ 13.408782689263369, 37.327521203130132 ], [ 13.407558904548463, 37.32879888162207 ], [ 13.406965194745062, 37.32939039915032 ], [ 13.405302043532975, 37.330803464876283 ], [ 13.403331621932415, 37.332223650124028 ], [ 13.402962982201169, 37.332436823905077 ], [ 13.402161601188345, 37.332853978693407 ], [ 13.401613565391992, 37.333126564115403 ], [ 13.400508681644949, 37.333521168691831 ], [ 13.399234586717633, 37.333900666199014 ], [ 13.3987163814484, 37.333956217504415 ], [ 13.396979196949653, 37.333870104530625 ], [ 13.388297640643566, 37.335503170684156 ], [ 13.383986632209409, 37.339983925340015 ], [ 13.382286387768181, 37.341532639317201 ], [ 13.377244247335346, 37.345351732229524 ], [ 13.374966439403616, 37.346825945298676 ], [ 13.374371596297683, 37.347169980052499 ], [ 13.373652130944416, 37.347565923768556 ], [ 13.373069771717301, 37.347882466286116 ], [ 13.372318726375186, 37.348160226376606 ], [ 13.370931811800292, 37.348610125414375 ], [ 13.360840587437048, 37.352146960880056 ], [ 13.359666568688789, 37.35319458284053 ], [ 13.354118837997644, 37.356846953857023 ], [ 13.35300874045147, 37.357474132513815 ], [ 13.350598187972841, 37.358535295159456 ], [ 13.347946118094992, 37.359448018457222 ], [ 13.344812553891106, 37.360182613748179 ], [ 13.344509286912977, 37.360148273532687 ], [ 13.344019211675258, 37.360003910632344 ], [ 13.343802604378672, 37.359940102784236 ], [ 13.343106854128832, 37.359713504263837 ], [ 13.342043797809625, 37.359293239629899 ], [ 13.337801530405571, 37.359703640213006 ], [ 13.333616418943143, 37.360704124782941 ], [ 13.32305415199375, 37.363270951483116 ], [ 13.322701060768305, 37.363369837813998 ], [ 13.322656423734449, 37.363382339246641 ], [ 13.3217341165213, 37.363729105584262 ], [ 13.321413599296944, 37.363932237112543 ], [ 13.320168229653683, 37.365076669618311 ], [ 13.320100937073605, 37.365268280945301 ], [ 13.31995137935589, 37.365697080518274 ], [ 13.317673729840081, 37.369574606500606 ], [ 13.312108589014715, 37.376067198918008 ], [ 13.311704041195913, 37.376467028155226 ], [ 13.310526040188122, 37.37761115490963 ], [ 13.308956081659451, 37.37912986193497 ], [ 13.304235566230282, 37.383136857188845 ], [ 13.303533584374312, 37.383702861579508 ], [ 13.298884162534799, 37.38652037360179 ], [ 13.297808330439768, 37.387163029775429 ], [ 13.291434459567657, 37.390524423341894 ], [ 13.289134266364075, 37.391268282604734 ], [ 13.287145996925815, 37.391720896687353 ], [ 13.285117197736053, 37.392113513913102 ], [ 13.282823812092046, 37.392402571123881 ], [ 13.282318779053668, 37.392425613718281 ], [ 13.281901469452576, 37.392358790154987 ], [ 13.281342983338959, 37.392221557263575 ], [ 13.279529997249966, 37.391402749714004 ], [ 13.279302008492099, 37.391277500402701 ], [ 13.271170125237573, 37.393359230738952 ], [ 13.270423038371797, 37.395349991724693 ], [ 13.270146004897164, 37.3960002211983 ], [ 13.269853779606745, 37.396686094546077 ], [ 13.266878164548148, 37.403619097748489 ], [ 13.266323996717128, 37.404802117265483 ], [ 13.266066973790782, 37.405326172316265 ], [ 13.262931607633416, 37.411319222262719 ], [ 13.259983980028659, 37.416763965591471 ], [ 13.258923854130211, 37.418139032167971 ], [ 13.255590317866389, 37.422312532715203 ], [ 13.247173775879904, 37.429738170960199 ], [ 13.239670230328514, 37.433213439646167 ], [ 13.235050681504269, 37.437144777588166 ], [ 13.230744117741246, 37.441970333758995 ], [ 13.228595122739147, 37.445717767653647 ], [ 13.226681265286985, 37.448571228450476 ], [ 13.222347784924409, 37.453998140264375 ], [ 13.220157624721585, 37.456383048523634 ], [ 13.219289567800622, 37.457255415371527 ], [ 13.217219570880451, 37.459232197568454 ], [ 13.216121346525657, 37.460049158397965 ], [ 13.215237898440707, 37.460690815366107 ], [ 13.21486354017148, 37.460962708363681 ], [ 13.214769278084788, 37.461026113971613 ], [ 13.213310508944151, 37.461996403955091 ], [ 13.212588360198437, 37.462431515755149 ], [ 13.211507494421028, 37.46308274607744 ], [ 13.211395003745318, 37.463150520859841 ], [ 13.210396945817919, 37.463651518288387 ], [ 13.210303078101779, 37.463698636411138 ], [ 13.209370792624993, 37.464052883529703 ], [ 13.209291192828788, 37.464083128944267 ], [ 13.209146281044632, 37.464138189957708 ], [ 13.208178532487516, 37.464391952456317 ], [ 13.207802633344031, 37.464490516912356 ], [ 13.207620317354287, 37.464512852629362 ], [ 13.207058824038192, 37.464575387691482 ], [ 13.206301745564176, 37.46465969923031 ], [ 13.205927031698181, 37.464543623050758 ], [ 13.205297722755207, 37.46434867719217 ], [ 13.204208140155334, 37.464117968321098 ], [ 13.203637495692741, 37.464017375236665 ], [ 13.20307064084284, 37.463984332050785 ], [ 13.202293307830614, 37.464048518845033 ], [ 13.199628274514614, 37.464383182442539 ], [ 13.197744770596993, 37.464672508614505 ], [ 13.196946774489183, 37.464801168880108 ], [ 13.196451127719113, 37.46490286715995 ], [ 13.196334388267328, 37.464963982078196 ], [ 13.196187551183746, 37.465040855031518 ], [ 13.196043076366633, 37.465175002888252 ], [ 13.195921273762726, 37.465288114382531 ], [ 13.19493058143682, 37.466605926037097 ], [ 13.192806386128197, 37.470615914848608 ], [ 13.185975809713868, 37.479747602261213 ], [ 13.17480367802907, 37.487809799223314 ], [ 13.174514452199825, 37.48812157407589 ], [ 13.174472463489153, 37.488161795953872 ], [ 13.174121575794633, 37.488497910815447 ], [ 13.173859795474772, 37.488734004103087 ], [ 13.173645174749753, 37.488927563802363 ], [ 13.172764460369681, 37.489679445384091 ], [ 13.172313102964955, 37.489981603861366 ], [ 13.172063319915218, 37.490146881102298 ], [ 13.171398617532795, 37.490575349407841 ], [ 13.17132067876236, 37.490625319627036 ], [ 13.170716414364367, 37.491012730712683 ], [ 13.169618191668491, 37.491630842397335 ], [ 13.169580074791156, 37.491651516462653 ], [ 13.169314435061251, 37.491794853516645 ], [ 13.168910956894212, 37.491989906001386 ], [ 13.168478222136768, 37.492164884992746 ], [ 13.168260414990383, 37.49225295443501 ], [ 13.157034096516258, 37.496067655567735 ], [ 13.155713655535825, 37.496513858883226 ], [ 13.154430199303452, 37.496790259516885 ], [ 13.148486931861742, 37.497269399369806 ], [ 13.143635825769358, 37.496759409494928 ], [ 13.137800788491772, 37.495802822696675 ], [ 13.132988057596894, 37.494218214122021 ], [ 13.1302781764405, 37.492591879247975 ], [ 13.125056240809897, 37.494164291516022 ], [ 13.110056161434871, 37.498749755611236 ], [ 13.098368177337896, 37.502091375963452 ], [ 13.093165996916468, 37.503268073203301 ], [ 13.091311065596036, 37.503445693066084 ], [ 13.088113014486165, 37.503564113388045 ], [ 13.085005803136243, 37.503563153087327 ], [ 13.07672319058557, 37.505502156626406 ], [ 13.060182442314312, 37.504533521095915 ], [ 13.05364996184305, 37.503869668256861 ], [ 13.052993395681289, 37.503699371737653 ], [ 13.05035810726153, 37.502943222280635 ], [ 13.04913951863076, 37.502537004213465 ], [ 13.048796339370309, 37.502386720935895 ], [ 13.048622434246365, 37.502268759181142 ], [ 13.048315710288218, 37.501907490584159 ], [ 13.046910722390503, 37.500487585556286 ], [ 13.039724530512531, 37.496084647481645 ], [ 13.038536145625843, 37.495739508448786 ], [ 13.037801658186337, 37.495727300239118 ], [ 13.037377693582876, 37.495730495069921 ], [ 13.03690341139289, 37.495734067599891 ], [ 13.036222225801566, 37.495766126304581 ], [ 13.023509614211671, 37.495164968095999 ], [ 13.021527961728291, 37.495349446618306 ], [ 13.020016270396363, 37.495581179171758 ], [ 13.017294654927273, 37.496830902862186 ], [ 13.013346113773906, 37.499193306133257 ], [ 13.01325902660202, 37.49926175708665 ], [ 13.012884631146207, 37.499556036938564 ], [ 13.012682197620119, 37.49973177697504 ], [ 13.012593904818747, 37.499808427845601 ], [ 13.012420955570272, 37.500001044116807 ], [ 13.012284003908174, 37.500297182189932 ], [ 13.012222272986817, 37.500676932611768 ], [ 13.012310509374922, 37.501244436827626 ], [ 13.013404267696808, 37.503016654438937 ], [ 13.014410791347201, 37.50389491584999 ], [ 13.014952504619009, 37.504264820780641 ], [ 13.015057771269237, 37.504553990120655 ], [ 13.015200363098256, 37.50550217288319 ], [ 13.015141076493343, 37.505954582673844 ], [ 13.015065822248815, 37.50640753606821 ], [ 13.01463104513674, 37.507773513379149 ], [ 13.014454680565287, 37.508264488882247 ], [ 13.014111814106261, 37.509034476429548 ], [ 13.013842262204161, 37.509601930237423 ], [ 13.01374136212581, 37.509814339625301 ], [ 13.01338576771079, 37.510484022263121 ], [ 13.012377392290325, 37.512113281222383 ], [ 13.012211618395073, 37.512359772095394 ], [ 13.012000985514813, 37.512672961113729 ], [ 13.009291184299862, 37.516002869719443 ], [ 13.007411348851713, 37.517741742100462 ], [ 13.001838051173847, 37.524274676044456 ], [ 12.993165765190739, 37.536116964643732 ], [ 12.992897889570129, 37.536472603858329 ], [ 12.992071478118266, 37.53742592843124 ], [ 12.988764481771577, 37.540942956976053 ], [ 12.98851626285566, 37.541136005868097 ], [ 12.988243795505216, 37.541347910265934 ], [ 12.987972275872968, 37.541555321270309 ], [ 12.987747176109256, 37.54172727095618 ], [ 12.986374090478579, 37.542694768993755 ], [ 12.98633819226484, 37.542719221530717 ], [ 12.985961124485186, 37.542976059124442 ], [ 12.985792378880513, 37.543090998272284 ], [ 12.985636570898469, 37.543197124212725 ], [ 12.985147403951158, 37.543453962946593 ], [ 12.983758434259592, 37.544401696293399 ], [ 12.982515846167878, 37.545292746301122 ], [ 12.978647806350338, 37.548177445881862 ], [ 12.971493265320476, 37.55382239451324 ], [ 12.967858233182801, 37.557408088117661 ], [ 12.966042681726995, 37.559504700850155 ], [ 12.964479140314923, 37.5611990066595 ], [ 12.963604378852283, 37.562008538230018 ], [ 12.96268278758704, 37.562745708417239 ], [ 12.962129308516156, 37.563124626717943 ], [ 12.957620352839493, 37.566136140287135 ], [ 12.956491702245348, 37.566820347988916 ], [ 12.954958969924224, 37.567711953267157 ], [ 12.953003750564775, 37.568624536252138 ], [ 12.948285212273609, 37.570558306032659 ], [ 12.94546809375346, 37.571596592638748 ], [ 12.943015026739468, 37.572345338593777 ], [ 12.935730270400784, 37.573790402662752 ], [ 12.917718694067084, 37.577103213749055 ], [ 12.916736803569915, 37.577184130632418 ], [ 12.914468920553748, 37.577265082352184 ], [ 12.91285798063752, 37.577071586897979 ], [ 12.911520851815387, 37.576773748623012 ], [ 12.906940990584399, 37.57500115818975 ], [ 12.905408849500535, 37.573962013690483 ], [ 12.90524997708218, 37.573800170093762 ], [ 12.906952105604148, 37.572659374147207 ], [ 12.909031087014203, 37.572970925449553 ], [ 12.910418588691501, 37.572691914452619 ], [ 12.910439569643245, 37.572591079416533 ], [ 12.910353281745357, 37.572430525434832 ], [ 12.906670288992318, 37.57235079042588 ], [ 12.901751204908582, 37.574106235149067 ], [ 12.900079206809966, 37.574787642785914 ], [ 12.896519091672035, 37.577112386252786 ], [ 12.901956912050347, 37.584148897015403 ], [ 12.903851211705373, 37.586832703324056 ], [ 12.904847916243135, 37.588452654483035 ], [ 12.907426319117478, 37.595051181667436 ], [ 12.906492301103482, 37.601712083874972 ], [ 12.905806754134231, 37.605101904734674 ], [ 12.906845638391182, 37.612523545008386 ], [ 12.90833324268762, 37.619705422641992 ], [ 12.910447852693327, 37.629143214959655 ], [ 12.91441520446681, 37.636592973593494 ], [ 12.915013385720435, 37.637233917286359 ], [ 12.916190669454103, 37.638574112152156 ], [ 12.91642765177353, 37.639774454918552 ], [ 12.916876581744754, 37.64481074967653 ], [ 12.916707326475109, 37.644960404957459 ], [ 12.916516651499016, 37.645128998222233 ], [ 12.915429855635006, 37.645480622870629 ], [ 12.914725671641651, 37.645708449229296 ], [ 12.914561710246751, 37.64576149424439 ], [ 12.914447175652557, 37.645789828618071 ], [ 12.91381110780547, 37.64594717863163 ], [ 12.9136917826767, 37.645976696573186 ], [ 12.91337347668304, 37.646055436230561 ], [ 12.913191656266701, 37.645938830971538 ], [ 12.912839318840716, 37.645712866713268 ], [ 12.911882696315917, 37.645091567670597 ], [ 12.901428633678661, 37.642391329797903 ], [ 12.890187410465346, 37.640627879063842 ], [ 12.887989923690188, 37.641881653989074 ], [ 12.887546993898283, 37.642359336973101 ], [ 12.887080333024548, 37.643226006569591 ], [ 12.88710603736321, 37.643561986385045 ], [ 12.888478839765357, 37.64705332057293 ], [ 12.889367348257023, 37.647701839297817 ], [ 12.891713348511077, 37.649375836108639 ], [ 12.894725713008334, 37.651040179791153 ], [ 12.899524010023727, 37.653721189176295 ], [ 12.899733588767269, 37.65392369589707 ], [ 12.899813469324554, 37.65431289624447 ], [ 12.899587605547893, 37.65462440505334 ], [ 12.899306940248252, 37.654944462196688 ], [ 12.898948066535898, 37.655334036083175 ], [ 12.898895837983041, 37.655390345995663 ], [ 12.893511280872083, 37.660850563527255 ], [ 12.901512668927827, 37.664022467626708 ], [ 12.906024057616161, 37.669662825396529 ], [ 12.913942874725311, 37.671051069386131 ], [ 12.914250352795429, 37.675157720394367 ], [ 12.915333367518206, 37.682174271965636 ], [ 12.917840863896961, 37.689272884171388 ], [ 12.91813218765782, 37.689548915670834 ], [ 12.918297367518241, 37.689705413741237 ], [ 12.918878202065251, 37.690162230817521 ], [ 12.918918219308495, 37.690193703404958 ], [ 12.923284637234648, 37.693260079048642 ], [ 12.929047572122307, 37.697051199445816 ], [ 12.93253405198343, 37.699337652467037 ], [ 12.937510318397305, 37.701479594717114 ], [ 12.942174006174437, 37.707140361273026 ], [ 12.942690910594067, 37.712215340923599 ], [ 12.948571474552624, 37.716099175190621 ], [ 12.954523745234331, 37.717961157933608 ], [ 12.958640954498899, 37.720079230294516 ], [ 12.957831392095002, 37.722157007862684 ], [ 12.957053863166212, 37.723321355835765 ], [ 12.956972120330411, 37.724855794339391 ], [ 12.958637364367529, 37.726819444278497 ], [ 12.958918705585686, 37.727001105336875 ], [ 12.959684893317835, 37.727495819415374 ], [ 12.965032746406196, 37.729897029598348 ], [ 12.96583312344703, 37.730042944792714 ], [ 12.977611697978249, 37.732345574933973 ], [ 12.987396917588711, 37.734442011971275 ], [ 12.989992689741177, 37.738796655032992 ], [ 12.989839076572579, 37.73895317223203 ], [ 12.989645730589432, 37.73922140864466 ], [ 12.989503347447913, 37.739418944507456 ], [ 12.989370124246923, 37.739681139259801 ], [ 12.989233523590205, 37.739953298379717 ], [ 12.989445921072779, 37.740488795828242 ], [ 12.989943238294613, 37.740983123898474 ], [ 12.989991091336595, 37.741011244264719 ], [ 12.99035936880078, 37.741227652297745 ], [ 12.991015721422121, 37.741613331153928 ], [ 12.99119960709176, 37.741686217310729 ], [ 12.992015374717081, 37.742009551778082 ], [ 12.992264808535309, 37.742068124215457 ], [ 12.992928713039406, 37.742224014937143 ], [ 12.993527712771053, 37.742174032961913 ], [ 12.993757226916978, 37.74215248564586 ], [ 12.99387290285911, 37.742116875032394 ], [ 12.994434292754287, 37.741943218069352 ], [ 12.997050644770418, 37.739421779632799 ], [ 12.996721654449946, 37.736222239715637 ], [ 12.996655316358403, 37.735753835731202 ], [ 12.996741761811817, 37.735662375260119 ], [ 12.996923587741078, 37.735470000594717 ], [ 12.997041775002103, 37.735453484757279 ], [ 12.997232051023467, 37.735426897070191 ], [ 12.997732711205664, 37.735356937228083 ], [ 12.998367453399373, 37.73544891951677 ], [ 12.998727253537115, 37.735501058122949 ], [ 12.999686019458171, 37.735704922415991 ], [ 13.000333375506338, 37.735898210579805 ], [ 13.000552742859858, 37.735963708517097 ], [ 13.005666792808825, 37.73784419063481 ], [ 13.007875733931833, 37.739196004111356 ], [ 13.009806908930546, 37.741690647067209 ], [ 13.012110268223443, 37.742613668124676 ], [ 13.014023144275077, 37.742331577242162 ], [ 13.020553065042014, 37.741738750622439 ] ], [ [ 13.160142362631595, 37.644819958168682 ], [ 13.147160062934368, 37.643192665167724 ], [ 13.146853461950542, 37.643350643456046 ], [ 13.146803565929806, 37.64337635197019 ], [ 13.146346316998583, 37.643505052062096 ], [ 13.146043589013978, 37.64353662056461 ], [ 13.145824726213835, 37.643559442471506 ], [ 13.145302480376406, 37.643550801699227 ], [ 13.14486161904936, 37.643419258751663 ], [ 13.144728685857645, 37.643379590946537 ], [ 13.144362919349476, 37.643104227186839 ], [ 13.144247169535472, 37.642958468201343 ], [ 13.143978462720554, 37.642620090952356 ], [ 13.143808621018833, 37.642112648294699 ], [ 13.143421637533143, 37.640844967202966 ], [ 13.143325351553942, 37.640226939432125 ], [ 13.143294983816057, 37.640032015156748 ], [ 13.143202204211978, 37.639127793314337 ], [ 13.143406957464489, 37.636852983430671 ], [ 13.145549945125138, 37.625911257277281 ], [ 13.149462571502706, 37.625547215743005 ], [ 13.152883711135827, 37.625284792223319 ], [ 13.156716264348084, 37.625482110932559 ], [ 13.157699946983513, 37.625707466213854 ], [ 13.158850383711254, 37.625981750751556 ], [ 13.159522322546136, 37.62621416535741 ], [ 13.160545757560715, 37.6265681483534 ], [ 13.166583477759703, 37.62893403812528 ], [ 13.182317284000677, 37.633854079416786 ], [ 13.182643035569129, 37.634020413987869 ], [ 13.183020700440249, 37.634403197953283 ], [ 13.183239747888273, 37.634625212540925 ], [ 13.183309838965714, 37.634940229935964 ], [ 13.183244731025626, 37.635318599710253 ], [ 13.183022577365723, 37.635648498974817 ], [ 13.182883580875759, 37.635756318105443 ], [ 13.182420200436782, 37.63611575429978 ], [ 13.182043111946008, 37.636395272413701 ], [ 13.181736663462303, 37.636621485349089 ], [ 13.176276902233884, 37.640354610732288 ], [ 13.17321378571029, 37.642364624711206 ], [ 13.170058789348275, 37.644654073765899 ], [ 13.160142362631595, 37.644819958168682 ] ] ] ] } },
{ "type": "Feature", "properties": { "provincia": "Caltanissetta", "sigla": "CL" }, "geometry": { "type": "MultiPolygon", "coordinates": [ [ [ [ 14.052980539522624, 37.722103056710566 ], [ 14.059940360185291, 37.721467881639931 ], [ 14.063363184506498, 37.721266979218264 ], [ 14.067176785675324, 37.714113535650846 ], [ 14.070480506864582, 37.712154016174765 ], [ 14.075398023860336, 37.712867148276061 ], [ 14.077382213909203, 37.713083049016184 ], [ 14.079819340437879, 37.712858478752459 ], [ 14.088431399032224, 37.708013236382776 ], [ 14.089211295178554, 37.707558538154437 ], [ 14.091235292075911, 37.7042676521963 ], [ 14.091376102214166, 37.703583985576621 ], [ 14.091374912903643, 37.703089158625659 ], [ 14.091372013700507, 37.701882354790747 ], [ 14.091305745572429, 37.698591902996057 ], [ 14.091077495776936, 37.698235568639163 ], [ 14.090656146911471, 37.697577767583788 ], [ 14.088743402064321, 37.696568777767226 ], [ 14.084314880059095, 37.69502923662489 ], [ 14.082640767802511, 37.694844975025546 ], [ 14.081946877859503, 37.694919993490878 ], [ 14.080434164157911, 37.694827772481702 ], [ 14.079626427728652, 37.69454300690208 ], [ 14.077780824786348, 37.690876900240632 ], [ 14.07757145856819, 37.690352426877716 ], [ 14.077819517108916, 37.687858761562339 ], [ 14.078249674419171, 37.687583566396455 ], [ 14.081625804831804, 37.685445544675026 ], [ 14.082663390729531, 37.684999519635291 ], [ 14.084239108103585, 37.684321885321197 ], [ 14.084590832857987, 37.684169717538637 ], [ 14.084851896868802, 37.684056770649711 ], [ 14.08778588386669, 37.680978735692207 ], [ 14.08781440947668, 37.679833948945308 ], [ 14.086202812868358, 37.677222627385341 ], [ 14.085834731355087, 37.676847971842392 ], [ 14.085693659406212, 37.676704380457792 ], [ 14.081306611923029, 37.675856215546652 ], [ 14.080980882302486, 37.675949083978871 ], [ 14.075935125547838, 37.676702691251649 ], [ 14.075846924726203, 37.676710598704339 ], [ 14.074821793720465, 37.676802493116661 ], [ 14.062599758628853, 37.674886711892263 ], [ 14.061185220823937, 37.674587410394096 ], [ 14.060461076530169, 37.674298907914249 ], [ 14.047780034319917, 37.667619330728591 ], [ 14.040822408715686, 37.661506479356987 ], [ 14.033537423710257, 37.655517481234959 ], [ 14.032473016928112, 37.655436950227248 ], [ 14.031399455302843, 37.655408923955619 ], [ 14.03136183334024, 37.655407942137998 ], [ 14.030613197049632, 37.655464720119873 ], [ 14.021404198536533, 37.656205075386119 ], [ 14.019168841592668, 37.656750391693919 ], [ 14.018747055421592, 37.656993497498519 ], [ 14.018307959837058, 37.657247275831871 ], [ 14.018238933005504, 37.65728717037927 ], [ 14.018196283028294, 37.657312097996552 ], [ 14.018011402789167, 37.657425540701645 ], [ 14.012649941088403, 37.663345008209781 ], [ 14.009647339030426, 37.66721880890897 ], [ 14.007558714003652, 37.670402132488441 ], [ 14.006881506370874, 37.673062693677764 ], [ 14.007745783339171, 37.684680832910637 ], [ 14.008193953270856, 37.685774914932196 ], [ 14.008238845529119, 37.685884504587314 ], [ 14.009040278796856, 37.687635541317974 ], [ 14.010644633511872, 37.689309753962675 ], [ 14.012140275542093, 37.689770391727677 ], [ 14.027684593835883, 37.690675509060512 ], [ 14.035984983168413, 37.690051796391145 ], [ 14.038082112945192, 37.689508493148473 ], [ 14.039300957232102, 37.689237916705082 ], [ 14.039340032521793, 37.689230653477189 ], [ 14.039664704281405, 37.689170308395411 ], [ 14.039861355417523, 37.689177502675797 ], [ 14.040846407752298, 37.689230226077079 ], [ 14.041344195042024, 37.689374018704385 ], [ 14.0415209614641, 37.68942508069749 ], [ 14.043024310617337, 37.692675618151952 ], [ 14.042825106261645, 37.694658058762009 ], [ 14.0415421430313, 37.697831200426194 ], [ 14.036633005077178, 37.701202094698004 ], [ 14.034119936305819, 37.702315777394418 ], [ 14.033601887371278, 37.702545343639827 ], [ 14.03345922660438, 37.702608458102347 ], [ 14.032938928893406, 37.702816548244023 ], [ 14.032104313817825, 37.703150340574538 ], [ 14.031678300603204, 37.703320714964391 ], [ 14.031539565567588, 37.703376198932432 ], [ 14.031075846564926, 37.703586350176593 ], [ 14.030132180376095, 37.704015452761624 ], [ 14.029340661428883, 37.704375362725592 ], [ 14.031410775842177, 37.709721034629339 ], [ 14.032902137618125, 37.712158213491719 ], [ 14.034414274760991, 37.713878778520076 ], [ 14.035204853896674, 37.715444199402143 ], [ 14.034492227451969, 37.71715724110998 ], [ 14.035893421915443, 37.720411058118906 ], [ 14.036220970265649, 37.720779720437164 ], [ 14.040763179103299, 37.724096833799265 ], [ 14.041213613628182, 37.724388469290751 ], [ 14.04222612660951, 37.725044008889952 ], [ 14.042668646210565, 37.725330505789543 ], [ 14.043544197782241, 37.725897343223231 ], [ 14.043695413836117, 37.725745672683672 ], [ 14.043806687837236, 37.725634064627954 ], [ 14.043843244923037, 37.725597397795269 ], [ 14.044468080887777, 37.725043822179124 ], [ 14.045428429914807, 37.72419390639196 ], [ 14.045494591541145, 37.72413535206266 ], [ 14.045653657615478, 37.724068472769666 ], [ 14.046621501149218, 37.723661536956513 ], [ 14.048653518329278, 37.722978472787901 ], [ 14.048741053262422, 37.722949074056721 ], [ 14.049093619316269, 37.722834293567566 ], [ 14.049305047134988, 37.722765472620672 ], [ 14.049983182901979, 37.722544734044128 ], [ 14.051333379618626, 37.722277881901483 ], [ 14.052589252893348, 37.722144517724281 ], [ 14.052980539522624, 37.722103056710566 ] ] ], [ [ [ 13.817641948338077, 37.719335685848797 ], [ 13.82038963240587, 37.713344546123658 ], [ 13.820766241527505, 37.711181769025139 ], [ 13.820867205265561, 37.709899300479364 ], [ 13.819362362065489, 37.708610184419065 ], [ 13.818804859530148, 37.708373217632655 ], [ 13.819962572608324, 37.703287875052176 ], [ 13.828898807510289, 37.697867921390753 ], [ 13.835138515144754, 37.695240041976085 ], [ 13.844104532409744, 37.693531906002519 ], [ 13.858075772562527, 37.689742188784905 ], [ 13.866056994412729, 37.686527196548788 ], [ 13.877131256566503, 37.681802203864301 ], [ 13.878973611598594, 37.68055767790284 ], [ 13.879024387318097, 37.680477939302321 ], [ 13.879344657191956, 37.679974967356557 ], [ 13.879925481889238, 37.678363422806548 ], [ 13.883180737608605, 37.670530641194922 ], [ 13.888502171668222, 37.663621119025059 ], [ 13.893394443247077, 37.659177909010751 ], [ 13.895234726764283, 37.658449787007356 ], [ 13.897241263352926, 37.658404035224265 ], [ 13.898820286940021, 37.658419824769872 ], [ 13.901218622108699, 37.658504075288704 ], [ 13.904465103359438, 37.657461563432122 ], [ 13.90444146237741, 37.657367247751068 ], [ 13.904404597211586, 37.657220176217812 ], [ 13.904272992774047, 37.656695147605923 ], [ 13.903647628844711, 37.655273666426112 ], [ 13.902229868381626, 37.652214760343085 ], [ 13.901934638191621, 37.651618478957715 ], [ 13.901789753678035, 37.651325850532956 ], [ 13.90127941510131, 37.650563683608119 ], [ 13.900901320768861, 37.650057130271733 ], [ 13.900645796106696, 37.649871166394043 ], [ 13.899870476420691, 37.644647552270186 ], [ 13.901448918008942, 37.636368662719178 ], [ 13.902946405537802, 37.632806231725333 ], [ 13.902170912222177, 37.626950960929079 ], [ 13.901706821076615, 37.626909503498126 ], [ 13.899845635637268, 37.626586919534866 ], [ 13.898276950909564, 37.624876311070629 ], [ 13.898571272542064, 37.621703809019245 ], [ 13.899288117908954, 37.618144004046997 ], [ 13.899355840924512, 37.618030449376008 ], [ 13.899448735516806, 37.617874697517856 ], [ 13.900605621114783, 37.617047595196361 ], [ 13.901659158457587, 37.616473032105581 ], [ 13.901704962113488, 37.616448480768341 ], [ 13.904008565615099, 37.615261177137562 ], [ 13.915182792330107, 37.610377250200514 ], [ 13.921694955944156, 37.608995301102489 ], [ 13.924614585497862, 37.609027081258134 ], [ 13.927870634586967, 37.608187663870922 ], [ 13.929422408427746, 37.607608425053648 ], [ 13.930404101609078, 37.606936974151004 ], [ 13.925835617573979, 37.601962401453029 ], [ 13.925606492843398, 37.60174037291403 ], [ 13.924557966737371, 37.600613592273362 ], [ 13.923770101656624, 37.597071609433662 ], [ 13.923918179353427, 37.596477110692824 ], [ 13.93254618056732, 37.593951921668648 ], [ 13.961884127147229, 37.586119915321142 ], [ 13.978922183940092, 37.589738692375796 ], [ 13.98344153338633, 37.591400203533794 ], [ 13.984296240028161, 37.591752989569748 ], [ 13.984534723331913, 37.591851423865201 ], [ 13.985311744152092, 37.592228240869325 ], [ 13.991895149891455, 37.595598091533681 ], [ 14.002683152107432, 37.597594253901327 ], [ 14.01170199558284, 37.597656009017449 ], [ 14.01382860065854, 37.59700595151925 ], [ 14.017694371200079, 37.597832705324613 ], [ 14.01924746826711, 37.598219520918299 ], [ 14.020024043842838, 37.598536380477483 ], [ 14.020081675323565, 37.598559895856482 ], [ 14.020756350763378, 37.598873301294375 ], [ 14.027559563300377, 37.602296804481831 ], [ 14.027542872977435, 37.604794026394877 ], [ 14.025685038234993, 37.608385721665002 ], [ 14.023070376489695, 37.612529121758769 ], [ 14.022426431102348, 37.613198175359784 ], [ 14.021673406908437, 37.614477936939124 ], [ 14.020414715618829, 37.617636124505282 ], [ 14.020195007389388, 37.620103061823556 ], [ 14.021505300878777, 37.623611671694093 ], [ 14.025407980751634, 37.631576495167252 ], [ 14.029328039253732, 37.633985333058476 ], [ 14.038327165558687, 37.640108380481557 ], [ 14.043351127632896, 37.644645611827393 ], [ 14.054314603938732, 37.647664083259393 ], [ 14.054395460351866, 37.647676698374141 ], [ 14.055122544912914, 37.647790129860205 ], [ 14.055536449568613, 37.647854700244324 ], [ 14.05678097923073, 37.648035347407003 ], [ 14.063430875357158, 37.64745672307582 ], [ 14.063985956355713, 37.647402488098116 ], [ 14.064873471220602, 37.647315690116343 ], [ 14.066047807626168, 37.647128145220947 ], [ 14.066095580123919, 37.647120515493668 ], [ 14.066292985539377, 37.64708607045651 ], [ 14.076249896596257, 37.644197980365149 ], [ 14.0789623464938, 37.642101912487583 ], [ 14.089063793024033, 37.63512076390829 ], [ 14.089679286562809, 37.635223373037647 ], [ 14.090047770547436, 37.635280814020923 ], [ 14.091614887509005, 37.6350689369782 ], [ 14.092879674554238, 37.634554989306011 ], [ 14.093373455813358, 37.634221626120436 ], [ 14.094319020284535, 37.633583239794255 ], [ 14.099094364429485, 37.629730170295986 ], [ 14.101436286118703, 37.626994418451588 ], [ 14.103165636856749, 37.626385946296807 ], [ 14.104291041125515, 37.62614354724618 ], [ 14.104804428862854, 37.626085386410068 ], [ 14.105482509518847, 37.626008564604895 ], [ 14.106284554171161, 37.626044012422064 ], [ 14.106433533652648, 37.626050597068712 ], [ 14.10756325050858, 37.626188867153637 ], [ 14.107926994628881, 37.626233385011226 ], [ 14.109384408043159, 37.626622575922092 ], [ 14.109750337331262, 37.626869808105745 ], [ 14.110126374324638, 37.627123866633532 ], [ 14.110454432532817, 37.627433372403999 ], [ 14.11088824163083, 37.627842643429354 ], [ 14.114704760650262, 37.63100832005189 ], [ 14.120268084489771, 37.62912091108533 ], [ 14.122360940210658, 37.627160092898301 ], [ 14.122489849055059, 37.620687059615115 ], [ 14.123709180261185, 37.612137759595079 ], [ 14.124100316542465, 37.611663772705597 ], [ 14.124871878061912, 37.611505997985859 ], [ 14.131148181682359, 37.61150754729767 ], [ 14.131648306986055, 37.611599555674786 ], [ 14.131756072572033, 37.611619382612105 ], [ 14.131865629455575, 37.611644475357679 ], [ 14.13227495151267, 37.612039182028788 ], [ 14.135042884241434, 37.616704759949592 ], [ 14.136965763851972, 37.615889392193303 ], [ 14.14619681613396, 37.613340053473792 ], [ 14.14745581493932, 37.613053824179474 ], [ 14.147888568570256, 37.612955435793182 ], [ 14.148222802994335, 37.61290768019181 ], [ 14.149205514517011, 37.612767264228864 ], [ 14.150284435119788, 37.612785714401042 ], [ 14.150869917101469, 37.612795722748487 ], [ 14.151949659435809, 37.612905736253033 ], [ 14.164027339322194, 37.612116857734257 ], [ 14.159432298489508, 37.605143097108382 ], [ 14.159598930533933, 37.604821150785014 ], [ 14.159698225911045, 37.604629301907856 ], [ 14.159860264067724, 37.604316224050102 ], [ 14.160263524264773, 37.602713836552141 ], [ 14.16039700303935, 37.601904372125738 ], [ 14.160531483420716, 37.597528403828576 ], [ 14.160725272092069, 37.590855481537197 ], [ 14.160600302956764, 37.589836747214065 ], [ 14.160385028320089, 37.588862485623935 ], [ 14.160340288930508, 37.588686592549358 ], [ 14.160324077234465, 37.588622856068952 ], [ 14.160314019740238, 37.588583324866335 ], [ 14.160269208891917, 37.588407194474826 ], [ 14.160146032318796, 37.587923042333294 ], [ 14.159962107181546, 37.587237784547206 ], [ 14.159333673130233, 37.585718885069461 ], [ 14.15801974424201, 37.584635190670149 ], [ 14.157587111950262, 37.584325408077305 ], [ 14.157536880162716, 37.58428944022662 ], [ 14.157122830854519, 37.58410296394068 ], [ 14.157002407918341, 37.58405094505423 ], [ 14.156643992892503, 37.583896121339521 ], [ 14.156277585265151, 37.583739294677493 ], [ 14.156195968440647, 37.583704373158426 ], [ 14.155684471974034, 37.583625833665955 ], [ 14.155325484662777, 37.583571428151544 ], [ 14.150622963844903, 37.58301276682834 ], [ 14.141603584280881, 37.582246559498884 ], [ 14.139895839120356, 37.581930952186248 ], [ 14.13969622353741, 37.581841944496226 ], [ 14.139303728856721, 37.581666929512714 ], [ 14.139206349111614, 37.581622031055069 ], [ 14.138514948764092, 37.580817307478029 ], [ 14.138328727913111, 37.580367685883864 ], [ 14.137951439063777, 37.579450494301149 ], [ 14.137733670467878, 37.578919993827263 ], [ 14.13550846374169, 37.568272161860044 ], [ 14.137976322136764, 37.56164894830728 ], [ 14.140446299882793, 37.557325404352902 ], [ 14.139879310089107, 37.55278857713877 ], [ 14.138558796006786, 37.547879723012137 ], [ 14.132855770278841, 37.537621242448722 ], [ 14.128160005374168, 37.530683223327692 ], [ 14.126653127709288, 37.520786272241473 ], [ 14.132583245981534, 37.516113094177342 ], [ 14.137433779312596, 37.515258178862794 ], [ 14.142997152136013, 37.507879278061758 ], [ 14.143281249201102, 37.507388081235902 ], [ 14.143465969330208, 37.507068698702106 ], [ 14.143516732724564, 37.506980926836114 ], [ 14.143658673361648, 37.50640523089487 ], [ 14.143607766904863, 37.506240175707511 ], [ 14.143561396847282, 37.506089830727866 ], [ 14.143523308011984, 37.506072936911345 ], [ 14.143101055641083, 37.505885663217086 ], [ 14.142817447855563, 37.505759879868265 ], [ 14.142552021168829, 37.505711051905244 ], [ 14.140184610984393, 37.503339379874383 ], [ 14.14157428013452, 37.49972020525351 ], [ 14.142209530751888, 37.498361277618024 ], [ 14.142580630898971, 37.497910264360861 ], [ 14.154243424032266, 37.483794682026399 ], [ 14.155155607352974, 37.483597060837212 ], [ 14.155493395420313, 37.483523877860293 ], [ 14.156092165947996, 37.483394149380665 ], [ 14.158124467466076, 37.482706414039022 ], [ 14.158175242661034, 37.482666993210046 ], [ 14.159150706125617, 37.481909649400016 ], [ 14.159357754060544, 37.481076466367178 ], [ 14.159364903006963, 37.481047692935348 ], [ 14.158908449876956, 37.480367629371372 ], [ 14.157885473737906, 37.479838400407232 ], [ 14.157146421609305, 37.47957412717313 ], [ 14.156623536114994, 37.479387148413288 ], [ 14.155473897097059, 37.479027763287455 ], [ 14.151867043613567, 37.477983456788913 ], [ 14.151813354157277, 37.477969322819511 ], [ 14.151087216772119, 37.47777816739854 ], [ 14.150743145710814, 37.477687589127228 ], [ 14.150671772125342, 37.477668800772854 ], [ 14.150490558739378, 37.477663314277152 ], [ 14.149880681620528, 37.477644849625378 ], [ 14.149195663207651, 37.478115993882078 ], [ 14.149061595558848, 37.478411625118362 ], [ 14.141804571780122, 37.477055329836084 ], [ 14.131912827992547, 37.471421225872525 ], [ 14.126527596014805, 37.466015453208293 ], [ 14.120436571157839, 37.460617849273028 ], [ 14.093808672061915, 37.440124530815019 ], [ 14.082484280466858, 37.431533093873718 ], [ 14.078612320396195, 37.428339053316783 ], [ 14.070751908158606, 37.421332464803513 ], [ 14.069723181000583, 37.410388896341395 ], [ 14.071818078979588, 37.40742830670203 ], [ 14.071854340875056, 37.40729065005376 ], [ 14.072011547568971, 37.406693860093441 ], [ 14.072054994142457, 37.406528923140549 ], [ 14.071950751059669, 37.406249842636534 ], [ 14.071782026476773, 37.405798128105872 ], [ 14.071337612274988, 37.405490208296271 ], [ 14.071112783557826, 37.405335383011469 ], [ 14.070538057831396, 37.40493960386906 ], [ 14.067963151446058, 37.403926987239601 ], [ 14.067909016526068, 37.403907505602611 ], [ 14.066411249272486, 37.403374600931969 ], [ 14.063953468422977, 37.403824594564782 ], [ 14.063388054196244, 37.404075967516455 ], [ 14.063287326884469, 37.404120748892907 ], [ 14.06315758502539, 37.404178429605793 ], [ 14.063036095460944, 37.404252543973172 ], [ 14.062121574965142, 37.404810442995753 ], [ 14.061442887923766, 37.405814321437227 ], [ 14.061403499351256, 37.406002953868899 ], [ 14.061340446307183, 37.406304914941167 ], [ 14.061273981835013, 37.406623212606462 ], [ 14.061262652131338, 37.406677470499531 ], [ 14.061398546184581, 37.407618902279737 ], [ 14.06141895746706, 37.407760305446033 ], [ 14.061432079859269, 37.408509377145741 ], [ 14.060858782230312, 37.409162052416839 ], [ 14.059960476023466, 37.409650826912383 ], [ 14.059530419597625, 37.409592730859274 ], [ 14.056515989983327, 37.407583770054742 ], [ 14.055994240622777, 37.406878726876542 ], [ 14.055926872936082, 37.406266304386605 ], [ 14.055872243186011, 37.405769645155551 ], [ 14.056977891887891, 37.403227986125557 ], [ 14.063605116592333, 37.396413102860826 ], [ 14.067650137176626, 37.392707163092922 ], [ 14.073765468110732, 37.38711575669646 ], [ 14.077355902813739, 37.380025856112859 ], [ 14.071963031281372, 37.374522020459146 ], [ 14.081241158427849, 37.369456176287386 ], [ 14.084975859371783, 37.364265849971765 ], [ 14.085358123784488, 37.362693227626167 ], [ 14.081759639789475, 37.354974966132282 ], [ 14.082997764639593, 37.351254583879729 ], [ 14.087961680189361, 37.34923912909354 ], [ 14.088256869717304, 37.349485865890074 ], [ 14.088871801905876, 37.349999610559905 ], [ 14.089776986805823, 37.34998982950335 ], [ 14.090166813791834, 37.349468760584116 ], [ 14.08989968406531, 37.346074375711432 ], [ 14.089528564090553, 37.344744428932977 ], [ 14.089249203478118, 37.343743273359003 ], [ 14.087906991860274, 37.342324439313984 ], [ 14.087323320879131, 37.341774057201981 ], [ 14.086982439617294, 37.341452615426391 ], [ 14.086860613153037, 37.341384514294816 ], [ 14.086744084847599, 37.341319375816823 ], [ 14.086298246093754, 37.341070155018514 ], [ 14.085826970716216, 37.340909883827209 ], [ 14.085065676777459, 37.340650977844383 ], [ 14.084557166532328, 37.340478712835868 ], [ 14.08400832827674, 37.340293280691867 ], [ 14.083849316557238, 37.340239555836028 ], [ 14.083783477230423, 37.34021730956318 ], [ 14.083711365357422, 37.340192744702968 ], [ 14.083377456819436, 37.340078997089691 ], [ 14.083339349685636, 37.340055834970023 ], [ 14.083472131530247, 37.33932351530337 ], [ 14.084385151653487, 37.338419751286636 ], [ 14.084686770259641, 37.338262692500336 ], [ 14.085660000231712, 37.337806806152344 ], [ 14.085919932906307, 37.337685045785705 ], [ 14.090813347380726, 37.336578086246867 ], [ 14.097219591854774, 37.337517113658116 ], [ 14.100867847055644, 37.336565797161221 ], [ 14.11065399108743, 37.333883515591971 ], [ 14.115027636609566, 37.334066753469919 ], [ 14.123343286166765, 37.338463439938948 ], [ 14.128517396456663, 37.343597205080592 ], [ 14.131159818470406, 37.341874042764964 ], [ 14.130633600188707, 37.339553553811108 ], [ 14.134253876342123, 37.335163210103673 ], [ 14.136768932993935, 37.33455811711989 ], [ 14.1393325209098, 37.334992512353431 ], [ 14.147981028800579, 37.330661099145651 ], [ 14.14995293070198, 37.329165189563888 ], [ 14.150182514862879, 37.328992955979231 ], [ 14.150249211518217, 37.328942921177308 ], [ 14.155651721341782, 37.326530435589092 ], [ 14.166195787753621, 37.323969715265427 ], [ 14.166474877123143, 37.323956422252856 ], [ 14.16715588109596, 37.323960574564737 ], [ 14.168693444838896, 37.324449617339987 ], [ 14.171438710382125, 37.325390158320261 ], [ 14.177341662847583, 37.327664977909556 ], [ 14.186026514280078, 37.33075632326463 ], [ 14.192965724406685, 37.33191103966886 ], [ 14.204765182134569, 37.334521587399379 ], [ 14.205795515787329, 37.334274278276908 ], [ 14.207465358096504, 37.333873448366404 ], [ 14.214834090069344, 37.335828713951884 ], [ 14.214889169862527, 37.335848088972433 ], [ 14.21549828699631, 37.336062354102609 ], [ 14.215867529177601, 37.336192238262321 ], [ 14.218214989139362, 37.337216192386052 ], [ 14.219101984173596, 37.337780205477252 ], [ 14.22538292367445, 37.342789742116956 ], [ 14.225714049246994, 37.343457115300261 ], [ 14.22621547125096, 37.344110194014782 ], [ 14.228967975070468, 37.346615106706004 ], [ 14.229321467905681, 37.346882900388586 ], [ 14.229930812613572, 37.347344505666868 ], [ 14.231057774794127, 37.34758548352665 ], [ 14.231211417127447, 37.347584795034898 ], [ 14.231851972902364, 37.347581921130029 ], [ 14.232695399526149, 37.347578130816373 ], [ 14.233048475308427, 37.347574842330651 ], [ 14.233707057950264, 37.347568704143178 ], [ 14.234365572335463, 37.347562561680711 ], [ 14.24138501288426, 37.347041856758537 ], [ 14.256132088937267, 37.344841840948789 ], [ 14.264116181668427, 37.342972597094722 ], [ 14.265127271753016, 37.34222293113514 ], [ 14.267308609568747, 37.336897373799147 ], [ 14.267386799325241, 37.336233613422195 ], [ 14.267152681575716, 37.333635237755765 ], [ 14.275139475779586, 37.33039945621551 ], [ 14.278444455122813, 37.332065867653078 ], [ 14.283234122855925, 37.331680411516075 ], [ 14.283412626119302, 37.331630228125121 ], [ 14.283710252815586, 37.331546552208721 ], [ 14.28567022574307, 37.33075646914515 ], [ 14.286077644548408, 37.33058739851311 ], [ 14.287762424842661, 37.329291903716744 ], [ 14.299728958888515, 37.327694788090675 ], [ 14.303787906610621, 37.327852328819048 ], [ 14.312687453079914, 37.327187088529797 ], [ 14.316283927318178, 37.325673705627594 ], [ 14.316268934080039, 37.319806315658923 ], [ 14.315778591737482, 37.315358131857892 ], [ 14.315149057164, 37.312678660723478 ], [ 14.315090010273888, 37.310405670422362 ], [ 14.315086876391319, 37.310210606450688 ], [ 14.315061793494616, 37.308648993111177 ], [ 14.315510989383032, 37.303755582500372 ], [ 14.315833868233252, 37.303000496635804 ], [ 14.316377778070665, 37.302852192561566 ], [ 14.317325816964052, 37.302730704311756 ], [ 14.322792372852236, 37.302274914345865 ], [ 14.324720520425554, 37.302286963275797 ], [ 14.330969282657451, 37.302583310075526 ], [ 14.339687395423537, 37.303082731360966 ], [ 14.340000150917051, 37.303151155779332 ], [ 14.340284151689758, 37.303213288848042 ], [ 14.341397689252732, 37.30358829793753 ], [ 14.341992346468512, 37.30400705186338 ], [ 14.343894729830955, 37.305809389665924 ], [ 14.345028871296329, 37.307044398166184 ], [ 14.348385981799638, 37.30711398002412 ], [ 14.351913525869159, 37.306305792591395 ], [ 14.352658970213863, 37.306132565927314 ], [ 14.352579062917508, 37.30245631664576 ], [ 14.3523540627702, 37.280014917057187 ], [ 14.352350549091669, 37.279013449873489 ], [ 14.352403618544963, 37.278868897895251 ], [ 14.352489220060319, 37.278635762697782 ], [ 14.352787936863253, 37.278052763840655 ], [ 14.35339813148379, 37.277820250287121 ], [ 14.355757396224188, 37.277625427978641 ], [ 14.357102163807518, 37.277701526436012 ], [ 14.359749031825054, 37.277937182079988 ], [ 14.365399284149751, 37.278610253432852 ], [ 14.366587938299183, 37.278756355447413 ], [ 14.369094752528021, 37.279202032053831 ], [ 14.369359518041247, 37.279249293205382 ], [ 14.36988998147644, 37.279386111684609 ], [ 14.370081496160054, 37.279435560382595 ], [ 14.373501313528919, 37.280361768409087 ], [ 14.373998286879596, 37.280564406577206 ], [ 14.374310745771847, 37.280691809169262 ], [ 14.380051223476077, 37.283527467525197 ], [ 14.38091251535416, 37.285364709413464 ], [ 14.385290183627726, 37.279135581524663 ], [ 14.390326050853687, 37.267010765651719 ], [ 14.388241383028822, 37.259862227278582 ], [ 14.386811961355811, 37.259385016616619 ], [ 14.385028616363732, 37.258239669702725 ], [ 14.383582023563049, 37.257304038736557 ], [ 14.383382174919163, 37.256851739987447 ], [ 14.382264900902225, 37.250132179182835 ], [ 14.38200937126342, 37.243496283328291 ], [ 14.382223879561813, 37.241110439777678 ], [ 14.380331620477362, 37.230066362758961 ], [ 14.378260747221523, 37.221248203481075 ], [ 14.375372819008719, 37.206335370345293 ], [ 14.376849131409049, 37.205339752116224 ], [ 14.37966134331033, 37.203664263804271 ], [ 14.381255857641063, 37.196952769782882 ], [ 14.387043804864245, 37.189069883830214 ], [ 14.388100829604165, 37.189354789143785 ], [ 14.389047105368933, 37.18925985029211 ], [ 14.389904508697306, 37.188841710897961 ], [ 14.391932302908726, 37.187732687933178 ], [ 14.392601760932108, 37.187267710723212 ], [ 14.393155933055546, 37.186810625915179 ], [ 14.393487313216495, 37.186535358078274 ], [ 14.393755752603264, 37.186312370029292 ], [ 14.393985034219726, 37.186121907756551 ], [ 14.394586308949391, 37.18552950554102 ], [ 14.395858985394426, 37.184174898074261 ], [ 14.396416778950728, 37.183555211729903 ], [ 14.39666947014536, 37.183195544240476 ], [ 14.396879938603881, 37.182895970392117 ], [ 14.396928150963422, 37.182827344785565 ], [ 14.39781922405751, 37.181310079384289 ], [ 14.397837533288984, 37.181264082966024 ], [ 14.398302849860542, 37.180095052319658 ], [ 14.3984124610016, 37.179059173454533 ], [ 14.403792924001021, 37.17810417298044 ], [ 14.409645723303857, 37.1773838969671 ], [ 14.410453725886727, 37.177298282795356 ], [ 14.410693320985896, 37.177272897210514 ], [ 14.412528651574917, 37.17730136552094 ], [ 14.413840490597334, 37.177456225305257 ], [ 14.414830368772853, 37.177715571428436 ], [ 14.417185846473242, 37.17842014211358 ], [ 14.419038782702158, 37.17920320891934 ], [ 14.419062858514545, 37.179229407784455 ], [ 14.420051943069959, 37.180582477385165 ], [ 14.42009427229064, 37.180697757565774 ], [ 14.4201971748664, 37.180978004311228 ], [ 14.420273015481328, 37.18118454869736 ], [ 14.423079683095844, 37.183546658660283 ], [ 14.429165321820856, 37.188233046839777 ], [ 14.430689255170973, 37.189259119058164 ], [ 14.431084852148874, 37.189462461729818 ], [ 14.431239913675313, 37.189542164381919 ], [ 14.431935513433714, 37.18978701258078 ], [ 14.43206533783688, 37.189058551914592 ], [ 14.432462420079627, 37.185706859582382 ], [ 14.432410483378989, 37.185358367348705 ], [ 14.43235514454598, 37.184987052667083 ], [ 14.438311616926836, 37.179039796335921 ], [ 14.446892014264195, 37.173660243573323 ], [ 14.451442810425947, 37.169075227772645 ], [ 14.454765018548397, 37.162730349419292 ], [ 14.458706395256041, 37.155479418286895 ], [ 14.468286730273535, 37.142687379651591 ], [ 14.474020264564329, 37.137351000363395 ], [ 14.47563591708785, 37.131651540405265 ], [ 14.468532695801647, 37.120215789015909 ], [ 14.462061452280262, 37.113823522366921 ], [ 14.456595615387544, 37.10848057670681 ], [ 14.454803068063532, 37.102567258780937 ], [ 14.452840837711719, 37.097998019885239 ], [ 14.44865301273966, 37.097483564152952 ], [ 14.444201907245127, 37.098011976507117 ], [ 14.433174420339686, 37.099007609358388 ], [ 14.429473181313222, 37.094723433473675 ], [ 14.428824251245263, 37.091260010149831 ], [ 14.43300638511664, 37.080978583256666 ], [ 14.437373725627294, 37.073240615722277 ], [ 14.442341540109057, 37.067714406148205 ], [ 14.443645393393689, 37.064764385961745 ], [ 14.442844005995747, 37.060596827327764 ], [ 14.441038275991936, 37.056765818681413 ], [ 14.441349773737025, 37.055713867888699 ], [ 14.441782751125869, 37.054975956487795 ], [ 14.441872133180148, 37.054838350286587 ], [ 14.442215265596142, 37.054310085990934 ], [ 14.442485403800891, 37.053981071724102 ], [ 14.442589781056469, 37.053853945293625 ], [ 14.443245015501816, 37.053396150516612 ], [ 14.44410853103606, 37.052935512662309 ], [ 14.441981603576659, 37.050919915113617 ], [ 14.430346005875169, 37.042852178506372 ], [ 14.413074234740261, 37.029641557384373 ], [ 14.402439274305051, 37.028451149166351 ], [ 14.394547746126324, 37.026795017840548 ], [ 14.390034782386204, 37.02472576157129 ], [ 14.38573763349063, 37.021726010781542 ], [ 14.384877205028666, 37.021080926439929 ], [ 14.376052440901409, 37.01421874264922 ], [ 14.365359988478213, 37.005005107807207 ], [ 14.356559885395743, 37.003776198051703 ], [ 14.340673827995847, 37.002905254201984 ], [ 14.340217264122757, 37.002848912557084 ], [ 14.339832333518526, 37.002801409125325 ], [ 14.339707076259113, 37.002772601985725 ], [ 14.339226885887591, 37.002662163638142 ], [ 14.338343572612105, 37.002382216418454 ], [ 14.338161229785914, 37.00232308601219 ], [ 14.337917519408993, 37.00196944199125 ], [ 14.337888394300736, 37.001582377694355 ], [ 14.335538793593686, 37.003728756278598 ], [ 14.321480962171794, 37.016465098515873 ], [ 14.315175671239906, 37.022033994504277 ], [ 14.308342414767637, 37.027824650162657 ], [ 14.300439785628331, 37.034225361568126 ], [ 14.296775676957996, 37.036759791482623 ], [ 14.270628012257617, 37.050385767749589 ], [ 14.264100856926031, 37.046540628422022 ], [ 14.263122267247839, 37.045607704619407 ], [ 14.268431428426137, 37.051895274191089 ], [ 14.264587156298763, 37.054447231148991 ], [ 14.258618742498662, 37.058268711925493 ], [ 14.24626907550353, 37.06348003635739 ], [ 14.233998890502816, 37.066611932294201 ], [ 14.23330791916961, 37.06635712836178 ], [ 14.228192124817383, 37.065730958098378 ], [ 14.227390356285717, 37.065750425960964 ], [ 14.225946663344059, 37.066414561725409 ], [ 14.224181209085337, 37.068056679090851 ], [ 14.220483465958567, 37.070493726760247 ], [ 14.218812178410239, 37.071482291270918 ], [ 14.217257018381156, 37.072344212155841 ], [ 14.215104877902004, 37.073475434437043 ], [ 14.209047499797263, 37.076623789851354 ], [ 14.199482472415127, 37.080635278673043 ], [ 14.176414453361957, 37.088963682291279 ], [ 14.174716361592548, 37.089614586813411 ], [ 14.170564911732978, 37.091077177400877 ], [ 14.158952217728094, 37.094477961997704 ], [ 14.15466812335613, 37.095717440110647 ], [ 14.153791110628463, 37.095941489514502 ], [ 14.15152399933047, 37.0964548021377 ], [ 14.145811101141673, 37.097732712002895 ], [ 14.144111703415598, 37.097935292456171 ], [ 14.138437422037978, 37.098598099748749 ], [ 14.133321672433569, 37.098477212061688 ], [ 14.130367358890023, 37.099048896770782 ], [ 14.120029126101198, 37.101764650686221 ], [ 14.11820082837302, 37.102219777528099 ], [ 14.115843022663856, 37.102725012163233 ], [ 14.096270748161359, 37.106783389036181 ], [ 14.081178794969381, 37.109534430644011 ], [ 14.078927680896259, 37.109931461744623 ], [ 14.078273950951139, 37.110031010230557 ], [ 14.072083597316061, 37.11061116340877 ], [ 14.068955007566908, 37.110802486506543 ], [ 14.066753658312873, 37.110911118314718 ], [ 14.064370293807309, 37.11074182967743 ], [ 14.05874350767853, 37.110180141935579 ], [ 14.043474027458693, 37.108302012143426 ], [ 14.043372296705646, 37.108287954736198 ], [ 14.042964585299337, 37.108231614656944 ], [ 14.042776878610518, 37.108205675271776 ], [ 14.039126084843632, 37.10766118556981 ], [ 14.037844570736709, 37.107317897447111 ], [ 14.036310025725065, 37.106088269047788 ], [ 14.036473082404818, 37.112135100040916 ], [ 14.037465370548878, 37.119708176878852 ], [ 14.036688241836, 37.127687906756101 ], [ 14.034636823852981, 37.143013449221421 ], [ 14.029962326593955, 37.154594370366375 ], [ 14.028989693833815, 37.155777105966649 ], [ 14.02852637444526, 37.156147682876018 ], [ 14.02466289978442, 37.158579208728284 ], [ 14.024174541994986, 37.158862095398511 ], [ 14.023970864179935, 37.158980075536938 ], [ 14.021793971618546, 37.159358610915831 ], [ 14.021488334838164, 37.159375556888307 ], [ 14.020936121520096, 37.159406169757993 ], [ 14.019914225364577, 37.158936286501024 ], [ 14.01873069218629, 37.158258990890914 ], [ 14.017382732022957, 37.157846111025151 ], [ 14.015912530294475, 37.158000367354305 ], [ 14.011232032933394, 37.159964301493858 ], [ 14.010749759091324, 37.160709618262437 ], [ 14.009965062036107, 37.162145374903531 ], [ 14.007300405319633, 37.168712464050614 ], [ 14.000320343472037, 37.17774129561603 ], [ 13.992669228753012, 37.183939467539965 ], [ 13.984236112197175, 37.19091524156434 ], [ 13.984115403615059, 37.192525190789844 ], [ 13.991302246916556, 37.19777233466715 ], [ 13.994067284915674, 37.195739729653766 ], [ 13.993766239781655, 37.195244483023643 ], [ 13.993748430233499, 37.195215181844858 ], [ 13.993786013584263, 37.194679840090629 ], [ 13.993802801238573, 37.194440725532083 ], [ 13.993840640536924, 37.194365813237241 ], [ 13.994057275199314, 37.193936945247209 ], [ 13.994090294602023, 37.193911132178712 ], [ 13.994617021230804, 37.193499360385587 ], [ 13.995152186027104, 37.193080986637355 ], [ 13.995378461226506, 37.192904090487481 ], [ 13.995912477993246, 37.192564092749727 ], [ 13.996791801113448, 37.192342887936221 ], [ 13.99734538813906, 37.192203623278928 ], [ 13.997472196574545, 37.1921717224646 ], [ 13.997901005349393, 37.192095131689854 ], [ 13.998457225039809, 37.191995782589608 ], [ 13.999009886111152, 37.191897417986695 ], [ 13.999576896027502, 37.191906558830112 ], [ 14.000140279818469, 37.191915638743062 ], [ 14.000202450842922, 37.191916640716414 ], [ 14.002955245944555, 37.192470985277588 ], [ 14.00299262946627, 37.192496621556835 ], [ 14.003793133572886, 37.193045581426929 ], [ 14.004216181260567, 37.193493445621648 ], [ 14.004281811871428, 37.193562925695979 ], [ 14.004301087993449, 37.194373525861664 ], [ 14.004311011262939, 37.194790833964269 ], [ 14.004294713198536, 37.194824035244409 ], [ 14.003650747716526, 37.196135759890076 ], [ 14.003427915999856, 37.196459054507301 ], [ 14.003196697298003, 37.196794510113101 ], [ 14.00269815720856, 37.197517787244877 ], [ 14.001822135188009, 37.198122179426662 ], [ 14.000458177582749, 37.198598443613378 ], [ 13.998639287498683, 37.199366712264386 ], [ 13.998070858366496, 37.199787815297526 ], [ 13.997762683382986, 37.200016115699491 ], [ 13.996166649400431, 37.201490611870007 ], [ 13.995473418634331, 37.202315773387809 ], [ 13.995399071679612, 37.202404269167666 ], [ 13.995227110276398, 37.202610632084721 ], [ 13.995087926872005, 37.202867662718461 ], [ 13.994585942964449, 37.203800124205848 ], [ 13.993760590081751, 37.206072145162949 ], [ 13.99357002700812, 37.206895197898781 ], [ 13.992462410081364, 37.220530980394955 ], [ 13.9997234940342, 37.223832849372201 ], [ 14.00747089991399, 37.226121246675312 ], [ 14.016285200152375, 37.229757636112339 ], [ 14.008232818455765, 37.233827867088976 ], [ 14.00667395144001, 37.241360153739635 ], [ 14.009984071260961, 37.24545976172908 ], [ 14.013797073942271, 37.249923148616695 ], [ 14.017635080110061, 37.255933391664364 ], [ 14.017770602073458, 37.258108511668787 ], [ 14.01754677397809, 37.2586457795515 ], [ 14.017519063997645, 37.258712292780508 ], [ 14.017382013371876, 37.259041257174658 ], [ 14.017306263914847, 37.259106232854919 ], [ 14.01641281823189, 37.259872582132296 ], [ 14.015736982389695, 37.260447743191442 ], [ 14.015457843413138, 37.26068529611932 ], [ 14.015400345444405, 37.260734194601902 ], [ 14.015086040254149, 37.261001483692162 ], [ 14.014872712426653, 37.261182897999831 ], [ 14.014555007733149, 37.261360722664769 ], [ 14.012737975025489, 37.260660429287739 ], [ 14.012503683425322, 37.260280251467044 ], [ 14.012461887039164, 37.260212427487716 ], [ 14.012286895706355, 37.25992845707917 ], [ 14.011833369828476, 37.259979072425857 ], [ 14.011537772332076, 37.260120084689142 ], [ 14.009468997264488, 37.261126350454369 ], [ 14.009519087110453, 37.261806326594531 ], [ 14.009575675694547, 37.262135842972882 ], [ 14.009644209685129, 37.262534906293432 ], [ 14.010029193396429, 37.263040860430877 ], [ 14.010595753024154, 37.263443275498879 ], [ 14.010791849338741, 37.26358255346755 ], [ 14.012652687818655, 37.264903795912289 ], [ 14.015389356803334, 37.266391425209051 ], [ 14.018215457000961, 37.267780918558103 ], [ 14.019985621061656, 37.268897524979629 ], [ 14.024416566166748, 37.27250607810987 ], [ 14.028230260165541, 37.276190022233074 ], [ 14.029939295625947, 37.281436289365438 ], [ 14.030900192047744, 37.286508835037495 ], [ 14.031459411231587, 37.29123496482422 ], [ 14.031514925803034, 37.292182572114505 ], [ 14.031082511148322, 37.29250041715234 ], [ 14.030268314418194, 37.292649911467599 ], [ 14.026019388952136, 37.29321133317675 ], [ 14.025150168153562, 37.29327534970367 ], [ 14.024532651795614, 37.29297296855384 ], [ 14.024336747595498, 37.292411757656723 ], [ 14.024371951158372, 37.291503045101649 ], [ 14.024383813426564, 37.290518775749412 ], [ 14.024265595854764, 37.290142890325832 ], [ 14.024191901708832, 37.289908569839554 ], [ 14.024156751870416, 37.289796806821784 ], [ 14.022234482502292, 37.286453648386782 ], [ 14.021162481840308, 37.285991038218711 ], [ 14.018074047180015, 37.285645467086539 ], [ 14.017626303202439, 37.285726090851476 ], [ 14.01683026832305, 37.285869426478705 ], [ 14.015617846640644, 37.286247356832256 ], [ 14.009965497553127, 37.289950926131461 ], [ 14.006242013376834, 37.292364564056669 ], [ 14.00598094866341, 37.292454154151109 ], [ 14.005683242878399, 37.2925563173401 ], [ 14.005460276174944, 37.292632831446006 ], [ 14.005128641154835, 37.292690871089768 ], [ 14.004475683881941, 37.29280514082371 ], [ 14.001794500279052, 37.293101178869257 ], [ 13.998817287029786, 37.292908492248245 ], [ 13.996694515178822, 37.293103166250148 ], [ 13.995752585245516, 37.293822935848922 ], [ 13.994072805259535, 37.295485605761996 ], [ 13.99359060484746, 37.296075535014829 ], [ 13.992839674072743, 37.297500952494254 ], [ 13.991767467055311, 37.299809580196722 ], [ 13.991590356514834, 37.300547727124624 ], [ 13.991697332504218, 37.300713023567873 ], [ 13.99201044482222, 37.301196830436076 ], [ 13.992843939582167, 37.301296139186363 ], [ 13.993397368361359, 37.302750144979278 ], [ 13.991899214853543, 37.307824024087473 ], [ 13.983001854177969, 37.313687136272222 ], [ 13.977888942377779, 37.314158527549324 ], [ 13.971932335595351, 37.319830497356506 ], [ 13.968266731771294, 37.323359743255132 ], [ 13.961540154314196, 37.330328509484808 ], [ 13.956821523983573, 37.331947321198619 ], [ 13.955921436999212, 37.332004150293926 ], [ 13.955658405511633, 37.332020755759658 ], [ 13.955321407683469, 37.332038181711255 ], [ 13.944498499996193, 37.330926652745497 ], [ 13.935469936322857, 37.330051703717821 ], [ 13.927109312284639, 37.331347316057325 ], [ 13.924171918890679, 37.334735725954332 ], [ 13.921172140042099, 37.337710940248037 ], [ 13.915237283222751, 37.341425213887071 ], [ 13.904221825688118, 37.347450886251906 ], [ 13.895403578456198, 37.351442146821988 ], [ 13.885268814522757, 37.356516036470126 ], [ 13.882152169445583, 37.358964933316706 ], [ 13.881650289402554, 37.359840224194841 ], [ 13.88298487242206, 37.361943978747107 ], [ 13.885109493760712, 37.364800921909556 ], [ 13.88779166263495, 37.367551027151833 ], [ 13.886629227697409, 37.374974985486375 ], [ 13.890273690753252, 37.378451266248973 ], [ 13.891926463196281, 37.379018764880001 ], [ 13.896534348614852, 37.378980692025948 ], [ 13.896567325084495, 37.378978373301983 ], [ 13.896690839921812, 37.3789696879304 ], [ 13.897315728031719, 37.378925740299074 ], [ 13.901009166626078, 37.380302343434636 ], [ 13.905479073695812, 37.383121616610566 ], [ 13.908188127022678, 37.38543481499034 ], [ 13.909357579155836, 37.387128614639657 ], [ 13.906562332289093, 37.39308920632638 ], [ 13.904681401644442, 37.395902709296998 ], [ 13.898457589877225, 37.401484799848276 ], [ 13.895974739001325, 37.403015327646841 ], [ 13.893062731938484, 37.403897767425008 ], [ 13.888286959148477, 37.404392962031643 ], [ 13.875191463743352, 37.40436711762586 ], [ 13.866750768680317, 37.403016502079815 ], [ 13.859202444780841, 37.406847401030575 ], [ 13.850562813710992, 37.419218564270608 ], [ 13.845935819161713, 37.42881646681284 ], [ 13.847372650780422, 37.429708502420894 ], [ 13.847810171051734, 37.430356061745961 ], [ 13.848100798086916, 37.430786202471516 ], [ 13.849837631314932, 37.435510075198188 ], [ 13.8490099783097, 37.437140293322486 ], [ 13.848751262056716, 37.437217705434826 ], [ 13.848039250029831, 37.437430747079631 ], [ 13.847579387434783, 37.437568338421549 ], [ 13.847071864507855, 37.437688286181455 ], [ 13.846184106203161, 37.437898092038822 ], [ 13.845001334466442, 37.438103986549372 ], [ 13.84491445230859, 37.438119110185617 ], [ 13.841259625216054, 37.438381799977606 ], [ 13.840185683405496, 37.437622170603596 ], [ 13.839599754629981, 37.436833484824938 ], [ 13.825002308874865, 37.432545448364081 ], [ 13.812298259735448, 37.431360598287455 ], [ 13.797540162931853, 37.435320947278697 ], [ 13.776618860725721, 37.440200202660222 ], [ 13.775360066141275, 37.44047407368015 ], [ 13.774763476909452, 37.440521961227027 ], [ 13.774058001775623, 37.440578584810304 ], [ 13.773010706979475, 37.440484488720031 ], [ 13.772917833970343, 37.440476143424888 ], [ 13.762860076064246, 37.437604806039097 ], [ 13.759363117269384, 37.435134378632782 ], [ 13.759343448716439, 37.434268390418708 ], [ 13.759046041939019, 37.43312993268524 ], [ 13.758498895275515, 37.432481570021793 ], [ 13.758202702130299, 37.432130579169183 ], [ 13.757599848555682, 37.431695491684337 ], [ 13.757497531951522, 37.431621647673111 ], [ 13.757198222739955, 37.431405629896865 ], [ 13.751649533210616, 37.428270607894149 ], [ 13.74808817786429, 37.428410561454307 ], [ 13.739748777816374, 37.430626804075331 ], [ 13.738563602294979, 37.431183250052996 ], [ 13.738229125256018, 37.431427350213895 ], [ 13.737956369668527, 37.43162640632864 ], [ 13.735807828890003, 37.433462657560881 ], [ 13.73398434744, 37.435343141942973 ], [ 13.733239000141372, 37.436651861948839 ], [ 13.731589706944163, 37.437238118038053 ], [ 13.729021684436566, 37.437856134289696 ], [ 13.726405258921496, 37.438371351941065 ], [ 13.719147288757265, 37.439753078309252 ], [ 13.71284356342032, 37.440848077547493 ], [ 13.711376026415065, 37.440933612879562 ], [ 13.709962089706131, 37.440656993219164 ], [ 13.708786787414027, 37.440073544576187 ], [ 13.706471303425952, 37.439992625234773 ], [ 13.705868980866665, 37.44011631526692 ], [ 13.705798234878463, 37.440130843103027 ], [ 13.705524147846697, 37.440187127487256 ], [ 13.705382729153992, 37.44021616807705 ], [ 13.705232177831647, 37.440307160786418 ], [ 13.70497193656913, 37.440464451609373 ], [ 13.70169128289667, 37.442825114127622 ], [ 13.69062483658133, 37.454799059130146 ], [ 13.686884495388259, 37.458369879578036 ], [ 13.681198072365362, 37.459327494355875 ], [ 13.66734732767773, 37.460537665401965 ], [ 13.655042345999004, 37.459865168462272 ], [ 13.652225942157903, 37.462569493143967 ], [ 13.657038585500288, 37.471541527429167 ], [ 13.664379828518795, 37.476311993005496 ], [ 13.664184899263871, 37.476662525771772 ], [ 13.664083695915602, 37.476844514273608 ], [ 13.663764083692653, 37.47759788808883 ], [ 13.663829945581739, 37.478383301689 ], [ 13.664007419785619, 37.479366840790654 ], [ 13.664252347709898, 37.480073198005577 ], [ 13.670530073974671, 37.485974775753981 ], [ 13.674372564294035, 37.489536678130335 ], [ 13.675770660731288, 37.490694045533225 ], [ 13.676899831003244, 37.491446263725152 ], [ 13.677872957489186, 37.492006521524893 ], [ 13.678895595715341, 37.492386968750175 ], [ 13.683171119729954, 37.492488009552062 ], [ 13.685916866420069, 37.492347274691532 ], [ 13.688280474345994, 37.496485416667177 ], [ 13.690377763151819, 37.500781043422052 ], [ 13.690392795229926, 37.500970943356663 ], [ 13.690479739054664, 37.502069302957167 ], [ 13.690509267060708, 37.502979967941997 ], [ 13.69007648191473, 37.511658319190119 ], [ 13.69283543184997, 37.517270288414444 ], [ 13.693658949352688, 37.522980749586274 ], [ 13.689933759479253, 37.531629510505333 ], [ 13.690404479246471, 37.534848662670349 ], [ 13.692781513602123, 37.538056858267609 ], [ 13.690252442894069, 37.548177058228731 ], [ 13.689764956146044, 37.552606394455026 ], [ 13.690322784747387, 37.553721148567305 ], [ 13.690228429305948, 37.554605223296164 ], [ 13.690082494925061, 37.555335872854215 ], [ 13.69002943461382, 37.555601526950689 ], [ 13.689614150886387, 37.556024403884088 ], [ 13.689258619081665, 37.556386430977604 ], [ 13.686506071493806, 37.558997307459734 ], [ 13.678856629740384, 37.565877840593195 ], [ 13.673490185866894, 37.56950950616136 ], [ 13.669873347614271, 37.57099825446322 ], [ 13.668385344513593, 37.574209257510219 ], [ 13.669241934196398, 37.57609140417842 ], [ 13.672062698689876, 37.58054771538157 ], [ 13.676902829461408, 37.584108772045212 ], [ 13.679028224970393, 37.585653131411334 ], [ 13.680551662692528, 37.58675119578281 ], [ 13.681941288803072, 37.586989719528347 ], [ 13.684529661320424, 37.587040965318202 ], [ 13.686211587790893, 37.586919145848853 ], [ 13.686254006187067, 37.586916072917077 ], [ 13.689743566182955, 37.586478263638739 ], [ 13.691901522965868, 37.585374138294547 ], [ 13.695511453793902, 37.584438862431604 ], [ 13.703261920305199, 37.58336615057388 ], [ 13.708065349404006, 37.582970798057808 ], [ 13.715952607933211, 37.58410729324337 ], [ 13.720469007174811, 37.585623913170998 ], [ 13.72972626268346, 37.588708377459248 ], [ 13.743259440010819, 37.592160268033538 ], [ 13.745801442622382, 37.592557646432134 ], [ 13.748635767652329, 37.592380344805655 ], [ 13.752129229927716, 37.591435677491248 ], [ 13.75217670859297, 37.59143214862668 ], [ 13.752950062300567, 37.591374668557854 ], [ 13.752990903059318, 37.591371633317451 ], [ 13.753330963674113, 37.591466131774254 ], [ 13.75364965862104, 37.591554692496189 ], [ 13.753758485446902, 37.591584933886615 ], [ 13.754037916237976, 37.591662583327718 ], [ 13.760507735778532, 37.594530562291844 ], [ 13.761147328744441, 37.594849186116413 ], [ 13.764702143122429, 37.596884728214164 ], [ 13.76535443595391, 37.599274861203639 ], [ 13.763523515362547, 37.603767563647509 ], [ 13.762348894705314, 37.606790495704992 ], [ 13.76426326595409, 37.608289881629354 ], [ 13.766786146127268, 37.609796479909484 ], [ 13.767856988540295, 37.608874493961167 ], [ 13.76990795173281, 37.607466967780276 ], [ 13.771003474728083, 37.607008347514579 ], [ 13.772003850320987, 37.606776441448851 ], [ 13.774546549257558, 37.606468471879694 ], [ 13.775465108872549, 37.606406450296333 ], [ 13.775521299913738, 37.606420298252225 ], [ 13.776186810579865, 37.606584309876212 ], [ 13.776302015176901, 37.606634630274534 ], [ 13.776884803059014, 37.606889185401272 ], [ 13.779777198132631, 37.609518645341204 ], [ 13.779964478523528, 37.610056804596859 ], [ 13.780262618855213, 37.61095310415849 ], [ 13.780460285821194, 37.611982960076531 ], [ 13.78018753991805, 37.613213844997063 ], [ 13.780508027533067, 37.615539056479207 ], [ 13.782547052208347, 37.617899906356705 ], [ 13.787505923304629, 37.622554880868208 ], [ 13.788578699394609, 37.623513087984151 ], [ 13.790216057604352, 37.623115531886612 ], [ 13.795638626264211, 37.621523851458321 ], [ 13.809462683470075, 37.617803370908661 ], [ 13.822831062383621, 37.615476060561072 ], [ 13.823180177835482, 37.615202460023717 ], [ 13.824105464524358, 37.615102450232229 ], [ 13.824790565988788, 37.615028396409507 ], [ 13.82732674187419, 37.616252695382215 ], [ 13.827651923393766, 37.616426000145417 ], [ 13.827765614142661, 37.616486812687626 ], [ 13.827961134167262, 37.61659139669554 ], [ 13.830898700166493, 37.6185961279987 ], [ 13.831070513636655, 37.619957856957775 ], [ 13.831500214415922, 37.62432351088524 ], [ 13.831263090580148, 37.625042419701032 ], [ 13.8308596609074, 37.626175607080548 ], [ 13.830468364409185, 37.62723402799142 ], [ 13.830058332178824, 37.628113104665445 ], [ 13.829664018730934, 37.62887398922684 ], [ 13.829625625639267, 37.628948072320178 ], [ 13.828302307769167, 37.630325685883882 ], [ 13.827086119451316, 37.631423689944469 ], [ 13.821048423703392, 37.63543860088236 ], [ 13.81442573523384, 37.639170363369843 ], [ 13.811080867794407, 37.641602529556266 ], [ 13.811067548828674, 37.642227637576816 ], [ 13.812343239439201, 37.644683463624368 ], [ 13.813968156590544, 37.647239797471507 ], [ 13.814094319934718, 37.647437362258849 ], [ 13.814709337990024, 37.64840042073164 ], [ 13.81611696858946, 37.650378017048965 ], [ 13.817234986840953, 37.651576021343224 ], [ 13.821141655487017, 37.654962418610296 ], [ 13.823057648416588, 37.660398987177857 ], [ 13.824301108468054, 37.664811376336424 ], [ 13.824848200027407, 37.666772345200521 ], [ 13.823508115512519, 37.675066479904864 ], [ 13.823438979428325, 37.675123603318717 ], [ 13.8229109357321, 37.675559889736995 ], [ 13.822642270301113, 37.675781865978131 ], [ 13.82181082624342, 37.676123012834324 ], [ 13.82120480036607, 37.676360822295308 ], [ 13.816582317301775, 37.677049363694117 ], [ 13.814270743920749, 37.676858659694432 ], [ 13.809375769143735, 37.675981878263897 ], [ 13.804936378666067, 37.680099662774083 ], [ 13.804981116254746, 37.681083608418881 ], [ 13.805029985962245, 37.682299575364183 ], [ 13.804922146686609, 37.683523915118116 ], [ 13.804905448739209, 37.68371347688835 ], [ 13.804891806808504, 37.683740548433043 ], [ 13.804754941931524, 37.683927934853379 ], [ 13.804366971207099, 37.68445911139289 ], [ 13.803977478390088, 37.684992362526501 ], [ 13.801880921310431, 37.686900207378294 ], [ 13.801660873480131, 37.687096856996348 ], [ 13.801453342987177, 37.687279639556237 ], [ 13.801029696078347, 37.687652760098196 ], [ 13.800590025513934, 37.688039987932939 ], [ 13.800467500963231, 37.688147896863455 ], [ 13.79958005577183, 37.688301165705184 ], [ 13.792166514658685, 37.688321661969979 ], [ 13.789340093015792, 37.688232181983487 ], [ 13.78852524529851, 37.687468376422224 ], [ 13.78797538988541, 37.686073529881725 ], [ 13.78785612504122, 37.685448627694626 ], [ 13.784705707400256, 37.683805512296821 ], [ 13.770697037744672, 37.682916032144199 ], [ 13.765755600012008, 37.681067018545257 ], [ 13.76496538161916, 37.680184984471971 ], [ 13.763633494392918, 37.679776254863526 ], [ 13.76247232874406, 37.679419900132082 ], [ 13.762428558741551, 37.679408043696831 ], [ 13.761929267307938, 37.679337786451349 ], [ 13.761057871457954, 37.679215237249906 ], [ 13.757428973071296, 37.679400493961289 ], [ 13.750101849425413, 37.679813622579822 ], [ 13.745959840602048, 37.680813538747387 ], [ 13.738863586856768, 37.681997852810227 ], [ 13.732542021229081, 37.682930428875295 ], [ 13.734104324642198, 37.684461703288306 ], [ 13.742248639761552, 37.692698704718083 ], [ 13.743694477597252, 37.696156306617326 ], [ 13.74458876972143, 37.698923186334525 ], [ 13.744537897179876, 37.699967630367681 ], [ 13.743680170219989, 37.70209727093863 ], [ 13.742966590332907, 37.703839179875366 ], [ 13.748193224860872, 37.704468626042029 ], [ 13.755730546118444, 37.703070701629976 ], [ 13.763203634812857, 37.701370371390666 ], [ 13.763495556553353, 37.701078579459796 ], [ 13.764654804473613, 37.700288691385246 ], [ 13.764975900842044, 37.700135448641788 ], [ 13.76633527418462, 37.699486675523382 ], [ 13.767879275806061, 37.699394838956863 ], [ 13.772573026752163, 37.700235617079841 ], [ 13.77439255128288, 37.70065032267842 ], [ 13.775587114314689, 37.701106140462095 ], [ 13.776597935742338, 37.701711231869545 ], [ 13.776807436984674, 37.701980268889898 ], [ 13.776987084498021, 37.702210981236973 ], [ 13.777194865691964, 37.703348479584086 ], [ 13.777225845151197, 37.703567016939822 ], [ 13.777353900696752, 37.704470347748092 ], [ 13.777388115190217, 37.704711700365351 ], [ 13.777173974631896, 37.706701578254943 ], [ 13.776903081688147, 37.707266564716754 ], [ 13.774537756725531, 37.71309870903373 ], [ 13.774705850428999, 37.715582856772428 ], [ 13.776288263592871, 37.721070313111703 ], [ 13.78022939462649, 37.724680454721764 ], [ 13.790337905897115, 37.730874569469457 ], [ 13.801062150895714, 37.740698745922977 ], [ 13.808125804732754, 37.743942439925767 ], [ 13.815999421394777, 37.732959244168143 ], [ 13.818081950641151, 37.728090991074403 ], [ 13.818532019284113, 37.726870348486074 ], [ 13.81858696777369, 37.726125001506361 ], [ 13.818595563801843, 37.726008396587417 ], [ 13.818605098601791, 37.725879047659184 ], [ 13.817641948338077, 37.719335685848797 ] ], [ [ 14.086975329347553, 37.553377320937066 ], [ 14.087138577737655, 37.552033838570431 ], [ 14.087546610684964, 37.550309172189209 ], [ 14.089352014952409, 37.545749234398571 ], [ 14.091980317661777, 37.543057920263685 ], [ 14.09390919083469, 37.541259391868948 ], [ 14.094506766887477, 37.540731062071636 ], [ 14.095378912492528, 37.539959962061118 ], [ 14.095927604917362, 37.539477007455091 ], [ 14.098586783990017, 37.537553448283923 ], [ 14.099719738551654, 37.53709330865982 ], [ 14.10195764941116, 37.537896832123494 ], [ 14.106375486321143, 37.539743941852649 ], [ 14.104329495304556, 37.54823678419951 ], [ 14.103785027551771, 37.549277872817498 ], [ 14.103298272662425, 37.549943520189579 ], [ 14.103197473899435, 37.550081362628092 ], [ 14.103069895580296, 37.550255824617217 ], [ 14.10292144407542, 37.550458828955101 ], [ 14.099512591517241, 37.55384578704647 ], [ 14.098126936121572, 37.554567607400799 ], [ 14.094922149589792, 37.556092972161984 ], [ 14.094365050916453, 37.556294242004618 ], [ 14.0937824590492, 37.55650471418199 ], [ 14.092549787286368, 37.556776388104019 ], [ 14.089692881841023, 37.557404135696814 ], [ 14.088713683441071, 37.557018755717451 ], [ 14.08864937818298, 37.556977482266234 ], [ 14.088174773072856, 37.556672857183742 ], [ 14.087400450090456, 37.556098519398866 ], [ 14.086855003745193, 37.555241916711196 ], [ 14.086718684590615, 37.55437213801649 ], [ 14.086975329347553, 37.553377320937066 ] ] ] ] } },
{ "type": "Feature", "properties": { "provincia": "Enna", "sigla": "EN" }, "geometry": { "type": "MultiPolygon", "coordinates": [ [ [ [ 14.099719738551654, 37.53709330865982 ], [ 14.098586783990017, 37.537553448283923 ], [ 14.095927604917362, 37.539477007455091 ], [ 14.095378912492528, 37.539959962061118 ], [ 14.094506766887477, 37.540731062071636 ], [ 14.09390919083469, 37.541259391868948 ], [ 14.091980317661777, 37.543057920263685 ], [ 14.089352014952409, 37.545749234398571 ], [ 14.087546610684964, 37.550309172189209 ], [ 14.087138577737655, 37.552033838570431 ], [ 14.086975329347553, 37.553377320937066 ], [ 14.086718684590615, 37.55437213801649 ], [ 14.086855003745193, 37.555241916711196 ], [ 14.087400450090456, 37.556098519398866 ], [ 14.088174773072856, 37.556672857183742 ], [ 14.08864937818298, 37.556977482266234 ], [ 14.088713683441071, 37.557018755717451 ], [ 14.089692881841023, 37.557404135696814 ], [ 14.092549787286368, 37.556776388104019 ], [ 14.0937824590492, 37.55650471418199 ], [ 14.094365050916453, 37.556294242004618 ], [ 14.094922149589792, 37.556092972161984 ], [ 14.098126936121572, 37.554567607400799 ], [ 14.099512591517241, 37.55384578704647 ], [ 14.10292144407542, 37.550458828955101 ], [ 14.103069895580296, 37.550255824617217 ], [ 14.103197473899435, 37.550081362628092 ], [ 14.103298272662425, 37.549943520189579 ], [ 14.103785027551771, 37.549277872817498 ], [ 14.104329495304556, 37.54823678419951 ], [ 14.106375486321143, 37.539743941852649 ], [ 14.10195764941116, 37.537896832123494 ], [ 14.099719738551654, 37.53709330865982 ] ] ], [ [ [ 14.572209837996578, 37.874756818809423 ], [ 14.573319245715794, 37.861557917665699 ], [ 14.573382730648785, 37.860675358267287 ], [ 14.573352075125218, 37.860057436981656 ], [ 14.573297114203607, 37.859677439181262 ], [ 14.573228541528149, 37.859352109378079 ], [ 14.573086209804048, 37.858877234302518 ], [ 14.572925368061545, 37.858664307946043 ], [ 14.569088255619418, 37.856568793094553 ], [ 14.565628393051185, 37.855247469374412 ], [ 14.562033354439031, 37.854108004119816 ], [ 14.557553920687562, 37.851164786624757 ], [ 14.55602300414656, 37.848351936882032 ], [ 14.552722217081136, 37.839307466761149 ], [ 14.554202302374561, 37.836950799242395 ], [ 14.558060030324551, 37.836088536477448 ], [ 14.564763323468956, 37.834967938417684 ], [ 14.571420758619578, 37.832867008322523 ], [ 14.583244066765733, 37.821898465249042 ], [ 14.592680342617431, 37.813236488184785 ], [ 14.593179433295598, 37.812801243123367 ], [ 14.595072164006714, 37.81159026608303 ], [ 14.595710299887672, 37.811204264007301 ], [ 14.596080002952768, 37.811032930723982 ], [ 14.596287163226823, 37.810936924737433 ], [ 14.596359837848619, 37.810903249664186 ], [ 14.596759869172857, 37.810721563620319 ], [ 14.597139333242254, 37.810549218134604 ], [ 14.597171075868641, 37.810535147514969 ], [ 14.598831553577874, 37.809961215870089 ], [ 14.599785281376047, 37.809686655466891 ], [ 14.600774138318741, 37.809427929836033 ], [ 14.604426850818172, 37.808876221055748 ], [ 14.622800152274593, 37.806176698930066 ], [ 14.622950966057539, 37.806272394323663 ], [ 14.623374341481412, 37.806538304028493 ], [ 14.624280350361055, 37.806954023072876 ], [ 14.624825589787667, 37.807148464645707 ], [ 14.625638691445538, 37.807341067256729 ], [ 14.625805565376767, 37.807377708847227 ], [ 14.625871954335599, 37.807381362703488 ], [ 14.626441666374577, 37.80741271356208 ], [ 14.626664209803069, 37.807424959203622 ], [ 14.632468588202851, 37.807610300858848 ], [ 14.640050296917543, 37.807319227258205 ], [ 14.645016676607181, 37.806948544134364 ], [ 14.65216353906537, 37.805408527768769 ], [ 14.655750362618528, 37.804244448282681 ], [ 14.659027072835817, 37.803024988300159 ], [ 14.666134352144631, 37.799569977265506 ], [ 14.678973176630043, 37.79553547460155 ], [ 14.679836522167607, 37.795421686308472 ], [ 14.679981489826723, 37.795403965359334 ], [ 14.680506643070283, 37.795339770479693 ], [ 14.680543991397032, 37.795342562982405 ], [ 14.681114487804312, 37.79538521784837 ], [ 14.68167912030659, 37.795427644996032 ], [ 14.682029701408718, 37.795479003728182 ], [ 14.682345945740138, 37.795525331648989 ], [ 14.683831571357736, 37.795971066377291 ], [ 14.684432391661684, 37.796306559651697 ], [ 14.684668542182592, 37.796452812136543 ], [ 14.684931199903025, 37.796615480856659 ], [ 14.68940635768152, 37.799944307023608 ], [ 14.699931897110913, 37.808530024193146 ], [ 14.706516602617276, 37.812559738141367 ], [ 14.715435295042351, 37.815411620819773 ], [ 14.723121566133129, 37.8170536065264 ], [ 14.737306828039118, 37.818553159821207 ], [ 14.73928380793549, 37.818731088347334 ], [ 14.740193961012407, 37.818716487999154 ], [ 14.740310629456008, 37.818713956491635 ], [ 14.740412303879141, 37.818701404333702 ], [ 14.741101448152948, 37.818601706882767 ], [ 14.741625520869578, 37.818418541861583 ], [ 14.742199412880254, 37.818156888567422 ], [ 14.742251759984988, 37.818133021435486 ], [ 14.739399570263968, 37.814433289907555 ], [ 14.738555046277469, 37.812773221669076 ], [ 14.738533411306971, 37.812725723595875 ], [ 14.738341455483948, 37.812291800006406 ], [ 14.738355012003794, 37.812151888139923 ], [ 14.738368262521599, 37.812015151812368 ], [ 14.738386909008913, 37.811822739382407 ], [ 14.738940011615828, 37.806471099841367 ], [ 14.739279996138926, 37.803452352970908 ], [ 14.739326658488167, 37.803237629861634 ], [ 14.739371939489741, 37.803029272022357 ], [ 14.739636667388616, 37.802219663301756 ], [ 14.741895534570311, 37.799350151561839 ], [ 14.743006273669083, 37.797923510314931 ], [ 14.744646625000875, 37.7953717913799 ], [ 14.744716472777025, 37.795125488856378 ], [ 14.744761822835301, 37.794965565508001 ], [ 14.744877097929301, 37.794496338563 ], [ 14.744889621023415, 37.794000614093299 ], [ 14.744835201876572, 37.793373158534415 ], [ 14.744441187046327, 37.790241676855011 ], [ 14.744232064372165, 37.789555219590547 ], [ 14.742273061239464, 37.789020056395124 ], [ 14.741353639727121, 37.788938987351649 ], [ 14.727363447235508, 37.784842810296794 ], [ 14.726321046188614, 37.784496919267511 ], [ 14.723000819204302, 37.783296844146584 ], [ 14.720675402180889, 37.781949977833875 ], [ 14.720345957109913, 37.781722964927724 ], [ 14.719428265839186, 37.780993498483639 ], [ 14.716544083107644, 37.77824430644074 ], [ 14.714396154773295, 37.776035991678619 ], [ 14.71444844197906, 37.770613597074082 ], [ 14.714614233652517, 37.769291244051495 ], [ 14.716368657307459, 37.767153609550242 ], [ 14.721403580290495, 37.763158951321586 ], [ 14.723839514222856, 37.761712471597178 ], [ 14.724191193608704, 37.761632318412495 ], [ 14.72641756603705, 37.761316759069651 ], [ 14.728721532131578, 37.761033377636245 ], [ 14.732922173812938, 37.75843841097408 ], [ 14.735426504052406, 37.752107100722732 ], [ 14.728244808557863, 37.743493888018811 ], [ 14.727614822925249, 37.743162285109157 ], [ 14.727065559666746, 37.74287624349185 ], [ 14.724538218851356, 37.741563618115052 ], [ 14.723895542905831, 37.741232612389808 ], [ 14.723806389090239, 37.741191097293459 ], [ 14.723046702653924, 37.740837365564389 ], [ 14.720931412209138, 37.740006658204855 ], [ 14.719159028154641, 37.739815930756741 ], [ 14.71642403647499, 37.738496684092901 ], [ 14.714450456813799, 37.737454744279717 ], [ 14.711053858807043, 37.735298603572275 ], [ 14.710922740354111, 37.735215365383766 ], [ 14.710568041668976, 37.734990189260458 ], [ 14.706269434992501, 37.731532997893076 ], [ 14.705810893418159, 37.729772864543229 ], [ 14.705805329016853, 37.729702071523725 ], [ 14.705775826703452, 37.729326717178679 ], [ 14.70647647739754, 37.728554525672003 ], [ 14.707667364562029, 37.727977134584556 ], [ 14.707844741378725, 37.727891137011909 ], [ 14.708189125990387, 37.727724180986129 ], [ 14.709095512667108, 37.727536101150676 ], [ 14.715122666644893, 37.726293305046113 ], [ 14.717657725384791, 37.725103728302273 ], [ 14.720050104065136, 37.720575891067448 ], [ 14.720666825273872, 37.716466548405741 ], [ 14.718766532274554, 37.712679900849785 ], [ 14.715624066263899, 37.707988220842751 ], [ 14.715471569743045, 37.702482514862467 ], [ 14.717021181422899, 37.696749806777518 ], [ 14.718380092878762, 37.694191239048386 ], [ 14.722789138919909, 37.684970395207579 ], [ 14.722564873654287, 37.684812107112343 ], [ 14.722112365419648, 37.683500015733259 ], [ 14.722142638394569, 37.683447734645625 ], [ 14.722322902025342, 37.683136421200089 ], [ 14.722754782475931, 37.682392998320928 ], [ 14.722855307955818, 37.682308330901989 ], [ 14.72316478157734, 37.682047677356188 ], [ 14.723543184628399, 37.681728965981492 ], [ 14.724069684563851, 37.681460287938258 ], [ 14.724172114780512, 37.681428127192717 ], [ 14.72435471010491, 37.681370797777667 ], [ 14.724412381603097, 37.6813532231496 ], [ 14.724931023560574, 37.681274294569874 ], [ 14.725316069021204, 37.681392832211948 ], [ 14.72803499171871, 37.682354090669058 ], [ 14.728566241732706, 37.682679275749116 ], [ 14.729018282617204, 37.68305107123529 ], [ 14.733427678599487, 37.687062453613891 ], [ 14.734502543265128, 37.690858309589849 ], [ 14.738300371465401, 37.691062927652681 ], [ 14.745866726744637, 37.687512694314066 ], [ 14.746132394478309, 37.687070920803613 ], [ 14.747300437032996, 37.686407387308776 ], [ 14.74743239758519, 37.686346349586316 ], [ 14.747517199101125, 37.686307124993711 ], [ 14.747708469700912, 37.686218653732602 ], [ 14.750601796580002, 37.686135619648987 ], [ 14.751214217580539, 37.686209186356493 ], [ 14.751983571858672, 37.68641682512304 ], [ 14.752380568059928, 37.686606695831451 ], [ 14.752697626475994, 37.686870237877123 ], [ 14.761083557268877, 37.694179186436259 ], [ 14.770284089237418, 37.699092141089736 ], [ 14.797861499795625, 37.712731501400327 ], [ 14.7979588552039, 37.712559793194508 ], [ 14.798222465368326, 37.71209483464051 ], [ 14.7986825308238, 37.71101522195778 ], [ 14.7984217231235, 37.709598283476474 ], [ 14.798630717635707, 37.703703146618167 ], [ 14.799297067524364, 37.696529716447117 ], [ 14.800127623636808, 37.691303784519796 ], [ 14.800967357068497, 37.691395106799959 ], [ 14.80168407925205, 37.691426096607032 ], [ 14.801715085373857, 37.691396170974926 ], [ 14.80189738573751, 37.691162731936132 ], [ 14.802427140012552, 37.688134208215082 ], [ 14.802451629284164, 37.687415128023851 ], [ 14.802361189880303, 37.68672501123536 ], [ 14.802351653113652, 37.68665706294594 ], [ 14.802172264402575, 37.686132696287885 ], [ 14.801844555902617, 37.685562068802241 ], [ 14.801800229870787, 37.685484939510935 ], [ 14.800959371644598, 37.684062829305027 ], [ 14.800331993733659, 37.683048197246308 ], [ 14.799856344013875, 37.682740867237371 ], [ 14.799120181201818, 37.682324863900817 ], [ 14.798701219767253, 37.682181258760238 ], [ 14.797931118054166, 37.681944978407813 ], [ 14.795212395494946, 37.679072980902177 ], [ 14.793067655110692, 37.676682254569201 ], [ 14.792617641504842, 37.676094572005894 ], [ 14.792379971036768, 37.675606704305977 ], [ 14.791931525582044, 37.673641670540533 ], [ 14.791853991962041, 37.673055888581864 ], [ 14.791771385929232, 37.666061160007011 ], [ 14.791799351841821, 37.66424146063666 ], [ 14.791937193690137, 37.663222610009115 ], [ 14.792454219274376, 37.653074563952231 ], [ 14.792420726221156, 37.652758476652714 ], [ 14.792693789603842, 37.652146260771225 ], [ 14.793172246216468, 37.651479213691466 ], [ 14.793434340128568, 37.651128726451603 ], [ 14.797313689988643, 37.645979831754758 ], [ 14.80478352809156, 37.646218855735015 ], [ 14.809837389351662, 37.642206555999941 ], [ 14.819835234846618, 37.637625359595191 ], [ 14.82082079317127, 37.637590083633782 ], [ 14.821614715398159, 37.637465253429937 ], [ 14.822294693328081, 37.637087268805665 ], [ 14.82281770235204, 37.636656310572612 ], [ 14.823733377095895, 37.63586071078818 ], [ 14.824659120993822, 37.634515001493071 ], [ 14.825090723837581, 37.633883748050636 ], [ 14.825466483325949, 37.633262043641977 ], [ 14.825717691118069, 37.632576733639617 ], [ 14.825867118915246, 37.631711930081849 ], [ 14.825938000727925, 37.624698107090175 ], [ 14.823130530810698, 37.619529691424134 ], [ 14.82427046739506, 37.612241956706676 ], [ 14.825018144189016, 37.61205414401968 ], [ 14.825744591866783, 37.611577098620714 ], [ 14.82610048185313, 37.611294745713977 ], [ 14.826257853444471, 37.611169888137731 ], [ 14.826334543516957, 37.611109041161747 ], [ 14.826992329421245, 37.610405836301382 ], [ 14.827778458249034, 37.609273200194956 ], [ 14.827937579090472, 37.608893994335794 ], [ 14.828004179048952, 37.608551281206658 ], [ 14.828051500150607, 37.608307755900171 ], [ 14.828832315921803, 37.598916490222109 ], [ 14.828845167350877, 37.598195720844828 ], [ 14.827222431152437, 37.589639175192993 ], [ 14.82560810795453, 37.586960179289498 ], [ 14.82470303368993, 37.586828881265845 ], [ 14.82467134897915, 37.586824284127033 ], [ 14.822664762235711, 37.586469057159015 ], [ 14.819913353866427, 37.585708717934757 ], [ 14.811225846459926, 37.58179131023217 ], [ 14.805529079779378, 37.576905691347086 ], [ 14.797001590287273, 37.568986191431065 ], [ 14.796923085177408, 37.568908331274372 ], [ 14.796594210336462, 37.568582149792348 ], [ 14.796285531704134, 37.56827599488664 ], [ 14.796241099959778, 37.568231313766667 ], [ 14.794844225155508, 37.566765560911854 ], [ 14.791051885832884, 37.561765079293146 ], [ 14.791004623506133, 37.561666123407072 ], [ 14.790852303016566, 37.561342815652125 ], [ 14.790707111707171, 37.560701846696411 ], [ 14.790663004602161, 37.560206666409378 ], [ 14.790708428665704, 37.559772361329436 ], [ 14.791050179502596, 37.559413472394105 ], [ 14.791328027642804, 37.559250078569505 ], [ 14.791492860282993, 37.559153146301398 ], [ 14.791921836077838, 37.559062253100713 ], [ 14.791958221980329, 37.559092540558403 ], [ 14.799064091953388, 37.556129249800243 ], [ 14.801047782614468, 37.555257328962817 ], [ 14.801431146016252, 37.55491662051827 ], [ 14.801660246162841, 37.554446229728903 ], [ 14.801651464442079, 37.553933571138948 ], [ 14.799493327748317, 37.535416586073303 ], [ 14.799125453824775, 37.532629748763433 ], [ 14.797283315542231, 37.531878839003433 ], [ 14.795482389260705, 37.53147633037905 ], [ 14.793545532711475, 37.530522340343396 ], [ 14.791699980186795, 37.528562082686854 ], [ 14.791192424761336, 37.527992958288507 ], [ 14.7911816156213, 37.527938185333184 ], [ 14.791100351673544, 37.527526390440372 ], [ 14.791037607725453, 37.527208423814038 ], [ 14.791059475465188, 37.527044028612686 ], [ 14.791119740941916, 37.526590980590171 ], [ 14.791164767991745, 37.526252487581864 ], [ 14.794003216965651, 37.518669085164511 ], [ 14.793820804959037, 37.514562601018191 ], [ 14.79248815652045, 37.510211650377094 ], [ 14.791644941900534, 37.508153503668524 ], [ 14.791252199987033, 37.507387441211968 ], [ 14.790991941401741, 37.506972654342121 ], [ 14.790836902574897, 37.506801220516529 ], [ 14.790518455535789, 37.506449096898749 ], [ 14.786555741645319, 37.503684650940521 ], [ 14.784599332826357, 37.502607044569999 ], [ 14.777474458126392, 37.502008539375879 ], [ 14.774615832128436, 37.504264506593117 ], [ 14.773773790923931, 37.506667809626329 ], [ 14.772850179861488, 37.508732393772242 ], [ 14.772496613652198, 37.509163621989281 ], [ 14.772283446278367, 37.50919302075814 ], [ 14.77172444467717, 37.509269959329529 ], [ 14.771456404833248, 37.509306846723206 ], [ 14.768571691465537, 37.509273481823925 ], [ 14.766985592966197, 37.509071058784883 ], [ 14.764802270315803, 37.506102185270059 ], [ 14.764361840361181, 37.50530008467117 ], [ 14.764127831407887, 37.504838964171583 ], [ 14.763948343575038, 37.504361641264445 ], [ 14.757729984024214, 37.509783466163867 ], [ 14.741760827438659, 37.527102122626815 ], [ 14.733232424117743, 37.528568824001852 ], [ 14.728838679543552, 37.532660332722926 ], [ 14.728455924384255, 37.535138738127642 ], [ 14.722723464502259, 37.539443732557906 ], [ 14.714811643914249, 37.53971339445684 ], [ 14.712220203471317, 37.5423372600048 ], [ 14.712927411480642, 37.54535164203061 ], [ 14.707405714021954, 37.54950653763651 ], [ 14.702089516127547, 37.548869299393409 ], [ 14.699451142323893, 37.549467090794579 ], [ 14.699908861287961, 37.558478414556497 ], [ 14.699790843427706, 37.559116510208966 ], [ 14.69928117305839, 37.559503540073528 ], [ 14.698431938956849, 37.559645939149625 ], [ 14.697886125124009, 37.559717371351447 ], [ 14.697156193531704, 37.559681086494379 ], [ 14.697106440005911, 37.559678612515086 ], [ 14.696031528308275, 37.559494335427196 ], [ 14.695644609096027, 37.559328389549869 ], [ 14.69522998855893, 37.559150559801864 ], [ 14.694776673092681, 37.558933934041761 ], [ 14.693787110854025, 37.557534742660224 ], [ 14.693517325164857, 37.557027931350099 ], [ 14.693916920209867, 37.556272678733308 ], [ 14.689596681860348, 37.554173920331259 ], [ 14.684642209299117, 37.556230453911269 ], [ 14.679664897827742, 37.557884137980267 ], [ 14.675350171976326, 37.558024769704275 ], [ 14.674710977418268, 37.558001497416335 ], [ 14.674633452308834, 37.557998673158117 ], [ 14.67399458398879, 37.557975390199488 ], [ 14.666618229745163, 37.55415154424945 ], [ 14.665681751736923, 37.553285173440734 ], [ 14.654457673475836, 37.549375657857183 ], [ 14.653179979730748, 37.549020686715323 ], [ 14.649223961128396, 37.547684760875768 ], [ 14.642374877718252, 37.545355400304103 ], [ 14.637303079988936, 37.543059805178842 ], [ 14.632816278229042, 37.536442418954572 ], [ 14.61837488557561, 37.536600915399269 ], [ 14.601784967217077, 37.535924222904939 ], [ 14.600823933716134, 37.535879560456188 ], [ 14.600540634395955, 37.53586639386404 ], [ 14.598401518106778, 37.535776849255107 ], [ 14.597426851893511, 37.535804564208959 ], [ 14.597224091384989, 37.535810329863061 ], [ 14.597157605390926, 37.535816625857784 ], [ 14.596864593891318, 37.535844373870702 ], [ 14.596527945013573, 37.535876253790619 ], [ 14.596126129722911, 37.535914305111312 ], [ 14.594676676048843, 37.536270129893929 ], [ 14.5945392108201, 37.53630388048181 ], [ 14.594244649428287, 37.536377349228353 ], [ 14.593030676991809, 37.536885158807117 ], [ 14.592417195555321, 37.537326148835213 ], [ 14.592294231246109, 37.537416946540262 ], [ 14.592217141274185, 37.537473870500918 ], [ 14.591860135040445, 37.537737485903158 ], [ 14.591704903917714, 37.537916972882186 ], [ 14.591393275642737, 37.538277312447498 ], [ 14.590967297643546, 37.539045715259569 ], [ 14.590889688365706, 37.539185711424331 ], [ 14.590271911092533, 37.54042813671316 ], [ 14.59005071279209, 37.541606720085213 ], [ 14.589987093445957, 37.542106639728061 ], [ 14.589979572309952, 37.542166318191228 ], [ 14.589994624592023, 37.542312789359066 ], [ 14.59000830904729, 37.542445948618848 ], [ 14.59006724649986, 37.543124587296532 ], [ 14.590018010116426, 37.543238253581883 ], [ 14.589924702550249, 37.543453659123799 ], [ 14.589909407276787, 37.543488960619868 ], [ 14.589869533351647, 37.543580320485788 ], [ 14.589767657846151, 37.543699536539016 ], [ 14.589584678965128, 37.543913214412292 ], [ 14.588309602876736, 37.545315129225607 ], [ 14.587797859740744, 37.545728778569895 ], [ 14.587660925112367, 37.545829262076545 ], [ 14.587138735836193, 37.546212440409413 ], [ 14.583103808274917, 37.549028128648438 ], [ 14.582725132549307, 37.549263124769219 ], [ 14.582575351725906, 37.549356073728539 ], [ 14.58246996883339, 37.549421470136913 ], [ 14.581877674221746, 37.549745724077816 ], [ 14.581140554803859, 37.549877455487284 ], [ 14.580304166149357, 37.549721311561271 ], [ 14.57979233346912, 37.549318403703545 ], [ 14.579683937563413, 37.549233074504478 ], [ 14.579189010413202, 37.548653365656179 ], [ 14.579212330471137, 37.54808421586057 ], [ 14.579215528796528, 37.548006181190615 ], [ 14.579749856225412, 37.547591478837639 ], [ 14.577071450828043, 37.544725095505491 ], [ 14.573047961438988, 37.545777329186187 ], [ 14.56584699594347, 37.54446970275734 ], [ 14.561322281003207, 37.543415423903745 ], [ 14.561949050330147, 37.540741299479969 ], [ 14.556005662450664, 37.540826172273896 ], [ 14.546694512270179, 37.541063697063144 ], [ 14.546699091903411, 37.541143533297991 ], [ 14.546688755681236, 37.541172344633985 ], [ 14.546538102765524, 37.541592251306476 ], [ 14.546260323614709, 37.541907637598925 ], [ 14.546187729574163, 37.541987840171288 ], [ 14.545909413566255, 37.542293194095436 ], [ 14.545357937894767, 37.54252553817377 ], [ 14.545207384330938, 37.542588966669626 ], [ 14.544209471625241, 37.542872287091448 ], [ 14.543395079353116, 37.542744095459227 ], [ 14.54297712593395, 37.54260622936085 ], [ 14.542459022079607, 37.542252529520077 ], [ 14.541963517546918, 37.541764957836669 ], [ 14.541526567203951, 37.541123827309278 ], [ 14.541089320240294, 37.540345423626761 ], [ 14.537853438981736, 37.534465330632372 ], [ 14.535781274359985, 37.529142402349549 ], [ 14.532059212766047, 37.524026820823686 ], [ 14.530579220986576, 37.522453348505472 ], [ 14.530130933254171, 37.521998179547616 ], [ 14.526593164763268, 37.518405838697291 ], [ 14.526534971859508, 37.518357941172518 ], [ 14.523263125133271, 37.51660516702578 ], [ 14.522533586352255, 37.516733634764392 ], [ 14.51595874519789, 37.515826742905681 ], [ 14.510870627814326, 37.514352207589248 ], [ 14.506458202944382, 37.51245874697603 ], [ 14.494650093808245, 37.511106240355403 ], [ 14.493269158318046, 37.511557790446858 ], [ 14.492021678004017, 37.511672252318057 ], [ 14.490653284975897, 37.511612275963948 ], [ 14.489288240972597, 37.511414838129078 ], [ 14.487760486205916, 37.510242560486333 ], [ 14.487717590260758, 37.509533317793952 ], [ 14.487836496172562, 37.508555474035326 ], [ 14.488152813821628, 37.508255995840933 ], [ 14.495893677995987, 37.504667449966036 ], [ 14.496778365204332, 37.504317803190965 ], [ 14.498536526493206, 37.503677556100001 ], [ 14.499941434248312, 37.503285599292887 ], [ 14.509777908550154, 37.500768629248313 ], [ 14.510877576657458, 37.50089856758558 ], [ 14.511033251780239, 37.500916961356737 ], [ 14.512377959561354, 37.501031817768357 ], [ 14.513318883360709, 37.500890990117071 ], [ 14.51483151493029, 37.500563583365206 ], [ 14.519148977497274, 37.499431193929539 ], [ 14.52779152388333, 37.496892795998257 ], [ 14.527603403578789, 37.496498044788595 ], [ 14.527546484030809, 37.496378605375064 ], [ 14.527322562362183, 37.495908730363979 ], [ 14.526309524891134, 37.494977237968108 ], [ 14.525250515287089, 37.494340460049294 ], [ 14.522680708799193, 37.492751085451125 ], [ 14.521592632154976, 37.490691580674017 ], [ 14.516508416133219, 37.481042710076522 ], [ 14.516420431915094, 37.479849641273439 ], [ 14.516914048874765, 37.47797175035128 ], [ 14.517847037213235, 37.475842557860325 ], [ 14.524525087770483, 37.464242400866119 ], [ 14.526169848441691, 37.461527444688372 ], [ 14.528379361737837, 37.459729925318911 ], [ 14.531010919667397, 37.457651901871095 ], [ 14.533806259819141, 37.455572201358862 ], [ 14.538317268614023, 37.453696331277442 ], [ 14.543860979342607, 37.449346089763964 ], [ 14.548193184195998, 37.447235835480541 ], [ 14.553937615511995, 37.444977849533096 ], [ 14.554764646892062, 37.444891604982381 ], [ 14.555224765259732, 37.445405552481283 ], [ 14.561614823419452, 37.446801063408351 ], [ 14.570162454683706, 37.44687663137659 ], [ 14.578695604502949, 37.449304690774881 ], [ 14.581841787361409, 37.45062255548951 ], [ 14.588038114629393, 37.450106237323453 ], [ 14.589011704988145, 37.449621893070898 ], [ 14.590348415841401, 37.448748549244947 ], [ 14.591344289457732, 37.448026382407122 ], [ 14.592443116536009, 37.447045439401649 ], [ 14.597119207244621, 37.443618492377425 ], [ 14.59979134566022, 37.442126111381455 ], [ 14.608476314000768, 37.440357412730151 ], [ 14.61016500261937, 37.437164443169358 ], [ 14.612904898757982, 37.433991110454535 ], [ 14.617376622004031, 37.435069854926063 ], [ 14.624315912184359, 37.435218165605718 ], [ 14.63213951383975, 37.430356787294521 ], [ 14.632935041659842, 37.429618828972131 ], [ 14.633230580143342, 37.428795803698122 ], [ 14.632745884014254, 37.424569307369559 ], [ 14.623720224874951, 37.416330954906741 ], [ 14.623160310470681, 37.415443063679582 ], [ 14.623059950202132, 37.415283915107949 ], [ 14.623013104077309, 37.415250439677315 ], [ 14.622147666632863, 37.414632008008333 ], [ 14.6214955301917, 37.41431008350672 ], [ 14.621212259216138, 37.414170246106792 ], [ 14.619283802385478, 37.413361986551706 ], [ 14.616047430625201, 37.412080387117591 ], [ 14.6147555143971, 37.411803663580955 ], [ 14.611056416136279, 37.411255197065501 ], [ 14.605543212502582, 37.411054604687976 ], [ 14.600281035932408, 37.412450353335018 ], [ 14.59326595410035, 37.410327480720532 ], [ 14.587365549392807, 37.408323583966755 ], [ 14.582803508826659, 37.403691940436865 ], [ 14.580699555367351, 37.400089293368644 ], [ 14.578304461179657, 37.389939810652749 ], [ 14.578374130125523, 37.389605658605369 ], [ 14.581296111912136, 37.388265514891799 ], [ 14.582415410916113, 37.388097722209523 ], [ 14.586025529155192, 37.387650667279857 ], [ 14.591079436630514, 37.38272066187735 ], [ 14.58972641343912, 37.377360165669529 ], [ 14.581834396323838, 37.364579185053771 ], [ 14.581407307319365, 37.364153791107803 ], [ 14.576134758135352, 37.361907326497686 ], [ 14.569898689225271, 37.360399297298009 ], [ 14.569164771359752, 37.360359699469356 ], [ 14.566961992657706, 37.360531240040721 ], [ 14.565300958157396, 37.361048990879659 ], [ 14.55541926267454, 37.362752394498855 ], [ 14.542448741718967, 37.363909720820111 ], [ 14.540087588722855, 37.363991427069486 ], [ 14.539072467844479, 37.363771277708139 ], [ 14.532225735114263, 37.360741479388231 ], [ 14.520914858010849, 37.354728856538664 ], [ 14.51425040435662, 37.351313150895358 ], [ 14.50284233051806, 37.348821032359119 ], [ 14.499032137338078, 37.34875067946777 ], [ 14.49280121124969, 37.349267096453232 ], [ 14.491196578573033, 37.347900267308518 ], [ 14.49577228385583, 37.342339426234851 ], [ 14.499094005082943, 37.340271483547696 ], [ 14.505882023063419, 37.338136213901159 ], [ 14.512337492620579, 37.334872774830203 ], [ 14.516512668176464, 37.329232573545241 ], [ 14.519380131928983, 37.325088055476783 ], [ 14.517743067363051, 37.321370674809948 ], [ 14.513538519198661, 37.318898029474198 ], [ 14.51118549284074, 37.317400399685795 ], [ 14.509559122318278, 37.312497829802311 ], [ 14.506901430984977, 37.310026840244603 ], [ 14.501950710632617, 37.309102160665553 ], [ 14.497459989505126, 37.309238301810637 ], [ 14.4865768732306, 37.313635360758298 ], [ 14.48135941746909, 37.31721905954452 ], [ 14.473860239647177, 37.322638167175427 ], [ 14.466199419981853, 37.328708055338574 ], [ 14.459494237180149, 37.333603058715028 ], [ 14.450049247225591, 37.342462938617054 ], [ 14.447976589273615, 37.3462900184647 ], [ 14.446300480237147, 37.348555168504909 ], [ 14.443019135428136, 37.34693691232377 ], [ 14.440742215359938, 37.345537399589752 ], [ 14.438406776181381, 37.342801838011987 ], [ 14.438202411442788, 37.342407270495855 ], [ 14.437816999702866, 37.341663138194626 ], [ 14.437531039019513, 37.340652220843047 ], [ 14.437313030158561, 37.339498609509342 ], [ 14.429129753219739, 37.339852193568831 ], [ 14.428479493830142, 37.340294878584174 ], [ 14.427463108035447, 37.340370913213334 ], [ 14.426289974176074, 37.340121042716135 ], [ 14.42438616423466, 37.339706682312674 ], [ 14.423010238464565, 37.339247767986741 ], [ 14.422938726216634, 37.339223246665945 ], [ 14.422508469327981, 37.339075706727179 ], [ 14.422217086619108, 37.338764668974171 ], [ 14.422091423002563, 37.338630524732757 ], [ 14.422081945729493, 37.338489168749376 ], [ 14.422066907209441, 37.338250773356364 ], [ 14.422047402738247, 37.337941567683771 ], [ 14.422043928770231, 37.337828827954723 ], [ 14.422384741577305, 37.337009982896149 ], [ 14.425027970679849, 37.333158703806824 ], [ 14.429538292033678, 37.328936337166525 ], [ 14.431148434723738, 37.32756090204397 ], [ 14.434420532980992, 37.324846566100334 ], [ 14.435083963679968, 37.324433945637821 ], [ 14.435194090112912, 37.324365452626886 ], [ 14.435225651877033, 37.324345822885434 ], [ 14.435710765669318, 37.324150522112696 ], [ 14.436311554071077, 37.323908653524612 ], [ 14.43929839574224, 37.323003458084855 ], [ 14.442381203166214, 37.322003729274989 ], [ 14.445769352703069, 37.320705598531823 ], [ 14.448811159610377, 37.318426906919306 ], [ 14.450572714433365, 37.316402251805364 ], [ 14.45536483136568, 37.309907310648931 ], [ 14.45538471445284, 37.309854360632151 ], [ 14.455640961089124, 37.309171909652619 ], [ 14.455760084558685, 37.308288614685601 ], [ 14.455289484292322, 37.304535856970382 ], [ 14.454879162582058, 37.303607252477484 ], [ 14.454221885817871, 37.303150571296015 ], [ 14.453518950420147, 37.302760818792336 ], [ 14.452912147305417, 37.302435496460909 ], [ 14.450953267595736, 37.301929553077514 ], [ 14.450090867553708, 37.301795942233611 ], [ 14.44945372145936, 37.301697226419748 ], [ 14.449298193861509, 37.301712333858731 ], [ 14.448783031755493, 37.301762374160731 ], [ 14.447951983170423, 37.301843096225475 ], [ 14.447162349489998, 37.302163068041388 ], [ 14.446391037826251, 37.302475608640542 ], [ 14.444946096460702, 37.302829946772583 ], [ 14.442175351874228, 37.303421878041874 ], [ 14.440959563214333, 37.302856744535063 ], [ 14.437467744519147, 37.300884832879994 ], [ 14.437376288384408, 37.300830071239737 ], [ 14.437339987300389, 37.300808310611693 ], [ 14.436859638218451, 37.300520362202604 ], [ 14.436534670675961, 37.300175215877964 ], [ 14.43377242906738, 37.296782242581934 ], [ 14.429659962057341, 37.293003434272507 ], [ 14.42105310193158, 37.292804975202081 ], [ 14.412241936830384, 37.294162564013355 ], [ 14.405064504431373, 37.297362903945007 ], [ 14.400372538166902, 37.298894054067375 ], [ 14.397503940590729, 37.29904554993702 ], [ 14.393890870739224, 37.299217530017799 ], [ 14.393124451898306, 37.299187288095034 ], [ 14.392549999662393, 37.29910324212063 ], [ 14.39212298572159, 37.298776125777934 ], [ 14.39139473002615, 37.298176917071181 ], [ 14.390890485387942, 37.297695785675891 ], [ 14.390781493898908, 37.297588782963992 ], [ 14.387840295988466, 37.29675555704916 ], [ 14.384780923874265, 37.296251950637156 ], [ 14.383432849981023, 37.296377357386426 ], [ 14.383297970469888, 37.296411495637614 ], [ 14.382380552927257, 37.296643693491596 ], [ 14.375497197902801, 37.299843772206472 ], [ 14.358970098024392, 37.305283749228678 ], [ 14.356862922768901, 37.305811768894735 ], [ 14.353889417801664, 37.306126124251684 ], [ 14.352658970213863, 37.306132565927314 ], [ 14.351913525869159, 37.306305792591395 ], [ 14.348385981799638, 37.30711398002412 ], [ 14.345028871296329, 37.307044398166184 ], [ 14.343894729830955, 37.305809389665924 ], [ 14.341992346468512, 37.30400705186338 ], [ 14.341397689252732, 37.30358829793753 ], [ 14.340284151689758, 37.303213288848042 ], [ 14.340000150917051, 37.303151155779332 ], [ 14.339687395423537, 37.303082731360966 ], [ 14.330969282657451, 37.302583310075526 ], [ 14.324720520425554, 37.302286963275797 ], [ 14.322792372852236, 37.302274914345865 ], [ 14.317325816964052, 37.302730704311756 ], [ 14.316377778070665, 37.302852192561566 ], [ 14.315833868233252, 37.303000496635804 ], [ 14.315510989383032, 37.303755582500372 ], [ 14.315061793494616, 37.308648993111177 ], [ 14.315086876391319, 37.310210606450688 ], [ 14.315090010273888, 37.310405670422362 ], [ 14.315149057164, 37.312678660723478 ], [ 14.315778591737482, 37.315358131857892 ], [ 14.316268934080039, 37.319806315658923 ], [ 14.316283927318178, 37.325673705627594 ], [ 14.312687453079914, 37.327187088529797 ], [ 14.303787906610621, 37.327852328819048 ], [ 14.299728958888515, 37.327694788090675 ], [ 14.287762424842661, 37.329291903716744 ], [ 14.286077644548408, 37.33058739851311 ], [ 14.28567022574307, 37.33075646914515 ], [ 14.283710252815586, 37.331546552208721 ], [ 14.283412626119302, 37.331630228125121 ], [ 14.283234122855925, 37.331680411516075 ], [ 14.278444455122813, 37.332065867653078 ], [ 14.275139475779586, 37.33039945621551 ], [ 14.267152681575716, 37.333635237755765 ], [ 14.267386799325241, 37.336233613422195 ], [ 14.267308609568747, 37.336897373799147 ], [ 14.265127271753016, 37.34222293113514 ], [ 14.264116181668427, 37.342972597094722 ], [ 14.256132088937267, 37.344841840948789 ], [ 14.24138501288426, 37.347041856758537 ], [ 14.234365572335463, 37.347562561680711 ], [ 14.233707057950264, 37.347568704143178 ], [ 14.233048475308427, 37.347574842330651 ], [ 14.232695399526149, 37.347578130816373 ], [ 14.231851972902364, 37.347581921130029 ], [ 14.231211417127447, 37.347584795034898 ], [ 14.231057774794127, 37.34758548352665 ], [ 14.229930812613572, 37.347344505666868 ], [ 14.229321467905681, 37.346882900388586 ], [ 14.228967975070468, 37.346615106706004 ], [ 14.22621547125096, 37.344110194014782 ], [ 14.225714049246994, 37.343457115300261 ], [ 14.22538292367445, 37.342789742116956 ], [ 14.219101984173596, 37.337780205477252 ], [ 14.218214989139362, 37.337216192386052 ], [ 14.215867529177601, 37.336192238262321 ], [ 14.21549828699631, 37.336062354102609 ], [ 14.214889169862527, 37.335848088972433 ], [ 14.214834090069344, 37.335828713951884 ], [ 14.207465358096504, 37.333873448366404 ], [ 14.205795515787329, 37.334274278276908 ], [ 14.204765182134569, 37.334521587399379 ], [ 14.192965724406685, 37.33191103966886 ], [ 14.186026514280078, 37.33075632326463 ], [ 14.177341662847583, 37.327664977909556 ], [ 14.171438710382125, 37.325390158320261 ], [ 14.168693444838896, 37.324449617339987 ], [ 14.16715588109596, 37.323960574564737 ], [ 14.166474877123143, 37.323956422252856 ], [ 14.166195787753621, 37.323969715265427 ], [ 14.155651721341782, 37.326530435589092 ], [ 14.150249211518217, 37.328942921177308 ], [ 14.150182514862879, 37.328992955979231 ], [ 14.14995293070198, 37.329165189563888 ], [ 14.147981028800579, 37.330661099145651 ], [ 14.1393325209098, 37.334992512353431 ], [ 14.136768932993935, 37.33455811711989 ], [ 14.134253876342123, 37.335163210103673 ], [ 14.130633600188707, 37.339553553811108 ], [ 14.131159818470406, 37.341874042764964 ], [ 14.128517396456663, 37.343597205080592 ], [ 14.123343286166765, 37.338463439938948 ], [ 14.115027636609566, 37.334066753469919 ], [ 14.11065399108743, 37.333883515591971 ], [ 14.100867847055644, 37.336565797161221 ], [ 14.097219591854774, 37.337517113658116 ], [ 14.090813347380726, 37.336578086246867 ], [ 14.085919932906307, 37.337685045785705 ], [ 14.085660000231712, 37.337806806152344 ], [ 14.084686770259641, 37.338262692500336 ], [ 14.084385151653487, 37.338419751286636 ], [ 14.083472131530247, 37.33932351530337 ], [ 14.083339349685636, 37.340055834970023 ], [ 14.083377456819436, 37.340078997089691 ], [ 14.083711365357422, 37.340192744702968 ], [ 14.083783477230423, 37.34021730956318 ], [ 14.083849316557238, 37.340239555836028 ], [ 14.08400832827674, 37.340293280691867 ], [ 14.084557166532328, 37.340478712835868 ], [ 14.085065676777459, 37.340650977844383 ], [ 14.085826970716216, 37.340909883827209 ], [ 14.086298246093754, 37.341070155018514 ], [ 14.086744084847599, 37.341319375816823 ], [ 14.086860613153037, 37.341384514294816 ], [ 14.086982439617294, 37.341452615426391 ], [ 14.087323320879131, 37.341774057201981 ], [ 14.087906991860274, 37.342324439313984 ], [ 14.089249203478118, 37.343743273359003 ], [ 14.089528564090553, 37.344744428932977 ], [ 14.08989968406531, 37.346074375711432 ], [ 14.090166813791834, 37.349468760584116 ], [ 14.089776986805823, 37.34998982950335 ], [ 14.088871801905876, 37.349999610559905 ], [ 14.088256869717304, 37.349485865890074 ], [ 14.087961680189361, 37.34923912909354 ], [ 14.082997764639593, 37.351254583879729 ], [ 14.081759639789475, 37.354974966132282 ], [ 14.085358123784488, 37.362693227626167 ], [ 14.084975859371783, 37.364265849971765 ], [ 14.081241158427849, 37.369456176287386 ], [ 14.071963031281372, 37.374522020459146 ], [ 14.077355902813739, 37.380025856112859 ], [ 14.073765468110732, 37.38711575669646 ], [ 14.067650137176626, 37.392707163092922 ], [ 14.063605116592333, 37.396413102860826 ], [ 14.056977891887891, 37.403227986125557 ], [ 14.055872243186011, 37.405769645155551 ], [ 14.055926872936082, 37.406266304386605 ], [ 14.055994240622777, 37.406878726876542 ], [ 14.056515989983327, 37.407583770054742 ], [ 14.059530419597625, 37.409592730859274 ], [ 14.059960476023466, 37.409650826912383 ], [ 14.060858782230312, 37.409162052416839 ], [ 14.061432079859269, 37.408509377145741 ], [ 14.06141895746706, 37.407760305446033 ], [ 14.061398546184581, 37.407618902279737 ], [ 14.061262652131338, 37.406677470499531 ], [ 14.061273981835013, 37.406623212606462 ], [ 14.061340446307183, 37.406304914941167 ], [ 14.061403499351256, 37.406002953868899 ], [ 14.061442887923766, 37.405814321437227 ], [ 14.062121574965142, 37.404810442995753 ], [ 14.063036095460944, 37.404252543973172 ], [ 14.06315758502539, 37.404178429605793 ], [ 14.063287326884469, 37.404120748892907 ], [ 14.063388054196244, 37.404075967516455 ], [ 14.063953468422977, 37.403824594564782 ], [ 14.066411249272486, 37.403374600931969 ], [ 14.067909016526068, 37.403907505602611 ], [ 14.067963151446058, 37.403926987239601 ], [ 14.070538057831396, 37.40493960386906 ], [ 14.071112783557826, 37.405335383011469 ], [ 14.071337612274988, 37.405490208296271 ], [ 14.071782026476773, 37.405798128105872 ], [ 14.071950751059669, 37.406249842636534 ], [ 14.072054994142457, 37.406528923140549 ], [ 14.072011547568971, 37.406693860093441 ], [ 14.071854340875056, 37.40729065005376 ], [ 14.071818078979588, 37.40742830670203 ], [ 14.069723181000583, 37.410388896341395 ], [ 14.070751908158606, 37.421332464803513 ], [ 14.078612320396195, 37.428339053316783 ], [ 14.082484280466858, 37.431533093873718 ], [ 14.093808672061915, 37.440124530815019 ], [ 14.120436571157839, 37.460617849273028 ], [ 14.126527596014805, 37.466015453208293 ], [ 14.131912827992547, 37.471421225872525 ], [ 14.141804571780122, 37.477055329836084 ], [ 14.149061595558848, 37.478411625118362 ], [ 14.149195663207651, 37.478115993882078 ], [ 14.149880681620528, 37.477644849625378 ], [ 14.150490558739378, 37.477663314277152 ], [ 14.150671772125342, 37.477668800772854 ], [ 14.150743145710814, 37.477687589127228 ], [ 14.151087216772119, 37.47777816739854 ], [ 14.151813354157277, 37.477969322819511 ], [ 14.151867043613567, 37.477983456788913 ], [ 14.155473897097059, 37.479027763287455 ], [ 14.156623536114994, 37.479387148413288 ], [ 14.157146421609305, 37.47957412717313 ], [ 14.157885473737906, 37.479838400407232 ], [ 14.158908449876956, 37.480367629371372 ], [ 14.159364903006963, 37.481047692935348 ], [ 14.159357754060544, 37.481076466367178 ], [ 14.159150706125617, 37.481909649400016 ], [ 14.158175242661034, 37.482666993210046 ], [ 14.158124467466076, 37.482706414039022 ], [ 14.156092165947996, 37.483394149380665 ], [ 14.155493395420313, 37.483523877860293 ], [ 14.155155607352974, 37.483597060837212 ], [ 14.154243424032266, 37.483794682026399 ], [ 14.142580630898971, 37.497910264360861 ], [ 14.142209530751888, 37.498361277618024 ], [ 14.14157428013452, 37.49972020525351 ], [ 14.140184610984393, 37.503339379874383 ], [ 14.142552021168829, 37.505711051905244 ], [ 14.142817447855563, 37.505759879868265 ], [ 14.143101055641083, 37.505885663217086 ], [ 14.143523308011984, 37.506072936911345 ], [ 14.143561396847282, 37.506089830727866 ], [ 14.143607766904863, 37.506240175707511 ], [ 14.143658673361648, 37.50640523089487 ], [ 14.143516732724564, 37.506980926836114 ], [ 14.143465969330208, 37.507068698702106 ], [ 14.143281249201102, 37.507388081235902 ], [ 14.142997152136013, 37.507879278061758 ], [ 14.137433779312596, 37.515258178862794 ], [ 14.132583245981534, 37.516113094177342 ], [ 14.126653127709288, 37.520786272241473 ], [ 14.128160005374168, 37.530683223327692 ], [ 14.132855770278841, 37.537621242448722 ], [ 14.138558796006786, 37.547879723012137 ], [ 14.139879310089107, 37.55278857713877 ], [ 14.140446299882793, 37.557325404352902 ], [ 14.137976322136764, 37.56164894830728 ], [ 14.13550846374169, 37.568272161860044 ], [ 14.137733670467878, 37.578919993827263 ], [ 14.137951439063777, 37.579450494301149 ], [ 14.138328727913111, 37.580367685883864 ], [ 14.138514948764092, 37.580817307478029 ], [ 14.139206349111614, 37.581622031055069 ], [ 14.139303728856721, 37.581666929512714 ], [ 14.13969622353741, 37.581841944496226 ], [ 14.139895839120356, 37.581930952186248 ], [ 14.141603584280881, 37.582246559498884 ], [ 14.150622963844903, 37.58301276682834 ], [ 14.155325484662777, 37.583571428151544 ], [ 14.155684471974034, 37.583625833665955 ], [ 14.156195968440647, 37.583704373158426 ], [ 14.156277585265151, 37.583739294677493 ], [ 14.156643992892503, 37.583896121339521 ], [ 14.157002407918341, 37.58405094505423 ], [ 14.157122830854519, 37.58410296394068 ], [ 14.157536880162716, 37.58428944022662 ], [ 14.157587111950262, 37.584325408077305 ], [ 14.15801974424201, 37.584635190670149 ], [ 14.159333673130233, 37.585718885069461 ], [ 14.159962107181546, 37.587237784547206 ], [ 14.160146032318796, 37.587923042333294 ], [ 14.160269208891917, 37.588407194474826 ], [ 14.160314019740238, 37.588583324866335 ], [ 14.160324077234465, 37.588622856068952 ], [ 14.160340288930508, 37.588686592549358 ], [ 14.160385028320089, 37.588862485623935 ], [ 14.160600302956764, 37.589836747214065 ], [ 14.160725272092069, 37.590855481537197 ], [ 14.160531483420716, 37.597528403828576 ], [ 14.16039700303935, 37.601904372125738 ], [ 14.160263524264773, 37.602713836552141 ], [ 14.159860264067724, 37.604316224050102 ], [ 14.159698225911045, 37.604629301907856 ], [ 14.159598930533933, 37.604821150785014 ], [ 14.159432298489508, 37.605143097108382 ], [ 14.164027339322194, 37.612116857734257 ], [ 14.151949659435809, 37.612905736253033 ], [ 14.150869917101469, 37.612795722748487 ], [ 14.150284435119788, 37.612785714401042 ], [ 14.149205514517011, 37.612767264228864 ], [ 14.148222802994335, 37.61290768019181 ], [ 14.147888568570256, 37.612955435793182 ], [ 14.14745581493932, 37.613053824179474 ], [ 14.14619681613396, 37.613340053473792 ], [ 14.136965763851972, 37.615889392193303 ], [ 14.135042884241434, 37.616704759949592 ], [ 14.144000331169574, 37.619063720429786 ], [ 14.145229422435218, 37.619588521971068 ], [ 14.145283202097925, 37.619619171017661 ], [ 14.146366575626759, 37.620236601858565 ], [ 14.146694318341341, 37.620457876008842 ], [ 14.147089600127195, 37.620724745780528 ], [ 14.147850845841793, 37.621238682048514 ], [ 14.151163574654062, 37.624617220655978 ], [ 14.163142935550587, 37.637922633260814 ], [ 14.163281124552688, 37.640709235486959 ], [ 14.163600258740559, 37.648641301700557 ], [ 14.163617732753407, 37.653113299802804 ], [ 14.163083174057919, 37.65767678264676 ], [ 14.161072574247378, 37.660295042461662 ], [ 14.160941638808035, 37.6602944002206 ], [ 14.159813864148891, 37.66071079795185 ], [ 14.158966006804544, 37.661488565797676 ], [ 14.157938840844308, 37.665217610894786 ], [ 14.157832295319976, 37.66570860382577 ], [ 14.157969723932455, 37.666412468962726 ], [ 14.158484275566344, 37.667002178222198 ], [ 14.158641653853961, 37.667138533183227 ], [ 14.158746397365627, 37.667229282578795 ], [ 14.158933357944369, 37.667383154794727 ], [ 14.161110493920734, 37.669039628383999 ], [ 14.169697384396455, 37.673417558815821 ], [ 14.177107635407452, 37.6747670446413 ], [ 14.187102685490718, 37.671709979673992 ], [ 14.199675919573329, 37.677853712225129 ], [ 14.202388273517766, 37.678779275808985 ], [ 14.203495921135408, 37.678914859100217 ], [ 14.209781560225634, 37.678614919517685 ], [ 14.210133687008327, 37.678577606344938 ], [ 14.211870236179283, 37.678384229759352 ], [ 14.228981348150386, 37.68735781514075 ], [ 14.237056863208865, 37.690653987539733 ], [ 14.240651884606683, 37.695420379782135 ], [ 14.249338473194365, 37.694194077004092 ], [ 14.254712725104872, 37.695563446158928 ], [ 14.261587207567016, 37.698922791720584 ], [ 14.267060419367581, 37.704084449046718 ], [ 14.269260080712353, 37.707433417849899 ], [ 14.268874307976933, 37.711923195659672 ], [ 14.272380496970554, 37.717743531778964 ], [ 14.277467476411291, 37.723491026585968 ], [ 14.286860318171282, 37.73367322686186 ], [ 14.29394197126199, 37.742913727415768 ], [ 14.294364577035713, 37.743720753112143 ], [ 14.294487819221558, 37.744089934827628 ], [ 14.294596282613661, 37.744414843269531 ], [ 14.294951697662958, 37.746295439346596 ], [ 14.294822269495269, 37.747240722007653 ], [ 14.294806443089055, 37.747356304043201 ], [ 14.291831606233707, 37.749869473979444 ], [ 14.290600294171778, 37.750650350588124 ], [ 14.289936033068731, 37.760502482203485 ], [ 14.289864683379248, 37.764386245461864 ], [ 14.282278910105598, 37.768954071658492 ], [ 14.274848467842739, 37.772057064107607 ], [ 14.273924866546885, 37.772546451602473 ], [ 14.269662269161888, 37.775281182448047 ], [ 14.26901050160458, 37.776868076229981 ], [ 14.269773233885996, 37.780142719351872 ], [ 14.269981448562998, 37.782596898022049 ], [ 14.270234039445569, 37.789859473740606 ], [ 14.269575648931344, 37.790919919175806 ], [ 14.268063111823295, 37.791480192483526 ], [ 14.266143482776835, 37.791736103583268 ], [ 14.264092567118691, 37.791872510793404 ], [ 14.261811192919042, 37.792003376114756 ], [ 14.261764028953193, 37.794178221433121 ], [ 14.262702599523674, 37.796904797567599 ], [ 14.262936714703319, 37.797190668277764 ], [ 14.263143313656158, 37.797442936700705 ], [ 14.265512464015918, 37.799925676740862 ], [ 14.266032536506268, 37.800118437229216 ], [ 14.266827377244955, 37.800096320719462 ], [ 14.269318488084872, 37.804481912630898 ], [ 14.268842437924574, 37.811085867492388 ], [ 14.267235055745365, 37.81529868134006 ], [ 14.266689010520166, 37.816475632478252 ], [ 14.265759139736906, 37.817462712960506 ], [ 14.26445434693094, 37.81848459043448 ], [ 14.263583923931986, 37.819081818434924 ], [ 14.262897474878761, 37.823655731307568 ], [ 14.263730867593237, 37.828167402103794 ], [ 14.2670874391256, 37.832733742235632 ], [ 14.275684973713805, 37.837590540497423 ], [ 14.27994645202536, 37.840091373382769 ], [ 14.284719040888756, 37.839591964722999 ], [ 14.297178106158009, 37.836672269527391 ], [ 14.303191501469215, 37.837144904525218 ], [ 14.308865833449383, 37.838626366040685 ], [ 14.31611786443522, 37.840269864257465 ], [ 14.317493901412073, 37.840302097370959 ], [ 14.321531601468971, 37.839862588867739 ], [ 14.322442225641579, 37.83970876611275 ], [ 14.323091286309721, 37.839499287806419 ], [ 14.323847017791534, 37.839251272609559 ], [ 14.323934859427228, 37.839222444126214 ], [ 14.324779926193372, 37.8388780213389 ], [ 14.32528277704526, 37.83858960435176 ], [ 14.326237163915851, 37.83800152882263 ], [ 14.326275987509151, 37.837977357352123 ], [ 14.326723311526107, 37.837637445598332 ], [ 14.34157112958226, 37.843677351385487 ], [ 14.350102260018996, 37.8477027110468 ], [ 14.358318984881922, 37.849178202630178 ], [ 14.364178426267623, 37.849910009235735 ], [ 14.382010164441562, 37.851513371928981 ], [ 14.392129464183487, 37.85099543125277 ], [ 14.39979472028816, 37.854849689586615 ], [ 14.401305774274892, 37.859137697337971 ], [ 14.405843656213726, 37.865946758514184 ], [ 14.406272140441262, 37.86636309386153 ], [ 14.410167358902129, 37.865490388583517 ], [ 14.418643818330626, 37.861684638636632 ], [ 14.420965921670472, 37.859896476580175 ], [ 14.42918407896507, 37.852674375959623 ], [ 14.441706882218531, 37.850194959366647 ], [ 14.447325059175448, 37.848775540687768 ], [ 14.459454501038072, 37.844344851748573 ], [ 14.459705342198548, 37.844213496093722 ], [ 14.459944950045555, 37.844082804570029 ], [ 14.461409204266388, 37.843284122226372 ], [ 14.463835459158938, 37.841006024681128 ], [ 14.464759442076021, 37.840071046815702 ], [ 14.462284897960133, 37.834439088115026 ], [ 14.461441262317045, 37.833144135767341 ], [ 14.460367241280556, 37.831822334202222 ], [ 14.459021550072359, 37.830672171113278 ], [ 14.456979007084575, 37.827482872226135 ], [ 14.454813142666916, 37.821903337231589 ], [ 14.454033667098868, 37.818585252749749 ], [ 14.453963989496783, 37.81809479192723 ], [ 14.453924392429478, 37.81781582757781 ], [ 14.453919593891714, 37.81737811017495 ], [ 14.453918082328599, 37.817240182066804 ], [ 14.45393910671504, 37.817163880982015 ], [ 14.453999754843087, 37.81694379535702 ], [ 14.45771817300597, 37.814997467559273 ], [ 14.458172247264249, 37.814793180203409 ], [ 14.458242627970229, 37.814761516314178 ], [ 14.458393685579217, 37.814704733101856 ], [ 14.45885751680053, 37.814530375728111 ], [ 14.473539204694807, 37.810849023981909 ], [ 14.474710093866372, 37.810780947343048 ], [ 14.47678354413619, 37.81099208202162 ], [ 14.4768325279073, 37.810997070227344 ], [ 14.478794105042972, 37.811540276014469 ], [ 14.479701679872036, 37.811795020398989 ], [ 14.48222775005685, 37.812834005251169 ], [ 14.482448308410875, 37.81303312478407 ], [ 14.482848804209851, 37.813394689614171 ], [ 14.486479089670247, 37.817358355582741 ], [ 14.490932742009344, 37.822460934787586 ], [ 14.491394601474752, 37.823015516810109 ], [ 14.492821365363953, 37.824870194432734 ], [ 14.493481355778494, 37.826753107964436 ], [ 14.496501536601217, 37.834117059832863 ], [ 14.4985536368187, 37.838409454526513 ], [ 14.501851595884666, 37.844842110305329 ], [ 14.507108674796328, 37.852011176618852 ], [ 14.516924729335138, 37.858454707655838 ], [ 14.527029306096699, 37.861828645422548 ], [ 14.533801845952469, 37.860510236605592 ], [ 14.540524498717247, 37.864970264604018 ], [ 14.541773452470022, 37.8674577800968 ], [ 14.542291713949099, 37.86824355631142 ], [ 14.545143832380075, 37.872155506725761 ], [ 14.545259409513779, 37.872292400902694 ], [ 14.545662792902533, 37.872770172048334 ], [ 14.54615006112363, 37.873152270150584 ], [ 14.549207107455945, 37.875253909359159 ], [ 14.55014671414907, 37.875807656808938 ], [ 14.55091490389168, 37.876163226119587 ], [ 14.551059493874005, 37.876230133455863 ], [ 14.554614786662611, 37.877752877958997 ], [ 14.5560115939779, 37.878145881891506 ], [ 14.556594008752208, 37.878200866528587 ], [ 14.556932458299823, 37.878232817458034 ], [ 14.568578834905569, 37.878801584294187 ], [ 14.572209837996578, 37.874756818809423 ] ] ] ] } },
{ "type": "Feature", "properties": { "provincia": "Catania", "sigla": "CT" }, "geometry": { "type": "MultiPolygon", "coordinates": [ [ [ [ 15.16581127861142, 37.559358279553372 ], [ 15.165784079164814, 37.559312040670221 ], [ 15.16549353334892, 37.559277833762572 ], [ 15.165360405693894, 37.559315422299306 ], [ 15.165200653544794, 37.559470476094177 ], [ 15.165105114931388, 37.559613000529865 ], [ 15.165077579275179, 37.5598734344916 ], [ 15.165067258915432, 37.560030294845369 ], [ 15.165120303936275, 37.560147697878975 ], [ 15.165245099021703, 37.5601964655323 ], [ 15.165311588504609, 37.560208566476994 ], [ 15.165966239971491, 37.559558541473017 ], [ 15.165969032484059, 37.559467074939491 ], [ 15.165920074950787, 37.559382758622924 ], [ 15.16581127861142, 37.559358279553372 ] ] ], [ [ [ 15.166497965378097, 37.560364062323949 ], [ 15.166175149622299, 37.560352963358326 ], [ 15.165832453387283, 37.560549527875089 ], [ 15.165686293049299, 37.560771506934131 ], [ 15.165717583915205, 37.560878660425665 ], [ 15.166046268787765, 37.560774575721091 ], [ 15.166172264729317, 37.560714318026498 ], [ 15.166429734173091, 37.560560931773772 ], [ 15.166561207961882, 37.560451369804419 ], [ 15.166579709632542, 37.560366265318272 ], [ 15.166497965378097, 37.560364062323949 ] ] ], [ [ [ 15.166835111619012, 37.562007143658974 ], [ 15.167026844004203, 37.561946884132574 ], [ 15.167344572779983, 37.561820888684352 ], [ 15.167678735287883, 37.561525072480094 ], [ 15.167684213152334, 37.561481247858396 ], [ 15.167267879601823, 37.560539018739824 ], [ 15.166210611285374, 37.560823878877883 ], [ 15.165980531730563, 37.560917006329326 ], [ 15.165788798433786, 37.561021089499988 ], [ 15.165665007859243, 37.56111162293795 ], [ 15.165599733633705, 37.561466909047027 ], [ 15.165845134763186, 37.562263684477877 ], [ 15.166062456311762, 37.562359449100668 ], [ 15.166404981045172, 37.562341489973107 ], [ 15.166616337141864, 37.562189269947531 ], [ 15.166835111619012, 37.562007143658974 ] ] ], [ [ [ 14.939393063180205, 37.951638535029055 ], [ 14.941427878058501, 37.942573655841883 ], [ 14.942738434129295, 37.939302846855732 ], [ 14.946451281072671, 37.933916459257915 ], [ 14.949960016053163, 37.928917513357426 ], [ 14.952333694360126, 37.924337889336499 ], [ 14.953415028750738, 37.917874255634203 ], [ 14.955662423833813, 37.912053450885132 ], [ 14.960292244877726, 37.910162061484243 ], [ 14.972430008695564, 37.908002689826255 ], [ 14.977992029253398, 37.907280926365125 ], [ 14.978692333359531, 37.90707762877512 ], [ 14.978787988351916, 37.907049859822408 ], [ 14.978857040884497, 37.907029813483518 ], [ 14.97891639794898, 37.906855806912851 ], [ 14.979253879639572, 37.905866456266651 ], [ 14.979405620294061, 37.904517578559705 ], [ 14.979592856631523, 37.902843806454392 ], [ 14.979748193947126, 37.900098645534975 ], [ 14.979452724458344, 37.898313528625479 ], [ 14.979201632863395, 37.896899693202258 ], [ 14.978988676794511, 37.895684616252751 ], [ 14.97897414521397, 37.895601653154941 ], [ 14.97897427220377, 37.895393021486441 ], [ 14.978974778388237, 37.895111657703993 ], [ 14.978981162207438, 37.895037841793901 ], [ 14.979031610416675, 37.894455600162395 ], [ 14.979271096189148, 37.893907829887858 ], [ 14.979646515568909, 37.89328560971223 ], [ 14.979897385468085, 37.893088300496188 ], [ 14.9799894986462, 37.893050915966448 ], [ 14.980274513356518, 37.892935242178027 ], [ 14.980873933191095, 37.892691971606489 ], [ 14.981559285251587, 37.892420772577914 ], [ 14.982375339027701, 37.892097847731144 ], [ 14.983251001015935, 37.891796652645084 ], [ 14.984162112759973, 37.891547634860331 ], [ 14.985118079834246, 37.89143134930741 ], [ 14.98669268326962, 37.891698735487026 ], [ 14.986958850684234, 37.89174695507154 ], [ 14.987541363623729, 37.891870097384029 ], [ 14.988347815768316, 37.892040582922839 ], [ 14.993407831512878, 37.893123244833696 ], [ 14.994579795668905, 37.893538612288701 ], [ 14.994804450148983, 37.893618232465784 ], [ 14.995390405779141, 37.893880750418262 ], [ 14.995523502378729, 37.893940415730547 ], [ 14.995979823548787, 37.894144976673374 ], [ 14.996013714169681, 37.894160169379674 ], [ 14.996266501654373, 37.894343890537357 ], [ 14.997025951490388, 37.894909455753037 ], [ 14.997545707374549, 37.895455242780933 ], [ 14.997581749375858, 37.895493090123658 ], [ 14.998186756213686, 37.896033032775151 ], [ 14.998411623250895, 37.896233713344238 ], [ 14.998589864535564, 37.896340458490016 ], [ 14.999560946923291, 37.896922004713012 ], [ 15.000071635029315, 37.897117212903204 ], [ 15.000519111142358, 37.897287634066004 ], [ 15.000591430263876, 37.897310530643672 ], [ 15.001951192836861, 37.897732041118907 ], [ 15.002279875208963, 37.897832793898033 ], [ 15.009011400075762, 37.899342087049931 ], [ 15.012417304684224, 37.899165491441082 ], [ 15.016951955156898, 37.898889946492844 ], [ 15.017123608345287, 37.898870891925348 ], [ 15.018384368179698, 37.89873092996622 ], [ 15.019351640178336, 37.898613781100529 ], [ 15.020837930515157, 37.898304170182236 ], [ 15.02095712424911, 37.898279338893381 ], [ 15.02662979702823, 37.897078887039683 ], [ 15.034182962355334, 37.894694045454884 ], [ 15.042563495184238, 37.893738762944565 ], [ 15.046068122117068, 37.894197179933016 ], [ 15.046681009628733, 37.894317926445488 ], [ 15.047263015406108, 37.894432586263648 ], [ 15.049174491062629, 37.894819152718966 ], [ 15.05617099064694, 37.897448574516439 ], [ 15.07399929520107, 37.903610569972287 ], [ 15.075513105993629, 37.902963030203999 ], [ 15.080698213166306, 37.902271255619404 ], [ 15.08537268652216, 37.902278175558003 ], [ 15.097124041352734, 37.90269185464917 ], [ 15.099785831535524, 37.903799976072143 ], [ 15.100627012554547, 37.904012726075827 ], [ 15.10207817045851, 37.904354307675717 ], [ 15.103301637500904, 37.904627956482855 ], [ 15.110186818053084, 37.906044053316705 ], [ 15.110521513537551, 37.90610760492379 ], [ 15.110856533746668, 37.906166659988614 ], [ 15.111710519554199, 37.906131143006249 ], [ 15.114370832474277, 37.905200403012515 ], [ 15.127655158703456, 37.897554143032337 ], [ 15.130627961704926, 37.893964284719068 ], [ 15.140849083805282, 37.893620822554702 ], [ 15.142766712704038, 37.894589888102928 ], [ 15.143847263935017, 37.894983288695485 ], [ 15.144836181952899, 37.895147906089619 ], [ 15.145438674521523, 37.895248190830515 ], [ 15.148456403869652, 37.895658345159049 ], [ 15.149444958066498, 37.895766307250476 ], [ 15.149738986329522, 37.895798416641249 ], [ 15.149968180790246, 37.895823444864583 ], [ 15.152616093622816, 37.895468533494068 ], [ 15.153473623928978, 37.895099819545884 ], [ 15.153605659438057, 37.895042905563344 ], [ 15.163136993710912, 37.888005949926729 ], [ 15.169307282429131, 37.882747286081404 ], [ 15.173935401542352, 37.877675131319478 ], [ 15.173882818644051, 37.877485932409833 ], [ 15.17378502320661, 37.877134042700497 ], [ 15.173763337682608, 37.877042214897457 ], [ 15.173670618252114, 37.876649564108568 ], [ 15.17372959127094, 37.876593983862293 ], [ 15.174191530134795, 37.876158622753181 ], [ 15.175027087723247, 37.875631783394375 ], [ 15.175167667531582, 37.875544727591361 ], [ 15.17540942917593, 37.875403340294554 ], [ 15.17609740226057, 37.875000995877741 ], [ 15.176385346167192, 37.87483259682098 ], [ 15.177224951068366, 37.87463087023287 ], [ 15.181761115068825, 37.874319828957518 ], [ 15.181988898271516, 37.874340847117409 ], [ 15.183002658825203, 37.874434385377391 ], [ 15.183277352118473, 37.874518953874706 ], [ 15.185561008865976, 37.875221983676909 ], [ 15.185775289622104, 37.875320243778262 ], [ 15.195862016524208, 37.867076368295095 ], [ 15.200457198962553, 37.863239276546722 ], [ 15.209865225373738, 37.857139020995319 ], [ 15.220497333159395, 37.850658134673061 ], [ 15.227282331826901, 37.841892202333213 ], [ 15.227969957716702, 37.840627196117993 ], [ 15.228782122788427, 37.838632520055342 ], [ 15.229378644828707, 37.837082941268598 ], [ 15.229885341636582, 37.835053546757763 ], [ 15.232267985464887, 37.830229056455678 ], [ 15.244464491063958, 37.819299660794428 ], [ 15.246185139783181, 37.812458204611318 ], [ 15.25276239564295, 37.808942902837742 ], [ 15.258489636078238, 37.80698980031935 ], [ 15.252598284106462, 37.803055803422829 ], [ 15.249754784191344, 37.800813390794566 ], [ 15.24848635405967, 37.799750459613229 ], [ 15.244911556268878, 37.79599878451593 ], [ 15.244003138011479, 37.795024684376095 ], [ 15.242891327802024, 37.793819256500676 ], [ 15.241595509340943, 37.79220299898649 ], [ 15.237710480340196, 37.787189751849226 ], [ 15.233487674812203, 37.781577349222083 ], [ 15.231160940883843, 37.778206736466977 ], [ 15.227999863493865, 37.773825420630175 ], [ 15.223694116196654, 37.768334325655978 ], [ 15.222632495566179, 37.767020608709842 ], [ 15.220957033001607, 37.76500494529666 ], [ 15.218578708737448, 37.762238938667615 ], [ 15.218179303578893, 37.761782603202001 ], [ 15.216062110512624, 37.759363473084079 ], [ 15.2138219768835, 37.756499000688954 ], [ 15.211785314733861, 37.753541768887644 ], [ 15.211747433007375, 37.753474874615648 ], [ 15.210039212814314, 37.750457004329554 ], [ 15.206637082184216, 37.743854060450239 ], [ 15.206082544745572, 37.74264497044615 ], [ 15.205341450905394, 37.740958045896612 ], [ 15.204868574957466, 37.739116171645875 ], [ 15.204995749216669, 37.736979073097089 ], [ 15.205217450621838, 37.735069802127029 ], [ 15.205327212131367, 37.734569398944551 ], [ 15.205620813229489, 37.73366442926369 ], [ 15.205724590914709, 37.733560893581135 ], [ 15.209828040309194, 37.728277180145525 ], [ 15.217351051673932, 37.716622944350078 ], [ 15.21850437586845, 37.714148616777216 ], [ 15.218527074261541, 37.714093115290247 ], [ 15.218999041302167, 37.712748716526299 ], [ 15.219010075531669, 37.712075058430798 ], [ 15.218347293065415, 37.708373050036755 ], [ 15.216649703994264, 37.704803358726814 ], [ 15.216239801893712, 37.704001557457815 ], [ 15.215624320031509, 37.702875396687965 ], [ 15.214730319863298, 37.701311672814803 ], [ 15.214630092912309, 37.701144882890055 ], [ 15.214199511279917, 37.700428489047049 ], [ 15.213962946478199, 37.700034889598619 ], [ 15.213830821895636, 37.699876923454049 ], [ 15.213585699575175, 37.699583856666848 ], [ 15.209578889683725, 37.694650326526798 ], [ 15.205317737178996, 37.688017247003017 ], [ 15.205123343730508, 37.687679611044679 ], [ 15.203389490808762, 37.684667950772408 ], [ 15.201698826882279, 37.681651089083225 ], [ 15.19921461395834, 37.676744043431292 ], [ 15.196450533770074, 37.665198598225309 ], [ 15.196334665105978, 37.66442803656993 ], [ 15.196163840101706, 37.66274483495679 ], [ 15.196446090370406, 37.661862188738539 ], [ 15.197121499702734, 37.660221119545959 ], [ 15.198042629442444, 37.659325673913742 ], [ 15.199800016789551, 37.657109041365125 ], [ 15.199904854909251, 37.656665253543103 ], [ 15.199884760881089, 37.656458991603913 ], [ 15.199742991627522, 37.65560748749072 ], [ 15.199686821110699, 37.655465612689213 ], [ 15.199577308841519, 37.655201842323073 ], [ 15.199186307223462, 37.654342084867125 ], [ 15.198896081384994, 37.653980809289436 ], [ 15.194323582068087, 37.64911923687427 ], [ 15.181595918092722, 37.638952191701378 ], [ 15.178829915730061, 37.637599569031963 ], [ 15.176751902656125, 37.635566511535984 ], [ 15.174718281254748, 37.632755364894557 ], [ 15.17600954758106, 37.628695628873622 ], [ 15.174203106678464, 37.617971839862044 ], [ 15.172696799161484, 37.611657850346191 ], [ 15.172588171915493, 37.611171895375577 ], [ 15.172435277212644, 37.610123355251943 ], [ 15.172524937796519, 37.609078040739718 ], [ 15.172623640997649, 37.608061301229739 ], [ 15.173720609078218, 37.596910983336954 ], [ 15.174034727112186, 37.594027127769451 ], [ 15.176741573582687, 37.585572844606574 ], [ 15.177003313364485, 37.584879151575571 ], [ 15.17726500969215, 37.584084766207049 ], [ 15.177447181669544, 37.580598509723266 ], [ 15.177234116753205, 37.576567986652911 ], [ 15.177141758741675, 37.576261649508218 ], [ 15.176957833370478, 37.575938022553316 ], [ 15.176787714138179, 37.57577861789823 ], [ 15.174616885296661, 37.574340443786184 ], [ 15.172895577525264, 37.574742910617466 ], [ 15.170067111852578, 37.57513260021765 ], [ 15.166343058372847, 37.57194929870721 ], [ 15.164893219274763, 37.569326749877284 ], [ 15.163528727355599, 37.565293477217573 ], [ 15.158811892005915, 37.559984505877864 ], [ 15.148812667699522, 37.554929446664858 ], [ 15.144548742159976, 37.545120983437627 ], [ 15.144268430495645, 37.544670374151394 ], [ 15.143110116266666, 37.543591384770188 ], [ 15.130768819595033, 37.537213758551623 ], [ 15.115401843888931, 37.530422255118012 ], [ 15.115885755088971, 37.529644333445731 ], [ 15.116710971987505, 37.527477274673664 ], [ 15.116815214094894, 37.527200010704732 ], [ 15.117399596502349, 37.52456520883085 ], [ 15.117454452045749, 37.523465478994218 ], [ 15.117069025841106, 37.523060242493443 ], [ 15.115774570812833, 37.522088066503208 ], [ 15.112899966440802, 37.520107860719023 ], [ 15.107163501450804, 37.514548847637485 ], [ 15.101610472073371, 37.505978621720786 ], [ 15.09861166011976, 37.501210169298268 ], [ 15.098995725668049, 37.500765924383145 ], [ 15.099063503169647, 37.500687004271491 ], [ 15.09926118419615, 37.500452486131834 ], [ 15.099278041356262, 37.500371338480655 ], [ 15.099381934603967, 37.499803404210127 ], [ 15.099415603354002, 37.499596060486255 ], [ 15.10029718642846, 37.492600758944413 ], [ 15.100363315409615, 37.489184528401829 ], [ 15.09984887125737, 37.48390085802636 ], [ 15.099615239056298, 37.483748183303916 ], [ 15.099277153446856, 37.483812857678451 ], [ 15.099171900057637, 37.483990857373882 ], [ 15.099044518370333, 37.48668522571942 ], [ 15.0995891272627, 37.491148572373731 ], [ 15.099162254079681, 37.496080696876035 ], [ 15.098846476900464, 37.499305643161044 ], [ 15.098728105106625, 37.500340756118334 ], [ 15.097568263512121, 37.501548437302098 ], [ 15.097296885943166, 37.501542496537944 ], [ 15.095770247090414, 37.501411758157552 ], [ 15.091800756458815, 37.497231651401705 ], [ 15.091103625132753, 37.494877259899937 ], [ 15.092614917352408, 37.492361398419931 ], [ 15.091092541345688, 37.488362394138527 ], [ 15.090322225073873, 37.487078211755922 ], [ 15.089238383165251, 37.486319858239042 ], [ 15.088187946884162, 37.485573389943255 ], [ 15.087497710554748, 37.484739437746796 ], [ 15.08641062352728, 37.482793616615957 ], [ 15.086200470449551, 37.482209486413112 ], [ 15.085659206307847, 37.479927594419799 ], [ 15.08526650495104, 37.476460134415881 ], [ 15.08527158607181, 37.475953115371873 ], [ 15.085341646051409, 37.472933471036136 ], [ 15.085413322157304, 37.471322235262832 ], [ 15.085743047226348, 37.465424811884496 ], [ 15.085929011926991, 37.462414107260344 ], [ 15.086315506717041, 37.456809580381055 ], [ 15.086610742038191, 37.452987568126176 ], [ 15.087568628297142, 37.443015480510134 ], [ 15.087730830292866, 37.441539362244853 ], [ 15.088806001820876, 37.433036391535808 ], [ 15.089725931796071, 37.424851251105274 ], [ 15.090962140126145, 37.412014773614487 ], [ 15.090409649934321, 37.405430754723007 ], [ 15.09030354726805, 37.404202631521002 ], [ 15.090226928168079, 37.40262868036401 ], [ 15.090139588989643, 37.397918436363391 ], [ 15.090079563863769, 37.39270707160366 ], [ 15.09038657878528, 37.379506579276764 ], [ 15.090547224918023, 37.374758929122564 ], [ 15.091213635980079, 37.363088353524965 ], [ 15.090972663479114, 37.35864173443457 ], [ 15.089723180542414, 37.358550484673913 ], [ 15.088809643724558, 37.358507379555789 ], [ 15.086701086512555, 37.358494137211707 ], [ 15.080870073165034, 37.358489263325666 ], [ 15.079368311220511, 37.358553386084331 ], [ 15.078562324399941, 37.358618447929047 ], [ 15.077369758890367, 37.358714706771664 ], [ 15.076161600049014, 37.358823644527057 ], [ 15.073461381159989, 37.359116119041168 ], [ 15.06138569448839, 37.361047285190423 ], [ 15.048182338325445, 37.363164977673158 ], [ 15.044771632388491, 37.362699858265209 ], [ 15.042560915072574, 37.362428006350299 ], [ 15.040514012512155, 37.362257464638475 ], [ 15.039170159034107, 37.362203836360145 ], [ 15.036990620782472, 37.362132417850489 ], [ 15.033444694221215, 37.362088399004222 ], [ 15.032701089120337, 37.362356076870405 ], [ 15.032417323178164, 37.36246050035345 ], [ 15.032418959357248, 37.362501200555833 ], [ 15.032440069068411, 37.363026123379242 ], [ 15.032752204615862, 37.36372828759896 ], [ 15.032962926102368, 37.364333103267171 ], [ 15.032995522946878, 37.364430008257393 ], [ 15.033005822316738, 37.36447073655593 ], [ 15.03301093785576, 37.364590566431175 ], [ 15.03301514477349, 37.36468913997934 ], [ 15.033039563194752, 37.365261379014179 ], [ 15.032916646580404, 37.368272022164021 ], [ 15.032762224357754, 37.370246096924312 ], [ 15.032741220213444, 37.370407585387667 ], [ 15.032708747087428, 37.37065725040685 ], [ 15.032692260672647, 37.37078399800528 ], [ 15.032559392549134, 37.371291751241202 ], [ 15.025997177217157, 37.378459334582537 ], [ 15.025737317827835, 37.378188989686016 ], [ 15.02530792601279, 37.377684307378246 ], [ 15.025036653960044, 37.377134524386157 ], [ 15.024810475948339, 37.376287279282295 ], [ 15.024798954940556, 37.375584192925245 ], [ 15.024807226956133, 37.375286935722762 ], [ 15.022650297084166, 37.3723084079543 ], [ 15.015649002304817, 37.369627642181712 ], [ 15.014643792246408, 37.369249197575478 ], [ 15.013841940933645, 37.369267320740612 ], [ 15.012272153157763, 37.369492829470431 ], [ 15.007585313012127, 37.37033151299898 ], [ 14.992385572724277, 37.372326888502634 ], [ 14.984962952003855, 37.373636621687794 ], [ 14.981845334738564, 37.3751527555603 ], [ 14.971181388542961, 37.379871620732175 ], [ 14.964052882768451, 37.38228760496834 ], [ 14.960526057899875, 37.38397407176145 ], [ 14.957330008425659, 37.385701599910455 ], [ 14.956945809663067, 37.385933568874897 ], [ 14.956403384597346, 37.386287161615108 ], [ 14.955928565588552, 37.386899908232493 ], [ 14.954308100846553, 37.390628752543286 ], [ 14.95317971771763, 37.393053010536434 ], [ 14.951303092285555, 37.395008235124806 ], [ 14.941398391762879, 37.405261389832667 ], [ 14.932750871771857, 37.408394225374238 ], [ 14.925096508977367, 37.411011734586943 ], [ 14.92122887201282, 37.412306580284017 ], [ 14.916925306732946, 37.412646591167075 ], [ 14.916189793851622, 37.412683532013276 ], [ 14.915421618212211, 37.41269959995843 ], [ 14.914596226096787, 37.412509269141808 ], [ 14.913400552567241, 37.412229495203604 ], [ 14.912623983744584, 37.41202626421002 ], [ 14.897826767519067, 37.410406229721431 ], [ 14.893659168190885, 37.410302408459742 ], [ 14.89272150403464, 37.410261836348802 ], [ 14.891785149545052, 37.410004597302873 ], [ 14.887792428570522, 37.407827769079688 ], [ 14.88753157700754, 37.406105908267932 ], [ 14.887397249386872, 37.405167499170282 ], [ 14.887295601268885, 37.404420963659732 ], [ 14.887323561567243, 37.401552677055683 ], [ 14.887587259892147, 37.399558856888426 ], [ 14.887486944586607, 37.397786478695821 ], [ 14.88088866733316, 37.39155182327498 ], [ 14.877761759054023, 37.389583546076885 ], [ 14.868447701783149, 37.386264874289282 ], [ 14.860440481671937, 37.385074721946054 ], [ 14.854490149951028, 37.38352295265922 ], [ 14.844682960923841, 37.379993160416767 ], [ 14.844570951907695, 37.379925732954419 ], [ 14.84383640059157, 37.379483536600752 ], [ 14.84294468238485, 37.378923003817782 ], [ 14.841615603407432, 37.377208847267596 ], [ 14.841266128238514, 37.376704091062123 ], [ 14.839277331533637, 37.371428778196687 ], [ 14.839054058851145, 37.370733227432616 ], [ 14.838954315619256, 37.370103562372996 ], [ 14.839046070718474, 37.369552179708904 ], [ 14.83919377798318, 37.368759476650787 ], [ 14.839310030664459, 37.368261881349362 ], [ 14.839376753651706, 37.36797628983085 ], [ 14.841344088164275, 37.361325746661024 ], [ 14.838441766239848, 37.35781096038518 ], [ 14.829129340417188, 37.354639237599038 ], [ 14.82175718669656, 37.353970636404476 ], [ 14.817866434872059, 37.353047224016457 ], [ 14.812228304484799, 37.351044655096807 ], [ 14.809183123201269, 37.349945455177021 ], [ 14.808499930396394, 37.349630975265036 ], [ 14.799461179047832, 37.344671982420984 ], [ 14.790170087537815, 37.33951472073695 ], [ 14.782341788939933, 37.333892487054747 ], [ 14.780977620949479, 37.332773389954497 ], [ 14.780482134775331, 37.332358861570903 ], [ 14.779502420881258, 37.331418948321492 ], [ 14.778579738037473, 37.330469483418625 ], [ 14.778471583841176, 37.330013006098348 ], [ 14.778434789542978, 37.329857707538991 ], [ 14.778652532580473, 37.32874883414469 ], [ 14.779464922838541, 37.325000361518796 ], [ 14.783178063136994, 37.325313401512851 ], [ 14.790571410845052, 37.324705283695614 ], [ 14.79485044903814, 37.320115723613192 ], [ 14.795178386372536, 37.319809358216467 ], [ 14.799789040481294, 37.317627080932709 ], [ 14.804049521174733, 37.315830922519055 ], [ 14.823515866097463, 37.317803302938508 ], [ 14.828876625010849, 37.319009496770143 ], [ 14.830052613105305, 37.319326041397716 ], [ 14.833901246408384, 37.320447347994083 ], [ 14.835016103951595, 37.32122482040964 ], [ 14.836404124023364, 37.322463507367225 ], [ 14.837724977307198, 37.323419051416494 ], [ 14.839591718178545, 37.324313088132556 ], [ 14.840179131598816, 37.324511279198603 ], [ 14.840721011390658, 37.324612708741746 ], [ 14.841074364466984, 37.324666592589871 ], [ 14.841612152969766, 37.324748598198028 ], [ 14.842042783797067, 37.324712592568275 ], [ 14.842447878389571, 37.324678720203153 ], [ 14.842481938205358, 37.324675084649343 ], [ 14.843384896496945, 37.324534736367632 ], [ 14.848157830696671, 37.323207118009094 ], [ 14.848287246119275, 37.323167262437941 ], [ 14.848367612055595, 37.32314219135683 ], [ 14.848560571978091, 37.323081992729179 ], [ 14.849053485406152, 37.322928214338766 ], [ 14.856942126136561, 37.320364764343758 ], [ 14.863732776343625, 37.31783251251472 ], [ 14.874428235588402, 37.315035053910208 ], [ 14.889251570867428, 37.311705514498556 ], [ 14.889861582977627, 37.311679544482381 ], [ 14.890343159557558, 37.311650749805679 ], [ 14.890775752672347, 37.311624881724249 ], [ 14.891361931286374, 37.311474078169084 ], [ 14.891892835255446, 37.311229286743824 ], [ 14.892163975103207, 37.311022195890885 ], [ 14.892221844834989, 37.310708774100945 ], [ 14.891872218775069, 37.309868873778889 ], [ 14.888200624250219, 37.305327591443849 ], [ 14.882883249736384, 37.29931361457966 ], [ 14.87969650199809, 37.295741518889393 ], [ 14.881700533143476, 37.287719585976276 ], [ 14.881750788968823, 37.28767744699995 ], [ 14.882067914006932, 37.287352324161766 ], [ 14.882191472284365, 37.287225648849315 ], [ 14.882542181900538, 37.286830119409821 ], [ 14.882607534959343, 37.28670982110097 ], [ 14.882781156078805, 37.286390220744572 ], [ 14.88284750877293, 37.286268047002423 ], [ 14.882401293209467, 37.286073949025926 ], [ 14.881900730288185, 37.285856208029706 ], [ 14.873636513955031, 37.282422239221546 ], [ 14.86204489854304, 37.280403209538427 ], [ 14.857693889892907, 37.277337140538926 ], [ 14.854865990766916, 37.271205864577269 ], [ 14.848060199371046, 37.260622433473209 ], [ 14.847534709943655, 37.260018374535314 ], [ 14.846664245864501, 37.259458417285721 ], [ 14.844141114529007, 37.258798060194472 ], [ 14.842133307880923, 37.258387208902427 ], [ 14.838920258592712, 37.25775331431808 ], [ 14.837962026340556, 37.257643530766977 ], [ 14.835921344724866, 37.257721996182781 ], [ 14.834985056117567, 37.257847058053187 ], [ 14.824082015410461, 37.257877141638041 ], [ 14.812062836247179, 37.256023710341189 ], [ 14.809032375405051, 37.254675956437637 ], [ 14.806470995649956, 37.251269329863348 ], [ 14.801765259458378, 37.247849995719669 ], [ 14.797667793670623, 37.245792031959638 ], [ 14.792002525786373, 37.243527820774837 ], [ 14.791952332526364, 37.243504092865585 ], [ 14.791475783541085, 37.243278802039754 ], [ 14.791316844874464, 37.243203661902506 ], [ 14.790629862430043, 37.242688275214725 ], [ 14.78917962076504, 37.241323661297102 ], [ 14.783974723641224, 37.235968586709902 ], [ 14.777249996691003, 37.229314750268337 ], [ 14.774480788780641, 37.228669529535779 ], [ 14.77307176641928, 37.225085948089074 ], [ 14.772961231438488, 37.224771835613758 ], [ 14.773006299833963, 37.22422052913771 ], [ 14.77335059383679, 37.222803117797575 ], [ 14.774243689547397, 37.221349207295972 ], [ 14.781771286235655, 37.210977600997502 ], [ 14.782415251502004, 37.210421716279839 ], [ 14.783000533346138, 37.20997220165426 ], [ 14.783993069544421, 37.210009095791328 ], [ 14.785063516835725, 37.210172687816325 ], [ 14.785985322083867, 37.210525824385428 ], [ 14.788415926792382, 37.211612893673362 ], [ 14.789339470643529, 37.212217966547684 ], [ 14.792650189584341, 37.213900893384036 ], [ 14.794281564489427, 37.214507191470716 ], [ 14.795362727615595, 37.214708411965539 ], [ 14.796511515967964, 37.214782527342372 ], [ 14.797976352780394, 37.214730845679881 ], [ 14.799622852751501, 37.214553194141295 ], [ 14.803525250352104, 37.213936072994358 ], [ 14.813499479168048, 37.210165377663557 ], [ 14.820768263998305, 37.207186127393648 ], [ 14.820831682149199, 37.206879616141002 ], [ 14.821046470057324, 37.205869859430855 ], [ 14.821353625079835, 37.204921636503684 ], [ 14.82143170242818, 37.204680670092209 ], [ 14.822805794546335, 37.200690515714975 ], [ 14.824707693343255, 37.196825057944771 ], [ 14.825113438800148, 37.19621318026266 ], [ 14.825532002642976, 37.196032727138494 ], [ 14.825633160152998, 37.196023382453561 ], [ 14.825728848636654, 37.196014543394185 ], [ 14.82591182381662, 37.195997643308651 ], [ 14.826470453408914, 37.195946047468979 ], [ 14.826682778789401, 37.195926436586063 ], [ 14.827031271969934, 37.195922846197789 ], [ 14.827374252468511, 37.195919312637201 ], [ 14.848846925048662, 37.200789364266029 ], [ 14.855532230900035, 37.203936840673869 ], [ 14.859194029854905, 37.206303128436929 ], [ 14.863493518039796, 37.20881208041061 ], [ 14.866153163462497, 37.208823963019356 ], [ 14.866277520466051, 37.208797198480895 ], [ 14.866819381114794, 37.208680574719097 ], [ 14.869074183174693, 37.207528840653588 ], [ 14.869468942353821, 37.207223418463059 ], [ 14.869907947788482, 37.206672770160537 ], [ 14.871038800542788, 37.205223567720616 ], [ 14.871345511437223, 37.204753749614369 ], [ 14.871479395136095, 37.204132754752081 ], [ 14.870843129773215, 37.189341345827195 ], [ 14.870707180644594, 37.188043045344521 ], [ 14.870249134524553, 37.186373573747368 ], [ 14.870002485888367, 37.185805255312182 ], [ 14.867886326137665, 37.184233943016892 ], [ 14.866367838668854, 37.183159482881528 ], [ 14.86594960249252, 37.182891070230369 ], [ 14.865668853349238, 37.182714187611595 ], [ 14.865186566149941, 37.18253407578284 ], [ 14.856066788188995, 37.179145442644426 ], [ 14.845896538732134, 37.172110408318801 ], [ 14.838297343187405, 37.16721636193919 ], [ 14.836748403941192, 37.165951257413333 ], [ 14.834956245029888, 37.16317330551005 ], [ 14.836926838357593, 37.158028410966359 ], [ 14.841869020472968, 37.153132497818092 ], [ 14.842898455983125, 37.151690860488998 ], [ 14.845113498786604, 37.147528363311721 ], [ 14.846030029807237, 37.14571872845395 ], [ 14.846510568163115, 37.141167219881631 ], [ 14.8434935441127, 37.13014800567074 ], [ 14.836830535607758, 37.124780215025176 ], [ 14.83366921981643, 37.124328048590115 ], [ 14.832959618008417, 37.124237064247275 ], [ 14.83241639622789, 37.124335909099415 ], [ 14.831854799996817, 37.124606662532031 ], [ 14.83144509100156, 37.124841083514411 ], [ 14.824782708660253, 37.127965174244288 ], [ 14.824604054288486, 37.127925379545701 ], [ 14.824258234151518, 37.12784840497455 ], [ 14.818914064497591, 37.126705271360947 ], [ 14.808918292096708, 37.12601349977426 ], [ 14.808684112568889, 37.126032974874491 ], [ 14.808389095647099, 37.126057511820953 ], [ 14.807692919036747, 37.126242510593208 ], [ 14.806992963554139, 37.126524465979692 ], [ 14.804965208949262, 37.127423011752498 ], [ 14.804855161267895, 37.127472988854095 ], [ 14.804568731830882, 37.127604092658068 ], [ 14.801988419645728, 37.129068018930013 ], [ 14.800603222254081, 37.130109966266332 ], [ 14.793869687646696, 37.132043468904222 ], [ 14.785405766372234, 37.13625828082035 ], [ 14.777977163317985, 37.13956157156818 ], [ 14.777561065587276, 37.139606682113744 ], [ 14.77542379387736, 37.139474897971873 ], [ 14.775230950322312, 37.139268280374139 ], [ 14.773563744130772, 37.135569055498756 ], [ 14.773350298773339, 37.135055144195675 ], [ 14.773340930232211, 37.13467877719151 ], [ 14.773332436213552, 37.13433751763705 ], [ 14.773323389005588, 37.133973999381077 ], [ 14.773353258766855, 37.133530717405527 ], [ 14.773370858714875, 37.13326954264452 ], [ 14.773486308124708, 37.132894909220283 ], [ 14.77356238143642, 37.132648052270817 ], [ 14.773761366645395, 37.132257075761487 ], [ 14.773939888720955, 37.131907032820962 ], [ 14.77407816697646, 37.131696720813295 ], [ 14.774280231205498, 37.131389397052288 ], [ 14.774314363562862, 37.131354053113753 ], [ 14.77464874173865, 37.131206680412852 ], [ 14.781139124810357, 37.121007421000293 ], [ 14.784506565828348, 37.115608418558523 ], [ 14.787060825831455, 37.112264943140524 ], [ 14.791558579770797, 37.110183482246377 ], [ 14.7898310277217, 37.107376352693322 ], [ 14.781751785518093, 37.106647079755064 ], [ 14.770917216038798, 37.102184920675292 ], [ 14.767648589315019, 37.100555398289472 ], [ 14.766996666133618, 37.100184396566547 ], [ 14.765852946269247, 37.09948854956501 ], [ 14.76551403545349, 37.09926204847384 ], [ 14.765261135825545, 37.098929730622544 ], [ 14.765144138910406, 37.098775991486299 ], [ 14.765115562473524, 37.098366367602893 ], [ 14.765112692147159, 37.098325184747431 ], [ 14.76555288395098, 37.097657819747482 ], [ 14.765142991916267, 37.095665939573351 ], [ 14.761773264185228, 37.095615930323234 ], [ 14.760449348970131, 37.095613264528225 ], [ 14.757580295000714, 37.095658781366332 ], [ 14.757043425095455, 37.09580911891134 ], [ 14.756656006589569, 37.095917604699189 ], [ 14.754266881322803, 37.096670816569393 ], [ 14.754231455813521, 37.096703462822241 ], [ 14.753376320465087, 37.097578349153849 ], [ 14.752768316718766, 37.098113543042516 ], [ 14.752678757343629, 37.098186921675754 ], [ 14.752599604422697, 37.098251755930825 ], [ 14.752486871403875, 37.098323704982214 ], [ 14.751876332418496, 37.098711361122916 ], [ 14.751199828802813, 37.099052585333169 ], [ 14.75102889709377, 37.099101173352217 ], [ 14.750727751976324, 37.09918677401005 ], [ 14.750569332102158, 37.09923180443522 ], [ 14.744734485480556, 37.100861347928287 ], [ 14.743799936127578, 37.100958521715867 ], [ 14.742923432732605, 37.10083908714747 ], [ 14.742192657031639, 37.10056629584831 ], [ 14.738224872475854, 37.099017139168971 ], [ 14.731730338271841, 37.096188390562617 ], [ 14.730976342055712, 37.095997659240368 ], [ 14.727858935375421, 37.095937234158697 ], [ 14.727819657066526, 37.095946012536849 ], [ 14.727421715977354, 37.096034951167987 ], [ 14.727385936157408, 37.096068166796059 ], [ 14.727025277470629, 37.096402988005195 ], [ 14.726615769852058, 37.097199136143196 ], [ 14.726380183846494, 37.097719268675853 ], [ 14.725002635208211, 37.10201465977412 ], [ 14.725057486898937, 37.102322575082631 ], [ 14.726037332221141, 37.105344769312417 ], [ 14.729240033973607, 37.113257505508436 ], [ 14.72917599311079, 37.115058738482041 ], [ 14.728785864152529, 37.116837592999076 ], [ 14.727781537640725, 37.117876418926897 ], [ 14.720939509076247, 37.121052501440566 ], [ 14.710686960807687, 37.12557008878953 ], [ 14.704587073447213, 37.121204577049923 ], [ 14.692657547854399, 37.114373688045774 ], [ 14.683565672693465, 37.110086650311921 ], [ 14.678878193189913, 37.104009221018309 ], [ 14.678211770892764, 37.101465660842962 ], [ 14.678030560962602, 37.10133381986477 ], [ 14.67772849775494, 37.101146809753764 ], [ 14.677123487386769, 37.100993573317744 ], [ 14.673698085895216, 37.101864101477723 ], [ 14.671340031132523, 37.102500027537268 ], [ 14.667657540535542, 37.103683109531893 ], [ 14.663137233738007, 37.105137160290006 ], [ 14.660947262451929, 37.106383116148045 ], [ 14.660638542066723, 37.106523527878132 ], [ 14.660487444149082, 37.106592248472261 ], [ 14.66031675810884, 37.10666987673352 ], [ 14.652095023818232, 37.102751284926434 ], [ 14.649378745729855, 37.10131925916636 ], [ 14.649319921158522, 37.101253955707655 ], [ 14.64866353788401, 37.100525255970716 ], [ 14.648406406171196, 37.099841096054618 ], [ 14.648341138008556, 37.099667432055455 ], [ 14.647964983675445, 37.098332819994098 ], [ 14.64365194381622, 37.089304753531202 ], [ 14.641567838654924, 37.085756299860243 ], [ 14.638980575086848, 37.085664442732302 ], [ 14.629013551075053, 37.082103214451102 ], [ 14.624421136839269, 37.080203982755037 ], [ 14.620926482783224, 37.079337176101625 ], [ 14.620700123297327, 37.079301619754496 ], [ 14.620398572115837, 37.079254253384306 ], [ 14.61951964398496, 37.07947607209244 ], [ 14.618212231891764, 37.07981518876354 ], [ 14.617727733043745, 37.080038364648544 ], [ 14.617411406905703, 37.080417947064312 ], [ 14.617376211418724, 37.080460181745146 ], [ 14.617360733087054, 37.080501340912122 ], [ 14.617260505002228, 37.080767872937187 ], [ 14.617125950318128, 37.081125690409792 ], [ 14.617115112645704, 37.081154512658117 ], [ 14.617086000891648, 37.081261353287509 ], [ 14.616962308109565, 37.081715342687239 ], [ 14.616931225607747, 37.081829430277516 ], [ 14.616816250804993, 37.082325516758608 ], [ 14.616722427237686, 37.082955648574206 ], [ 14.61671453771044, 37.083123543776352 ], [ 14.616383755577052, 37.084199446783003 ], [ 14.615832322418809, 37.085838126688216 ], [ 14.614406825786615, 37.089340317235475 ], [ 14.614054804503178, 37.090082845039525 ], [ 14.613753150144982, 37.090719119588826 ], [ 14.613724597203746, 37.090779342673052 ], [ 14.613332810200163, 37.091386332754304 ], [ 14.613243843824399, 37.091507896459468 ], [ 14.612718388788258, 37.091731862569183 ], [ 14.61264065138292, 37.091693567879204 ], [ 14.61196085500038, 37.091358682461582 ], [ 14.611903761447907, 37.091323129720877 ], [ 14.610669241671175, 37.090269681618281 ], [ 14.609280075388316, 37.088593438462681 ], [ 14.60931607427265, 37.088168621627851 ], [ 14.609482501221416, 37.087992983892434 ], [ 14.600773157961985, 37.080064115836969 ], [ 14.59631616604926, 37.077139774324245 ], [ 14.587902158790044, 37.071744936943581 ], [ 14.586281461095584, 37.07102297926518 ], [ 14.584204079824216, 37.069442042930142 ], [ 14.579891992084047, 37.065758445534705 ], [ 14.57882101870684, 37.064376322484193 ], [ 14.571717924529498, 37.055165264774963 ], [ 14.571329804857177, 37.054748671356165 ], [ 14.571300562313745, 37.054719586764826 ], [ 14.568390616643326, 37.052611310203723 ], [ 14.564638701305514, 37.051828895707352 ], [ 14.561382895012493, 37.052991514143145 ], [ 14.558922819685009, 37.054148621050807 ], [ 14.55134369175344, 37.056098698392177 ], [ 14.550679637291276, 37.056186140265012 ], [ 14.54886994174112, 37.055886223608425 ], [ 14.548352309187184, 37.055742672229393 ], [ 14.546884422297857, 37.055225388545956 ], [ 14.540723892140777, 37.058909167873715 ], [ 14.534116040928225, 37.063073041392386 ], [ 14.533921089860092, 37.063389733670817 ], [ 14.533718018018719, 37.063719616683954 ], [ 14.533253114222115, 37.064642270944894 ], [ 14.533205817194425, 37.064736136201624 ], [ 14.532910004924423, 37.065330651990152 ], [ 14.533477660530151, 37.071446502739683 ], [ 14.533524628182038, 37.071639845611955 ], [ 14.533545464811722, 37.071734401024202 ], [ 14.533961215478422, 37.075447782652219 ], [ 14.532891004117877, 37.075407610361445 ], [ 14.531992624086882, 37.075256571564296 ], [ 14.520259243104078, 37.071707867310444 ], [ 14.511270685589766, 37.06752438061082 ], [ 14.504325484002026, 37.063762925264044 ], [ 14.495879722602041, 37.060194482298343 ], [ 14.489625816711815, 37.05849981425677 ], [ 14.479074502456022, 37.054814954520786 ], [ 14.477166514266216, 37.053162558831445 ], [ 14.47709073418522, 37.053103162151622 ], [ 14.47661099128972, 37.052727139951472 ], [ 14.476450703256022, 37.052601507846106 ], [ 14.476339781394341, 37.052528746858933 ], [ 14.475682766353504, 37.052114291912204 ], [ 14.475304258635925, 37.051944900055759 ], [ 14.474937773234691, 37.05178250215846 ], [ 14.471852557783796, 37.050732391521116 ], [ 14.471627031224585, 37.050665225772754 ], [ 14.47148462659406, 37.050622815285195 ], [ 14.471321918984417, 37.050574358338991 ], [ 14.471021791483247, 37.050484976394507 ], [ 14.470404350627161, 37.050391991206304 ], [ 14.465951500083181, 37.050138725419487 ], [ 14.46580382488702, 37.050137872003191 ], [ 14.465721533156211, 37.050137396548898 ], [ 14.465411186996405, 37.050135603114398 ], [ 14.46534542486248, 37.050135223384117 ], [ 14.46489902274473, 37.050198916051066 ], [ 14.464365632215312, 37.050275027579985 ], [ 14.463989846692199, 37.050372986446426 ], [ 14.463442229517437, 37.050515748232023 ], [ 14.445899959157462, 37.054842722592333 ], [ 14.44410853103606, 37.052935512662309 ], [ 14.443245015501816, 37.053396150516612 ], [ 14.442589781056469, 37.053853945293625 ], [ 14.442485403800891, 37.053981071724102 ], [ 14.442215265596142, 37.054310085990934 ], [ 14.441872133180148, 37.054838350286587 ], [ 14.441782751125869, 37.054975956487795 ], [ 14.441349773737025, 37.055713867888699 ], [ 14.441038275991936, 37.056765818681413 ], [ 14.442844005995747, 37.060596827327764 ], [ 14.443645393393689, 37.064764385961745 ], [ 14.442341540109057, 37.067714406148205 ], [ 14.437373725627294, 37.073240615722277 ], [ 14.43300638511664, 37.080978583256666 ], [ 14.428824251245263, 37.091260010149831 ], [ 14.429473181313222, 37.094723433473675 ], [ 14.433174420339686, 37.099007609358388 ], [ 14.444201907245127, 37.098011976507117 ], [ 14.44865301273966, 37.097483564152952 ], [ 14.452840837711719, 37.097998019885239 ], [ 14.454803068063532, 37.102567258780937 ], [ 14.456595615387544, 37.10848057670681 ], [ 14.462061452280262, 37.113823522366921 ], [ 14.468532695801647, 37.120215789015909 ], [ 14.47563591708785, 37.131651540405265 ], [ 14.474020264564329, 37.137351000363395 ], [ 14.468286730273535, 37.142687379651591 ], [ 14.458706395256041, 37.155479418286895 ], [ 14.454765018548397, 37.162730349419292 ], [ 14.451442810425947, 37.169075227772645 ], [ 14.446892014264195, 37.173660243573323 ], [ 14.438311616926836, 37.179039796335921 ], [ 14.43235514454598, 37.184987052667083 ], [ 14.432410483378989, 37.185358367348705 ], [ 14.432462420079627, 37.185706859582382 ], [ 14.43206533783688, 37.189058551914592 ], [ 14.431935513433714, 37.18978701258078 ], [ 14.431239913675313, 37.189542164381919 ], [ 14.431084852148874, 37.189462461729818 ], [ 14.430689255170973, 37.189259119058164 ], [ 14.429165321820856, 37.188233046839777 ], [ 14.423079683095844, 37.183546658660283 ], [ 14.420273015481328, 37.18118454869736 ], [ 14.4201971748664, 37.180978004311228 ], [ 14.42009427229064, 37.180697757565774 ], [ 14.420051943069959, 37.180582477385165 ], [ 14.419062858514545, 37.179229407784455 ], [ 14.419038782702158, 37.17920320891934 ], [ 14.417185846473242, 37.17842014211358 ], [ 14.414830368772853, 37.177715571428436 ], [ 14.413840490597334, 37.177456225305257 ], [ 14.412528651574917, 37.17730136552094 ], [ 14.410693320985896, 37.177272897210514 ], [ 14.410453725886727, 37.177298282795356 ], [ 14.409645723303857, 37.1773838969671 ], [ 14.403792924001021, 37.17810417298044 ], [ 14.3984124610016, 37.179059173454533 ], [ 14.398302849860542, 37.180095052319658 ], [ 14.397837533288984, 37.181264082966024 ], [ 14.39781922405751, 37.181310079384289 ], [ 14.396928150963422, 37.182827344785565 ], [ 14.396879938603881, 37.182895970392117 ], [ 14.39666947014536, 37.183195544240476 ], [ 14.396416778950728, 37.183555211729903 ], [ 14.395858985394426, 37.184174898074261 ], [ 14.394586308949391, 37.18552950554102 ], [ 14.393985034219726, 37.186121907756551 ], [ 14.393755752603264, 37.186312370029292 ], [ 14.393487313216495, 37.186535358078274 ], [ 14.393155933055546, 37.186810625915179 ], [ 14.392601760932108, 37.187267710723212 ], [ 14.391932302908726, 37.187732687933178 ], [ 14.389904508697306, 37.188841710897961 ], [ 14.389047105368933, 37.18925985029211 ], [ 14.388100829604165, 37.189354789143785 ], [ 14.387043804864245, 37.189069883830214 ], [ 14.381255857641063, 37.196952769782882 ], [ 14.37966134331033, 37.203664263804271 ], [ 14.376849131409049, 37.205339752116224 ], [ 14.375372819008719, 37.206335370345293 ], [ 14.378260747221523, 37.221248203481075 ], [ 14.380331620477362, 37.230066362758961 ], [ 14.382223879561813, 37.241110439777678 ], [ 14.38200937126342, 37.243496283328291 ], [ 14.382264900902225, 37.250132179182835 ], [ 14.383382174919163, 37.256851739987447 ], [ 14.383582023563049, 37.257304038736557 ], [ 14.385028616363732, 37.258239669702725 ], [ 14.386811961355811, 37.259385016616619 ], [ 14.388241383028822, 37.259862227278582 ], [ 14.390326050853687, 37.267010765651719 ], [ 14.385290183627726, 37.279135581524663 ], [ 14.38091251535416, 37.285364709413464 ], [ 14.380051223476077, 37.283527467525197 ], [ 14.374310745771847, 37.280691809169262 ], [ 14.373998286879596, 37.280564406577206 ], [ 14.373501313528919, 37.280361768409087 ], [ 14.370081496160054, 37.279435560382595 ], [ 14.36988998147644, 37.279386111684609 ], [ 14.369359518041247, 37.279249293205382 ], [ 14.369094752528021, 37.279202032053831 ], [ 14.366587938299183, 37.278756355447413 ], [ 14.365399284149751, 37.278610253432852 ], [ 14.359749031825054, 37.277937182079988 ], [ 14.357102163807518, 37.277701526436012 ], [ 14.355757396224188, 37.277625427978641 ], [ 14.35339813148379, 37.277820250287121 ], [ 14.352787936863253, 37.278052763840655 ], [ 14.352489220060319, 37.278635762697782 ], [ 14.352403618544963, 37.278868897895251 ], [ 14.352350549091669, 37.279013449873489 ], [ 14.3523540627702, 37.280014917057187 ], [ 14.352579062917508, 37.30245631664576 ], [ 14.352658970213863, 37.306132565927314 ], [ 14.353889417801664, 37.306126124251684 ], [ 14.356862922768901, 37.305811768894735 ], [ 14.358970098024392, 37.305283749228678 ], [ 14.375497197902801, 37.299843772206472 ], [ 14.382380552927257, 37.296643693491596 ], [ 14.383297970469888, 37.296411495637614 ], [ 14.383432849981023, 37.296377357386426 ], [ 14.384780923874265, 37.296251950637156 ], [ 14.387840295988466, 37.29675555704916 ], [ 14.390781493898908, 37.297588782963992 ], [ 14.390890485387942, 37.297695785675891 ], [ 14.39139473002615, 37.298176917071181 ], [ 14.39212298572159, 37.298776125777934 ], [ 14.392549999662393, 37.29910324212063 ], [ 14.393124451898306, 37.299187288095034 ], [ 14.393890870739224, 37.299217530017799 ], [ 14.397503940590729, 37.29904554993702 ], [ 14.400372538166902, 37.298894054067375 ], [ 14.405064504431373, 37.297362903945007 ], [ 14.412241936830384, 37.294162564013355 ], [ 14.42105310193158, 37.292804975202081 ], [ 14.429659962057341, 37.293003434272507 ], [ 14.43377242906738, 37.296782242581934 ], [ 14.436534670675961, 37.300175215877964 ], [ 14.436859638218451, 37.300520362202604 ], [ 14.437339987300389, 37.300808310611693 ], [ 14.437376288384408, 37.300830071239737 ], [ 14.437467744519147, 37.300884832879994 ], [ 14.440959563214333, 37.302856744535063 ], [ 14.442175351874228, 37.303421878041874 ], [ 14.444946096460702, 37.302829946772583 ], [ 14.446391037826251, 37.302475608640542 ], [ 14.447162349489998, 37.302163068041388 ], [ 14.447951983170423, 37.301843096225475 ], [ 14.448783031755493, 37.301762374160731 ], [ 14.449298193861509, 37.301712333858731 ], [ 14.44945372145936, 37.301697226419748 ], [ 14.450090867553708, 37.301795942233611 ], [ 14.450953267595736, 37.301929553077514 ], [ 14.452912147305417, 37.302435496460909 ], [ 14.453518950420147, 37.302760818792336 ], [ 14.454221885817871, 37.303150571296015 ], [ 14.454879162582058, 37.303607252477484 ], [ 14.455289484292322, 37.304535856970382 ], [ 14.455760084558685, 37.308288614685601 ], [ 14.455640961089124, 37.309171909652619 ], [ 14.45538471445284, 37.309854360632151 ], [ 14.45536483136568, 37.309907310648931 ], [ 14.450572714433365, 37.316402251805364 ], [ 14.448811159610377, 37.318426906919306 ], [ 14.445769352703069, 37.320705598531823 ], [ 14.442381203166214, 37.322003729274989 ], [ 14.43929839574224, 37.323003458084855 ], [ 14.436311554071077, 37.323908653524612 ], [ 14.435710765669318, 37.324150522112696 ], [ 14.435225651877033, 37.324345822885434 ], [ 14.435194090112912, 37.324365452626886 ], [ 14.435083963679968, 37.324433945637821 ], [ 14.434420532980992, 37.324846566100334 ], [ 14.431148434723738, 37.32756090204397 ], [ 14.429538292033678, 37.328936337166525 ], [ 14.425027970679849, 37.333158703806824 ], [ 14.422384741577305, 37.337009982896149 ], [ 14.422043928770231, 37.337828827954723 ], [ 14.422047402738247, 37.337941567683771 ], [ 14.422066907209441, 37.338250773356364 ], [ 14.422081945729493, 37.338489168749376 ], [ 14.422091423002563, 37.338630524732757 ], [ 14.422217086619108, 37.338764668974171 ], [ 14.422508469327981, 37.339075706727179 ], [ 14.422938726216634, 37.339223246665945 ], [ 14.423010238464565, 37.339247767986741 ], [ 14.42438616423466, 37.339706682312674 ], [ 14.426289974176074, 37.340121042716135 ], [ 14.427463108035447, 37.340370913213334 ], [ 14.428479493830142, 37.340294878584174 ], [ 14.429129753219739, 37.339852193568831 ], [ 14.437313030158561, 37.339498609509342 ], [ 14.437531039019513, 37.340652220843047 ], [ 14.437816999702866, 37.341663138194626 ], [ 14.438202411442788, 37.342407270495855 ], [ 14.438406776181381, 37.342801838011987 ], [ 14.440742215359938, 37.345537399589752 ], [ 14.443019135428136, 37.34693691232377 ], [ 14.446300480237147, 37.348555168504909 ], [ 14.447976589273615, 37.3462900184647 ], [ 14.450049247225591, 37.342462938617054 ], [ 14.459494237180149, 37.333603058715028 ], [ 14.466199419981853, 37.328708055338574 ], [ 14.473860239647177, 37.322638167175427 ], [ 14.48135941746909, 37.31721905954452 ], [ 14.4865768732306, 37.313635360758298 ], [ 14.497459989505126, 37.309238301810637 ], [ 14.501950710632617, 37.309102160665553 ], [ 14.506901430984977, 37.310026840244603 ], [ 14.509559122318278, 37.312497829802311 ], [ 14.51118549284074, 37.317400399685795 ], [ 14.513538519198661, 37.318898029474198 ], [ 14.517743067363051, 37.321370674809948 ], [ 14.519380131928983, 37.325088055476783 ], [ 14.516512668176464, 37.329232573545241 ], [ 14.512337492620579, 37.334872774830203 ], [ 14.505882023063419, 37.338136213901159 ], [ 14.499094005082943, 37.340271483547696 ], [ 14.49577228385583, 37.342339426234851 ], [ 14.491196578573033, 37.347900267308518 ], [ 14.49280121124969, 37.349267096453232 ], [ 14.499032137338078, 37.34875067946777 ], [ 14.50284233051806, 37.348821032359119 ], [ 14.51425040435662, 37.351313150895358 ], [ 14.520914858010849, 37.354728856538664 ], [ 14.532225735114263, 37.360741479388231 ], [ 14.539072467844479, 37.363771277708139 ], [ 14.540087588722855, 37.363991427069486 ], [ 14.542448741718967, 37.363909720820111 ], [ 14.55541926267454, 37.362752394498855 ], [ 14.565300958157396, 37.361048990879659 ], [ 14.566961992657706, 37.360531240040721 ], [ 14.569164771359752, 37.360359699469356 ], [ 14.569898689225271, 37.360399297298009 ], [ 14.576134758135352, 37.361907326497686 ], [ 14.581407307319365, 37.364153791107803 ], [ 14.581834396323838, 37.364579185053771 ], [ 14.58972641343912, 37.377360165669529 ], [ 14.591079436630514, 37.38272066187735 ], [ 14.586025529155192, 37.387650667279857 ], [ 14.582415410916113, 37.388097722209523 ], [ 14.581296111912136, 37.388265514891799 ], [ 14.578374130125523, 37.389605658605369 ], [ 14.578304461179657, 37.389939810652749 ], [ 14.580699555367351, 37.400089293368644 ], [ 14.582803508826659, 37.403691940436865 ], [ 14.587365549392807, 37.408323583966755 ], [ 14.59326595410035, 37.410327480720532 ], [ 14.600281035932408, 37.412450353335018 ], [ 14.605543212502582, 37.411054604687976 ], [ 14.611056416136279, 37.411255197065501 ], [ 14.6147555143971, 37.411803663580955 ], [ 14.616047430625201, 37.412080387117591 ], [ 14.619283802385478, 37.413361986551706 ], [ 14.621212259216138, 37.414170246106792 ], [ 14.6214955301917, 37.41431008350672 ], [ 14.622147666632863, 37.414632008008333 ], [ 14.623013104077309, 37.415250439677315 ], [ 14.623059950202132, 37.415283915107949 ], [ 14.623160310470681, 37.415443063679582 ], [ 14.623720224874951, 37.416330954906741 ], [ 14.632745884014254, 37.424569307369559 ], [ 14.633230580143342, 37.428795803698122 ], [ 14.632935041659842, 37.429618828972131 ], [ 14.63213951383975, 37.430356787294521 ], [ 14.624315912184359, 37.435218165605718 ], [ 14.617376622004031, 37.435069854926063 ], [ 14.612904898757982, 37.433991110454535 ], [ 14.61016500261937, 37.437164443169358 ], [ 14.608476314000768, 37.440357412730151 ], [ 14.59979134566022, 37.442126111381455 ], [ 14.597119207244621, 37.443618492377425 ], [ 14.592443116536009, 37.447045439401649 ], [ 14.591344289457732, 37.448026382407122 ], [ 14.590348415841401, 37.448748549244947 ], [ 14.589011704988145, 37.449621893070898 ], [ 14.588038114629393, 37.450106237323453 ], [ 14.581841787361409, 37.45062255548951 ], [ 14.578695604502949, 37.449304690774881 ], [ 14.570162454683706, 37.44687663137659 ], [ 14.561614823419452, 37.446801063408351 ], [ 14.555224765259732, 37.445405552481283 ], [ 14.554764646892062, 37.444891604982381 ], [ 14.553937615511995, 37.444977849533096 ], [ 14.548193184195998, 37.447235835480541 ], [ 14.543860979342607, 37.449346089763964 ], [ 14.538317268614023, 37.453696331277442 ], [ 14.533806259819141, 37.455572201358862 ], [ 14.531010919667397, 37.457651901871095 ], [ 14.528379361737837, 37.459729925318911 ], [ 14.526169848441691, 37.461527444688372 ], [ 14.524525087770483, 37.464242400866119 ], [ 14.517847037213235, 37.475842557860325 ], [ 14.516914048874765, 37.47797175035128 ], [ 14.516420431915094, 37.479849641273439 ], [ 14.516508416133219, 37.481042710076522 ], [ 14.521592632154976, 37.490691580674017 ], [ 14.522680708799193, 37.492751085451125 ], [ 14.525250515287089, 37.494340460049294 ], [ 14.526309524891134, 37.494977237968108 ], [ 14.527322562362183, 37.495908730363979 ], [ 14.527546484030809, 37.496378605375064 ], [ 14.527603403578789, 37.496498044788595 ], [ 14.52779152388333, 37.496892795998257 ], [ 14.519148977497274, 37.499431193929539 ], [ 14.51483151493029, 37.500563583365206 ], [ 14.513318883360709, 37.500890990117071 ], [ 14.512377959561354, 37.501031817768357 ], [ 14.511033251780239, 37.500916961356737 ], [ 14.510877576657458, 37.50089856758558 ], [ 14.509777908550154, 37.500768629248313 ], [ 14.499941434248312, 37.503285599292887 ], [ 14.498536526493206, 37.503677556100001 ], [ 14.496778365204332, 37.504317803190965 ], [ 14.495893677995987, 37.504667449966036 ], [ 14.488152813821628, 37.508255995840933 ], [ 14.487836496172562, 37.508555474035326 ], [ 14.487717590260758, 37.509533317793952 ], [ 14.487760486205916, 37.510242560486333 ], [ 14.489288240972597, 37.511414838129078 ], [ 14.490653284975897, 37.511612275963948 ], [ 14.492021678004017, 37.511672252318057 ], [ 14.493269158318046, 37.511557790446858 ], [ 14.494650093808245, 37.511106240355403 ], [ 14.506458202944382, 37.51245874697603 ], [ 14.510870627814326, 37.514352207589248 ], [ 14.51595874519789, 37.515826742905681 ], [ 14.522533586352255, 37.516733634764392 ], [ 14.523263125133271, 37.51660516702578 ], [ 14.526534971859508, 37.518357941172518 ], [ 14.526593164763268, 37.518405838697291 ], [ 14.530130933254171, 37.521998179547616 ], [ 14.530579220986576, 37.522453348505472 ], [ 14.532059212766047, 37.524026820823686 ], [ 14.535781274359985, 37.529142402349549 ], [ 14.537853438981736, 37.534465330632372 ], [ 14.541089320240294, 37.540345423626761 ], [ 14.541526567203951, 37.541123827309278 ], [ 14.541963517546918, 37.541764957836669 ], [ 14.542459022079607, 37.542252529520077 ], [ 14.54297712593395, 37.54260622936085 ], [ 14.543395079353116, 37.542744095459227 ], [ 14.544209471625241, 37.542872287091448 ], [ 14.545207384330938, 37.542588966669626 ], [ 14.545357937894767, 37.54252553817377 ], [ 14.545909413566255, 37.542293194095436 ], [ 14.546187729574163, 37.541987840171288 ], [ 14.546260323614709, 37.541907637598925 ], [ 14.546538102765524, 37.541592251306476 ], [ 14.546688755681236, 37.541172344633985 ], [ 14.546699091903411, 37.541143533297991 ], [ 14.546694512270179, 37.541063697063144 ], [ 14.556005662450664, 37.540826172273896 ], [ 14.561949050330147, 37.540741299479969 ], [ 14.561322281003207, 37.543415423903745 ], [ 14.56584699594347, 37.54446970275734 ], [ 14.573047961438988, 37.545777329186187 ], [ 14.577071450828043, 37.544725095505491 ], [ 14.579749856225412, 37.547591478837639 ], [ 14.579215528796528, 37.548006181190615 ], [ 14.579212330471137, 37.54808421586057 ], [ 14.579189010413202, 37.548653365656179 ], [ 14.579683937563413, 37.549233074504478 ], [ 14.57979233346912, 37.549318403703545 ], [ 14.580304166149357, 37.549721311561271 ], [ 14.581140554803859, 37.549877455487284 ], [ 14.581877674221746, 37.549745724077816 ], [ 14.58246996883339, 37.549421470136913 ], [ 14.582575351725906, 37.549356073728539 ], [ 14.582725132549307, 37.549263124769219 ], [ 14.583103808274917, 37.549028128648438 ], [ 14.587138735836193, 37.546212440409413 ], [ 14.587660925112367, 37.545829262076545 ], [ 14.587797859740744, 37.545728778569895 ], [ 14.588309602876736, 37.545315129225607 ], [ 14.589584678965128, 37.543913214412292 ], [ 14.589767657846151, 37.543699536539016 ], [ 14.589869533351647, 37.543580320485788 ], [ 14.589909407276787, 37.543488960619868 ], [ 14.589924702550249, 37.543453659123799 ], [ 14.590018010116426, 37.543238253581883 ], [ 14.59006724649986, 37.543124587296532 ], [ 14.59000830904729, 37.542445948618848 ], [ 14.589994624592023, 37.542312789359066 ], [ 14.589979572309952, 37.542166318191228 ], [ 14.589987093445957, 37.542106639728061 ], [ 14.59005071279209, 37.541606720085213 ], [ 14.590271911092533, 37.54042813671316 ], [ 14.590889688365706, 37.539185711424331 ], [ 14.590967297643546, 37.539045715259569 ], [ 14.591393275642737, 37.538277312447498 ], [ 14.591704903917714, 37.537916972882186 ], [ 14.591860135040445, 37.537737485903158 ], [ 14.592217141274185, 37.537473870500918 ], [ 14.592294231246109, 37.537416946540262 ], [ 14.592417195555321, 37.537326148835213 ], [ 14.593030676991809, 37.536885158807117 ], [ 14.594244649428287, 37.536377349228353 ], [ 14.5945392108201, 37.53630388048181 ], [ 14.594676676048843, 37.536270129893929 ], [ 14.596126129722911, 37.535914305111312 ], [ 14.596527945013573, 37.535876253790619 ], [ 14.596864593891318, 37.535844373870702 ], [ 14.597157605390926, 37.535816625857784 ], [ 14.597224091384989, 37.535810329863061 ], [ 14.597426851893511, 37.535804564208959 ], [ 14.598401518106778, 37.535776849255107 ], [ 14.600540634395955, 37.53586639386404 ], [ 14.600823933716134, 37.535879560456188 ], [ 14.601784967217077, 37.535924222904939 ], [ 14.61837488557561, 37.536600915399269 ], [ 14.632816278229042, 37.536442418954572 ], [ 14.637303079988936, 37.543059805178842 ], [ 14.642374877718252, 37.545355400304103 ], [ 14.649223961128396, 37.547684760875768 ], [ 14.653179979730748, 37.549020686715323 ], [ 14.654457673475836, 37.549375657857183 ], [ 14.665681751736923, 37.553285173440734 ], [ 14.666618229745163, 37.55415154424945 ], [ 14.67399458398879, 37.557975390199488 ], [ 14.674633452308834, 37.557998673158117 ], [ 14.674710977418268, 37.558001497416335 ], [ 14.675350171976326, 37.558024769704275 ], [ 14.679664897827742, 37.557884137980267 ], [ 14.684642209299117, 37.556230453911269 ], [ 14.689596681860348, 37.554173920331259 ], [ 14.693916920209867, 37.556272678733308 ], [ 14.693517325164857, 37.557027931350099 ], [ 14.693787110854025, 37.557534742660224 ], [ 14.694776673092681, 37.558933934041761 ], [ 14.69522998855893, 37.559150559801864 ], [ 14.695644609096027, 37.559328389549869 ], [ 14.696031528308275, 37.559494335427196 ], [ 14.697106440005911, 37.559678612515086 ], [ 14.697156193531704, 37.559681086494379 ], [ 14.697886125124009, 37.559717371351447 ], [ 14.698431938956849, 37.559645939149625 ], [ 14.69928117305839, 37.559503540073528 ], [ 14.699790843427706, 37.559116510208966 ], [ 14.699908861287961, 37.558478414556497 ], [ 14.699451142323893, 37.549467090794579 ], [ 14.702089516127547, 37.548869299393409 ], [ 14.707405714021954, 37.54950653763651 ], [ 14.712927411480642, 37.54535164203061 ], [ 14.712220203471317, 37.5423372600048 ], [ 14.714811643914249, 37.53971339445684 ], [ 14.722723464502259, 37.539443732557906 ], [ 14.728455924384255, 37.535138738127642 ], [ 14.728838679543552, 37.532660332722926 ], [ 14.733232424117743, 37.528568824001852 ], [ 14.741760827438659, 37.527102122626815 ], [ 14.757729984024214, 37.509783466163867 ], [ 14.763948343575038, 37.504361641264445 ], [ 14.764127831407887, 37.504838964171583 ], [ 14.764361840361181, 37.50530008467117 ], [ 14.764802270315803, 37.506102185270059 ], [ 14.766985592966197, 37.509071058784883 ], [ 14.768571691465537, 37.509273481823925 ], [ 14.771456404833248, 37.509306846723206 ], [ 14.77172444467717, 37.509269959329529 ], [ 14.772283446278367, 37.50919302075814 ], [ 14.772496613652198, 37.509163621989281 ], [ 14.772850179861488, 37.508732393772242 ], [ 14.773773790923931, 37.506667809626329 ], [ 14.774615832128436, 37.504264506593117 ], [ 14.777474458126392, 37.502008539375879 ], [ 14.784599332826357, 37.502607044569999 ], [ 14.786555741645319, 37.503684650940521 ], [ 14.790518455535789, 37.506449096898749 ], [ 14.790836902574897, 37.506801220516529 ], [ 14.790991941401741, 37.506972654342121 ], [ 14.791252199987033, 37.507387441211968 ], [ 14.791644941900534, 37.508153503668524 ], [ 14.79248815652045, 37.510211650377094 ], [ 14.793820804959037, 37.514562601018191 ], [ 14.794003216965651, 37.518669085164511 ], [ 14.791164767991745, 37.526252487581864 ], [ 14.791119740941916, 37.526590980590171 ], [ 14.791059475465188, 37.527044028612686 ], [ 14.791037607725453, 37.527208423814038 ], [ 14.791100351673544, 37.527526390440372 ], [ 14.7911816156213, 37.527938185333184 ], [ 14.791192424761336, 37.527992958288507 ], [ 14.791699980186795, 37.528562082686854 ], [ 14.793545532711475, 37.530522340343396 ], [ 14.795482389260705, 37.53147633037905 ], [ 14.797283315542231, 37.531878839003433 ], [ 14.799125453824775, 37.532629748763433 ], [ 14.799493327748317, 37.535416586073303 ], [ 14.801651464442079, 37.553933571138948 ], [ 14.801660246162841, 37.554446229728903 ], [ 14.801431146016252, 37.55491662051827 ], [ 14.801047782614468, 37.555257328962817 ], [ 14.799064091953388, 37.556129249800243 ], [ 14.791958221980329, 37.559092540558403 ], [ 14.791921836077838, 37.559062253100713 ], [ 14.791492860282993, 37.559153146301398 ], [ 14.791328027642804, 37.559250078569505 ], [ 14.791050179502596, 37.559413472394105 ], [ 14.790708428665704, 37.559772361329436 ], [ 14.790663004602161, 37.560206666409378 ], [ 14.790707111707171, 37.560701846696411 ], [ 14.790852303016566, 37.561342815652125 ], [ 14.791004623506133, 37.561666123407072 ], [ 14.791051885832884, 37.561765079293146 ], [ 14.794844225155508, 37.566765560911854 ], [ 14.796241099959778, 37.568231313766667 ], [ 14.796285531704134, 37.56827599488664 ], [ 14.796594210336462, 37.568582149792348 ], [ 14.796923085177408, 37.568908331274372 ], [ 14.797001590287273, 37.568986191431065 ], [ 14.805529079779378, 37.576905691347086 ], [ 14.811225846459926, 37.58179131023217 ], [ 14.819913353866427, 37.585708717934757 ], [ 14.822664762235711, 37.586469057159015 ], [ 14.82467134897915, 37.586824284127033 ], [ 14.82470303368993, 37.586828881265845 ], [ 14.82560810795453, 37.586960179289498 ], [ 14.827222431152437, 37.589639175192993 ], [ 14.828845167350877, 37.598195720844828 ], [ 14.828832315921803, 37.598916490222109 ], [ 14.828051500150607, 37.608307755900171 ], [ 14.828004179048952, 37.608551281206658 ], [ 14.827937579090472, 37.608893994335794 ], [ 14.827778458249034, 37.609273200194956 ], [ 14.826992329421245, 37.610405836301382 ], [ 14.826334543516957, 37.611109041161747 ], [ 14.826257853444471, 37.611169888137731 ], [ 14.82610048185313, 37.611294745713977 ], [ 14.825744591866783, 37.611577098620714 ], [ 14.825018144189016, 37.61205414401968 ], [ 14.82427046739506, 37.612241956706676 ], [ 14.823130530810698, 37.619529691424134 ], [ 14.825938000727925, 37.624698107090175 ], [ 14.825867118915246, 37.631711930081849 ], [ 14.825717691118069, 37.632576733639617 ], [ 14.825466483325949, 37.633262043641977 ], [ 14.825090723837581, 37.633883748050636 ], [ 14.824659120993822, 37.634515001493071 ], [ 14.823733377095895, 37.63586071078818 ], [ 14.82281770235204, 37.636656310572612 ], [ 14.822294693328081, 37.637087268805665 ], [ 14.821614715398159, 37.637465253429937 ], [ 14.82082079317127, 37.637590083633782 ], [ 14.819835234846618, 37.637625359595191 ], [ 14.809837389351662, 37.642206555999941 ], [ 14.80478352809156, 37.646218855735015 ], [ 14.797313689988643, 37.645979831754758 ], [ 14.793434340128568, 37.651128726451603 ], [ 14.793172246216468, 37.651479213691466 ], [ 14.792693789603842, 37.652146260771225 ], [ 14.792420726221156, 37.652758476652714 ], [ 14.792454219274376, 37.653074563952231 ], [ 14.791937193690137, 37.663222610009115 ], [ 14.791799351841821, 37.66424146063666 ], [ 14.791771385929232, 37.666061160007011 ], [ 14.791853991962041, 37.673055888581864 ], [ 14.791931525582044, 37.673641670540533 ], [ 14.792379971036768, 37.675606704305977 ], [ 14.792617641504842, 37.676094572005894 ], [ 14.793067655110692, 37.676682254569201 ], [ 14.795212395494946, 37.679072980902177 ], [ 14.797931118054166, 37.681944978407813 ], [ 14.798701219767253, 37.682181258760238 ], [ 14.799120181201818, 37.682324863900817 ], [ 14.799856344013875, 37.682740867237371 ], [ 14.800331993733659, 37.683048197246308 ], [ 14.800959371644598, 37.684062829305027 ], [ 14.801800229870787, 37.685484939510935 ], [ 14.801844555902617, 37.685562068802241 ], [ 14.802172264402575, 37.686132696287885 ], [ 14.802351653113652, 37.68665706294594 ], [ 14.802361189880303, 37.68672501123536 ], [ 14.802451629284164, 37.687415128023851 ], [ 14.802427140012552, 37.688134208215082 ], [ 14.80189738573751, 37.691162731936132 ], [ 14.801715085373857, 37.691396170974926 ], [ 14.80168407925205, 37.691426096607032 ], [ 14.800967357068497, 37.691395106799959 ], [ 14.800127623636808, 37.691303784519796 ], [ 14.799297067524364, 37.696529716447117 ], [ 14.798630717635707, 37.703703146618167 ], [ 14.7984217231235, 37.709598283476474 ], [ 14.7986825308238, 37.71101522195778 ], [ 14.798222465368326, 37.71209483464051 ], [ 14.7979588552039, 37.712559793194508 ], [ 14.797861499795625, 37.712731501400327 ], [ 14.770284089237418, 37.699092141089736 ], [ 14.761083557268877, 37.694179186436259 ], [ 14.752697626475994, 37.686870237877123 ], [ 14.752380568059928, 37.686606695831451 ], [ 14.751983571858672, 37.68641682512304 ], [ 14.751214217580539, 37.686209186356493 ], [ 14.750601796580002, 37.686135619648987 ], [ 14.747708469700912, 37.686218653732602 ], [ 14.747517199101125, 37.686307124993711 ], [ 14.74743239758519, 37.686346349586316 ], [ 14.747300437032996, 37.686407387308776 ], [ 14.746132394478309, 37.687070920803613 ], [ 14.745866726744637, 37.687512694314066 ], [ 14.738300371465401, 37.691062927652681 ], [ 14.734502543265128, 37.690858309589849 ], [ 14.733427678599487, 37.687062453613891 ], [ 14.729018282617204, 37.68305107123529 ], [ 14.728566241732706, 37.682679275749116 ], [ 14.72803499171871, 37.682354090669058 ], [ 14.725316069021204, 37.681392832211948 ], [ 14.724931023560574, 37.681274294569874 ], [ 14.724412381603097, 37.6813532231496 ], [ 14.72435471010491, 37.681370797777667 ], [ 14.724172114780512, 37.681428127192717 ], [ 14.724069684563851, 37.681460287938258 ], [ 14.723543184628399, 37.681728965981492 ], [ 14.72316478157734, 37.682047677356188 ], [ 14.722855307955818, 37.682308330901989 ], [ 14.722754782475931, 37.682392998320928 ], [ 14.722322902025342, 37.683136421200089 ], [ 14.722142638394569, 37.683447734645625 ], [ 14.722112365419648, 37.683500015733259 ], [ 14.722564873654287, 37.684812107112343 ], [ 14.722789138919909, 37.684970395207579 ], [ 14.718380092878762, 37.694191239048386 ], [ 14.717021181422899, 37.696749806777518 ], [ 14.715471569743045, 37.702482514862467 ], [ 14.715624066263899, 37.707988220842751 ], [ 14.718766532274554, 37.712679900849785 ], [ 14.720666825273872, 37.716466548405741 ], [ 14.720050104065136, 37.720575891067448 ], [ 14.717657725384791, 37.725103728302273 ], [ 14.715122666644893, 37.726293305046113 ], [ 14.709095512667108, 37.727536101150676 ], [ 14.708189125990387, 37.727724180986129 ], [ 14.707844741378725, 37.727891137011909 ], [ 14.707667364562029, 37.727977134584556 ], [ 14.70647647739754, 37.728554525672003 ], [ 14.705775826703452, 37.729326717178679 ], [ 14.705805329016853, 37.729702071523725 ], [ 14.705810893418159, 37.729772864543229 ], [ 14.706269434992501, 37.731532997893076 ], [ 14.710568041668976, 37.734990189260458 ], [ 14.710922740354111, 37.735215365383766 ], [ 14.711053858807043, 37.735298603572275 ], [ 14.714450456813799, 37.737454744279717 ], [ 14.71642403647499, 37.738496684092901 ], [ 14.719159028154641, 37.739815930756741 ], [ 14.720931412209138, 37.740006658204855 ], [ 14.723046702653924, 37.740837365564389 ], [ 14.723806389090239, 37.741191097293459 ], [ 14.723895542905831, 37.741232612389808 ], [ 14.724538218851356, 37.741563618115052 ], [ 14.727065559666746, 37.74287624349185 ], [ 14.727614822925249, 37.743162285109157 ], [ 14.728244808557863, 37.743493888018811 ], [ 14.735426504052406, 37.752107100722732 ], [ 14.732922173812938, 37.75843841097408 ], [ 14.728721532131578, 37.761033377636245 ], [ 14.72641756603705, 37.761316759069651 ], [ 14.724191193608704, 37.761632318412495 ], [ 14.723839514222856, 37.761712471597178 ], [ 14.721403580290495, 37.763158951321586 ], [ 14.716368657307459, 37.767153609550242 ], [ 14.714614233652517, 37.769291244051495 ], [ 14.71444844197906, 37.770613597074082 ], [ 14.714396154773295, 37.776035991678619 ], [ 14.716544083107644, 37.77824430644074 ], [ 14.719428265839186, 37.780993498483639 ], [ 14.720345957109913, 37.781722964927724 ], [ 14.720675402180889, 37.781949977833875 ], [ 14.723000819204302, 37.783296844146584 ], [ 14.726321046188614, 37.784496919267511 ], [ 14.727363447235508, 37.784842810296794 ], [ 14.741353639727121, 37.788938987351649 ], [ 14.742273061239464, 37.789020056395124 ], [ 14.744232064372165, 37.789555219590547 ], [ 14.744441187046327, 37.790241676855011 ], [ 14.744835201876572, 37.793373158534415 ], [ 14.744889621023415, 37.794000614093299 ], [ 14.744877097929301, 37.794496338563 ], [ 14.744761822835301, 37.794965565508001 ], [ 14.744716472777025, 37.795125488856378 ], [ 14.744646625000875, 37.7953717913799 ], [ 14.743006273669083, 37.797923510314931 ], [ 14.741895534570311, 37.799350151561839 ], [ 14.739636667388616, 37.802219663301756 ], [ 14.739371939489741, 37.803029272022357 ], [ 14.739326658488167, 37.803237629861634 ], [ 14.739279996138926, 37.803452352970908 ], [ 14.738940011615828, 37.806471099841367 ], [ 14.738386909008913, 37.811822739382407 ], [ 14.738368262521599, 37.812015151812368 ], [ 14.738355012003794, 37.812151888139923 ], [ 14.738341455483948, 37.812291800006406 ], [ 14.738533411306971, 37.812725723595875 ], [ 14.738555046277469, 37.812773221669076 ], [ 14.739399570263968, 37.814433289907555 ], [ 14.742251759984988, 37.818133021435486 ], [ 14.742430021915599, 37.818018566147693 ], [ 14.742716270447319, 37.817834777727697 ], [ 14.742922351275269, 37.817702461273704 ], [ 14.743115155787162, 37.817599674839883 ], [ 14.743291200777591, 37.817505825051185 ], [ 14.743418715966968, 37.817437850574727 ], [ 14.743480093259855, 37.81740513243637 ], [ 14.743515809393383, 37.817388648916925 ], [ 14.743981932880004, 37.817173526310043 ], [ 14.744833357819189, 37.817077865855545 ], [ 14.745560939198301, 37.817288516558449 ], [ 14.745764239452189, 37.81734737629386 ], [ 14.745832820902566, 37.81737043308916 ], [ 14.746523820285624, 37.817602753270357 ], [ 14.747125616420448, 37.818099892937852 ], [ 14.747736525775418, 37.818677607405917 ], [ 14.747942904362388, 37.819163602305402 ], [ 14.750319433835744, 37.821008617499857 ], [ 14.756247345096543, 37.822009835784698 ], [ 14.760348144259551, 37.822335289921931 ], [ 14.763875170566791, 37.822086504126993 ], [ 14.768250074529711, 37.820610499772314 ], [ 14.770773749275676, 37.817697782585576 ], [ 14.775014939649783, 37.811820760494314 ], [ 14.784212922816998, 37.809701584798859 ], [ 14.787212936222952, 37.808731096970014 ], [ 14.793142223621672, 37.806301879531034 ], [ 14.797259002028657, 37.803298037191695 ], [ 14.800936415844081, 37.804655665454945 ], [ 14.802681375060434, 37.810397982678289 ], [ 14.802699785221707, 37.810471797534717 ], [ 14.802805107381355, 37.810908388266419 ], [ 14.802769308226132, 37.811860903849912 ], [ 14.802661809217984, 37.813842079830714 ], [ 14.802448577461409, 37.816454453627202 ], [ 14.799696439191701, 37.823218354655772 ], [ 14.794613608958597, 37.833911411875171 ], [ 14.792616358022487, 37.839585554775446 ], [ 14.792528401515721, 37.842378258122224 ], [ 14.790412526226394, 37.848893419538243 ], [ 14.789443143560339, 37.851595181545044 ], [ 14.789425447147744, 37.85163476836194 ], [ 14.789060467705271, 37.85245121370523 ], [ 14.789013579028859, 37.852555254547283 ], [ 14.788897780026419, 37.852812196559363 ], [ 14.788857122816189, 37.852900888943381 ], [ 14.788449049374623, 37.853512063637595 ], [ 14.78795937956718, 37.854116823139918 ], [ 14.786803186963265, 37.855364781588001 ], [ 14.785719385313293, 37.856379645556906 ], [ 14.784128238786332, 37.85774849948799 ], [ 14.783057700919112, 37.858633058975649 ], [ 14.782524516573805, 37.859073155900312 ], [ 14.781988845284829, 37.859481604958638 ], [ 14.781081340794087, 37.860147635105363 ], [ 14.777930424047893, 37.86242451208085 ], [ 14.777810236984486, 37.862480883106095 ], [ 14.776523518788618, 37.86308437386068 ], [ 14.776461483342258, 37.863113468050905 ], [ 14.774525138037319, 37.863813903070373 ], [ 14.760652467838241, 37.868382525764552 ], [ 14.760299598181374, 37.868489869943296 ], [ 14.759989816930421, 37.868490539591562 ], [ 14.759776465256554, 37.868490998594126 ], [ 14.75962834277771, 37.868491316130687 ], [ 14.759213618142226, 37.868459389020188 ], [ 14.759065309189879, 37.868447969358286 ], [ 14.758619378539331, 37.868409563621327 ], [ 14.758110101685618, 37.868148856095239 ], [ 14.758026980395954, 37.868106304342703 ], [ 14.757176486158325, 37.867630435821518 ], [ 14.755793141794774, 37.866492053337815 ], [ 14.755756399249874, 37.866459671846727 ], [ 14.755623102235667, 37.866342194754253 ], [ 14.755538004018943, 37.86626719539283 ], [ 14.755125544514243, 37.865903680372611 ], [ 14.754900018775146, 37.865691928230213 ], [ 14.754501423218228, 37.865317669471153 ], [ 14.746473948780501, 37.855628907980474 ], [ 14.743548585843333, 37.850366584470926 ], [ 14.743447670555351, 37.849844904236399 ], [ 14.742681493150661, 37.848068534360749 ], [ 14.74254384576944, 37.847858799134741 ], [ 14.742217844750183, 37.847362066293883 ], [ 14.741966691648127, 37.847226534107072 ], [ 14.741757068333142, 37.847113417989341 ], [ 14.741646829783747, 37.847053931383968 ], [ 14.741514265626062, 37.846982398512004 ], [ 14.740979240131661, 37.846981562917264 ], [ 14.740206296841915, 37.847041880026886 ], [ 14.739148076864625, 37.84720164896278 ], [ 14.738681680393773, 37.847463014101272 ], [ 14.738430020700735, 37.847848885089583 ], [ 14.738404577106859, 37.847903827504489 ], [ 14.738120788252326, 37.848516652297356 ], [ 14.736765412836993, 37.855878939030063 ], [ 14.738147214115564, 37.863201932272446 ], [ 14.738674624356577, 37.8654131956933 ], [ 14.739215624627734, 37.868552382585342 ], [ 14.740284455220587, 37.876541692691966 ], [ 14.738532720646367, 37.88371712213867 ], [ 14.739588161634527, 37.890114577666068 ], [ 14.73811850733787, 37.900358577021926 ], [ 14.738013308260646, 37.901268423473674 ], [ 14.738103021244841, 37.901745634859722 ], [ 14.738248266466005, 37.901948749976285 ], [ 14.738448298776614, 37.902228478501428 ], [ 14.738520034096418, 37.90228260524735 ], [ 14.738817757719788, 37.902489326684154 ], [ 14.741890384700449, 37.90165483500666 ], [ 14.75428466602621, 37.899935777162057 ], [ 14.759617551167876, 37.899944107081247 ], [ 14.759996359808474, 37.899830987421424 ], [ 14.760905681981361, 37.899111201530644 ], [ 14.762320961183208, 37.897952473224471 ], [ 14.762822379954786, 37.89743725066932 ], [ 14.763382207591102, 37.896806625445898 ], [ 14.763633928696716, 37.896348667975616 ], [ 14.76378323063134, 37.895661702241917 ], [ 14.763797079688164, 37.895021894376015 ], [ 14.763675813515798, 37.893853114977261 ], [ 14.763503030647342, 37.893322473145282 ], [ 14.763460884800882, 37.893193041105164 ], [ 14.763212704874892, 37.892561607540095 ], [ 14.763079445483273, 37.89192003159787 ], [ 14.763262198658472, 37.891478976919281 ], [ 14.763663249280251, 37.890797637013613 ], [ 14.764497463159945, 37.889518897914073 ], [ 14.765352413782812, 37.888986295486362 ], [ 14.766228784369664, 37.888673161365112 ], [ 14.766916103735859, 37.888496381079008 ], [ 14.767809261508235, 37.8886752757534 ], [ 14.768012568999342, 37.888715996652472 ], [ 14.768349008103824, 37.888825614898352 ], [ 14.769320950387794, 37.889142285734714 ], [ 14.771354585066101, 37.890090966723463 ], [ 14.771840861715649, 37.890607118405605 ], [ 14.771940672388228, 37.891065806649948 ], [ 14.772059760504172, 37.893256381934286 ], [ 14.771989114429179, 37.893786451324878 ], [ 14.777348220005431, 37.903135283921429 ], [ 14.778260505129898, 37.903384646547728 ], [ 14.778340975814771, 37.903605202541769 ], [ 14.778487318208924, 37.904095011219496 ], [ 14.778406713056841, 37.904542636906477 ], [ 14.778247729624647, 37.904883805649227 ], [ 14.778108320689864, 37.905182963645508 ], [ 14.777857354693959, 37.905703907930445 ], [ 14.777605041200777, 37.906098910164033 ], [ 14.777039110115714, 37.906875777876948 ], [ 14.776611816048604, 37.907250549682253 ], [ 14.773982062999879, 37.909464382294651 ], [ 14.772544096434201, 37.910109306451837 ], [ 14.770787567904664, 37.910827379523901 ], [ 14.770120083797233, 37.910963512520276 ], [ 14.769577428876076, 37.911062960354158 ], [ 14.768694993517618, 37.911137346442693 ], [ 14.766852408983878, 37.911294225058548 ], [ 14.764984175308451, 37.911594352881131 ], [ 14.764334259433623, 37.911711476235212 ], [ 14.763267145384456, 37.911903776231121 ], [ 14.761181727940421, 37.912514829354294 ], [ 14.757870257287586, 37.914101343875387 ], [ 14.75685926698511, 37.91547709297442 ], [ 14.756493857205836, 37.916008131960062 ], [ 14.756491934149473, 37.916764385565109 ], [ 14.756891675978904, 37.917226361131931 ], [ 14.757171990986993, 37.917487164959532 ], [ 14.759600766880359, 37.920045945101563 ], [ 14.760277942313625, 37.920966882320108 ], [ 14.7611711790158, 37.922615347265761 ], [ 14.761366718806148, 37.922996780859101 ], [ 14.761499771993783, 37.923256343310989 ], [ 14.762841096518553, 37.927659817254991 ], [ 14.762984905554861, 37.932243670593905 ], [ 14.762733429696121, 37.935807233631778 ], [ 14.764768989655304, 37.940226075407693 ], [ 14.765107099811512, 37.940542511971366 ], [ 14.768381889988248, 37.941790242298509 ], [ 14.769337527318584, 37.941981785440561 ], [ 14.769997787355832, 37.941958294936342 ], [ 14.771010194426184, 37.941777949890302 ], [ 14.774061242369694, 37.941956312106072 ], [ 14.777667727193563, 37.942395283924071 ], [ 14.778680333849129, 37.942624445827228 ], [ 14.779020642066031, 37.942868721556401 ], [ 14.779382116176405, 37.943310005853903 ], [ 14.779926806575089, 37.943985293757592 ], [ 14.780333874401656, 37.944644853067068 ], [ 14.780628799367731, 37.945215420417476 ], [ 14.781759376603235, 37.94755863711741 ], [ 14.789489292034547, 37.951732436246807 ], [ 14.801356083697828, 37.953242904297703 ], [ 14.802458417828554, 37.952949802026964 ], [ 14.804617029262962, 37.951384700650777 ], [ 14.804920853899883, 37.951104004875098 ], [ 14.805162664131879, 37.950880598621644 ], [ 14.805699809619686, 37.95019687550144 ], [ 14.807975929271503, 37.946019920732162 ], [ 14.808880553200115, 37.944089269161196 ], [ 14.823101720492811, 37.936245643852921 ], [ 14.826918351455225, 37.934926363029774 ], [ 14.827335804167982, 37.934923629277748 ], [ 14.828524473445796, 37.935096633532815 ], [ 14.829134229599688, 37.935387833480313 ], [ 14.831520289779382, 37.938504265052039 ], [ 14.834555982030404, 37.943015030629809 ], [ 14.839317004049319, 37.951329630317183 ], [ 14.839739814841014, 37.952658794222884 ], [ 14.83909224941608, 37.954985113064019 ], [ 14.840544729307368, 37.959029541083851 ], [ 14.84143434749031, 37.95892220708965 ], [ 14.84672913320067, 37.957596090772114 ], [ 14.849144559117168, 37.956768992057086 ], [ 14.850636496368171, 37.955695389798144 ], [ 14.851333232338115, 37.955129524872959 ], [ 14.8517660589677, 37.954140270011337 ], [ 14.851927193237207, 37.953272587919088 ], [ 14.850850762821768, 37.950621386579577 ], [ 14.850207255363991, 37.949730852361064 ], [ 14.848262824752398, 37.942140618640607 ], [ 14.854920924813358, 37.930983909045558 ], [ 14.862490330203268, 37.928670616000161 ], [ 14.877789567570785, 37.933224526106635 ], [ 14.883788446161802, 37.93892422723885 ], [ 14.893095930562918, 37.946746967577504 ], [ 14.895849597382281, 37.948669805543929 ], [ 14.900978292010874, 37.950315545350314 ], [ 14.90626986609551, 37.95190782837107 ], [ 14.91824705084173, 37.956195943305779 ], [ 14.92689843690777, 37.960250420606172 ], [ 14.927833130757698, 37.960620343061656 ], [ 14.928128610842847, 37.960737281954678 ], [ 14.929243544690516, 37.960896924026805 ], [ 14.929532163272496, 37.960810320012179 ], [ 14.930109346239808, 37.960628098833517 ], [ 14.931546986312169, 37.957553334883535 ], [ 14.939393063180205, 37.951638535029055 ] ] ] ] } },
{ "type": "Feature", "properties": { "provincia": "Ragusa", "sigla": "RG" }, "geometry": { "type": "MultiPolygon", "coordinates": [ [ [ [ 14.932211581870398, 36.685810094549225 ], [ 14.932083245955008, 36.685739991353749 ], [ 14.932019584024411, 36.685738676451003 ], [ 14.931941660285664, 36.685751568032423 ], [ 14.931814998175515, 36.68577591081808 ], [ 14.931757597178988, 36.685792274964804 ], [ 14.93172262390911, 36.685809784288544 ], [ 14.931543742078711, 36.685917737076366 ], [ 14.93149394473482, 36.686032747885847 ], [ 14.931565943398219, 36.686300010917577 ], [ 14.931601982833037, 36.686383944228275 ], [ 14.931696568495729, 36.686460187183336 ], [ 14.93182613626834, 36.686529918644318 ], [ 14.931936933315782, 36.68658629925708 ], [ 14.932073530337155, 36.686593758943282 ], [ 14.932368341732518, 36.686430063816204 ], [ 14.932546893352441, 36.686281626952884 ], [ 14.932589884095581, 36.686223216264302 ], [ 14.932632010303051, 36.686153605579307 ], [ 14.932638659836218, 36.68608576700791 ], [ 14.932639912840562, 36.686011451988954 ], [ 14.932603102645192, 36.685914283725374 ], [ 14.932553020236227, 36.685844766029717 ], [ 14.932425368200263, 36.685828659639149 ], [ 14.932211581870398, 36.685810094549225 ] ] ], [ [ [ 14.785405766372234, 37.13625828082035 ], [ 14.793869687646696, 37.132043468904222 ], [ 14.795408289510323, 37.131291982481834 ], [ 14.796244162205761, 37.130535350330184 ], [ 14.800104790941772, 37.126675457862888 ], [ 14.800578434670594, 37.12610760629817 ], [ 14.801040396536562, 37.125387313560836 ], [ 14.801121221532993, 37.124928749749046 ], [ 14.801157601728024, 37.124449894672175 ], [ 14.801053710183458, 37.124174208553335 ], [ 14.800868967790576, 37.123892692819368 ], [ 14.800844390998703, 37.123855397561222 ], [ 14.800617586669059, 37.123636995897286 ], [ 14.800195426663093, 37.123321719004714 ], [ 14.80012279027657, 37.123267472561523 ], [ 14.799752159613504, 37.123042618234827 ], [ 14.79949165563006, 37.122934228861084 ], [ 14.797214659401812, 37.121081034933006 ], [ 14.794143070644125, 37.115477413087675 ], [ 14.794964576246475, 37.113644679703675 ], [ 14.799195790790794, 37.1118359179507 ], [ 14.80295957102822, 37.11022888790896 ], [ 14.810464240432193, 37.111349826822938 ], [ 14.811240253536077, 37.111649229498468 ], [ 14.813332111573168, 37.113094586772831 ], [ 14.816683306160131, 37.108692192305149 ], [ 14.821284992417915, 37.09492504361355 ], [ 14.822163980909707, 37.089642856722158 ], [ 14.821405544137153, 37.087236314614849 ], [ 14.820868771809605, 37.085604219139285 ], [ 14.820755896014335, 37.085395988908871 ], [ 14.820554644314566, 37.085079598319339 ], [ 14.81985475248168, 37.083865104139825 ], [ 14.819323647396628, 37.082104451396461 ], [ 14.819406411131057, 37.081831164041837 ], [ 14.819550568587188, 37.081355153510195 ], [ 14.819788688271679, 37.080724580389713 ], [ 14.820624570966668, 37.080060052032962 ], [ 14.826581141434271, 37.075734721785572 ], [ 14.832095964313915, 37.071170449695515 ], [ 14.833217605921694, 37.067494264663054 ], [ 14.836529822633617, 37.064452550248866 ], [ 14.840528204721549, 37.061809375502612 ], [ 14.840900676520846, 37.061752254950576 ], [ 14.842758492426476, 37.060953833002401 ], [ 14.842875159461373, 37.060881774253616 ], [ 14.843106957849137, 37.060738581178335 ], [ 14.842591877435821, 37.060215435913264 ], [ 14.839420839705587, 37.059552504357782 ], [ 14.838937928015268, 37.059452604847444 ], [ 14.83803562353002, 37.059494920655908 ], [ 14.837564503762918, 37.059621698678811 ], [ 14.83389390474473, 37.061943002127833 ], [ 14.833170139392188, 37.062536802159144 ], [ 14.829124004058922, 37.066937828545242 ], [ 14.829110463383381, 37.06715453609835 ], [ 14.82854859114788, 37.067863576495959 ], [ 14.826253372420007, 37.067862494098136 ], [ 14.825703900691698, 37.067747243584307 ], [ 14.824915484927851, 37.067581869422639 ], [ 14.824683197655807, 37.067480218995499 ], [ 14.82358899463067, 37.06700137526952 ], [ 14.822612353209303, 37.06642387442254 ], [ 14.822241618264593, 37.065968711467477 ], [ 14.822039621587741, 37.065720708379686 ], [ 14.821920985522402, 37.065551916197336 ], [ 14.821556544185052, 37.065033384738918 ], [ 14.818154969841677, 37.059660406596265 ], [ 14.817971588033569, 37.056551490667005 ], [ 14.818003882090162, 37.055464149729829 ], [ 14.818333703802306, 37.053960405646421 ], [ 14.818886439255197, 37.053410167183294 ], [ 14.820347722872048, 37.052781079961647 ], [ 14.825933590569058, 37.050401858696695 ], [ 14.831727605736196, 37.049220549686794 ], [ 14.832523115008172, 37.050997355865135 ], [ 14.832846717453851, 37.051555216873219 ], [ 14.833396123091187, 37.052466523515818 ], [ 14.835011455760091, 37.054497649460764 ], [ 14.835567688388295, 37.055172597322404 ], [ 14.836100381406682, 37.05572435370641 ], [ 14.836886538065913, 37.055852061258122 ], [ 14.83697834754337, 37.055797603213591 ], [ 14.837416233246904, 37.055537860826789 ], [ 14.837560368663011, 37.055409834515423 ], [ 14.837933988361836, 37.05507796697696 ], [ 14.84045972661273, 37.046169506513024 ], [ 14.839900516856158, 37.045653112230625 ], [ 14.839350849337366, 37.044975899977416 ], [ 14.839014734417839, 37.044182376290472 ], [ 14.838870931443058, 37.043361345103776 ], [ 14.839619779210446, 37.039955559341017 ], [ 14.839745699205123, 37.039460327507228 ], [ 14.839835338384349, 37.039107783475771 ], [ 14.839990160490183, 37.038841558759003 ], [ 14.840058437307738, 37.038724152784198 ], [ 14.840138116895089, 37.03868665155278 ], [ 14.840511609219933, 37.038522352007675 ], [ 14.840590513691126, 37.03848764232923 ], [ 14.844024208702965, 37.037104018467424 ], [ 14.847680810779904, 37.036562663133694 ], [ 14.856095970292831, 37.029205172710689 ], [ 14.85946811512207, 37.019782722158581 ], [ 14.867264484909064, 37.010505791476028 ], [ 14.87315138312696, 37.004500903483958 ], [ 14.877966776322927, 37.000551631482374 ], [ 14.881270890019842, 36.99663853759872 ], [ 14.886499029074747, 36.98975563385855 ], [ 14.88692379781777, 36.98890257097878 ], [ 14.887120581929228, 36.988506296506486 ], [ 14.887314800853849, 36.986244344932601 ], [ 14.887543011300721, 36.982216912709923 ], [ 14.885864742106213, 36.97410707575488 ], [ 14.88653500042156, 36.969814569157855 ], [ 14.887330978807697, 36.966818079524813 ], [ 14.888304606216815, 36.964133821835979 ], [ 14.890675742434274, 36.961369433737758 ], [ 14.899461829171008, 36.950412546426357 ], [ 14.905035910444678, 36.942573451412123 ], [ 14.907452271397503, 36.939334641225273 ], [ 14.911097900488127, 36.936522172967265 ], [ 14.91864463783793, 36.935492523067097 ], [ 14.920516254331515, 36.927388417570192 ], [ 14.925124197916972, 36.923599446277329 ], [ 14.932068409964513, 36.91462965911257 ], [ 14.937581234267599, 36.903346950368437 ], [ 14.93461198167237, 36.900269035045874 ], [ 14.927594795249185, 36.906373694547447 ], [ 14.922332032416138, 36.911655984399964 ], [ 14.915626877604709, 36.916257765724595 ], [ 14.909110589156821, 36.919083320962656 ], [ 14.903302793219478, 36.922143207455953 ], [ 14.893299009110603, 36.929869667885491 ], [ 14.883147692535164, 36.937953733451735 ], [ 14.860713123221084, 36.957582563719271 ], [ 14.860658072700526, 36.957636409206273 ], [ 14.85944400247131, 36.958823884360292 ], [ 14.859171806507286, 36.959090113127445 ], [ 14.857001984495245, 36.966576382726295 ], [ 14.859042845818212, 36.972674983362552 ], [ 14.860246874565375, 36.973085709887222 ], [ 14.860340651048958, 36.973446488652534 ], [ 14.860464009724719, 36.973921072170178 ], [ 14.860504390262456, 36.974079989148649 ], [ 14.860560572134622, 36.974301095408237 ], [ 14.859675521667997, 36.974554223782057 ], [ 14.857565495153276, 36.975153777199665 ], [ 14.856440788000198, 36.975472761860196 ], [ 14.856052312824577, 36.975581989827141 ], [ 14.850527556162731, 36.975855327191809 ], [ 14.846934678103024, 36.975801164264219 ], [ 14.840251742294974, 36.974303964288325 ], [ 14.837040110360215, 36.973068347485167 ], [ 14.838185016590346, 36.969981766241965 ], [ 14.839112837334373, 36.967231042519572 ], [ 14.839162584896563, 36.967027600290329 ], [ 14.839240944774426, 36.966707141617491 ], [ 14.839258456835115, 36.966634088996784 ], [ 14.83941890538633, 36.965964740843688 ], [ 14.839499605819002, 36.965039045522978 ], [ 14.839513676249798, 36.964877638427701 ], [ 14.83998784076948, 36.959309838180928 ], [ 14.840517986671717, 36.949283310424725 ], [ 14.839209247900833, 36.946484743923094 ], [ 14.840142986883178, 36.945662301247147 ], [ 14.841041803377649, 36.945009707957936 ], [ 14.842830180315966, 36.944970978817146 ], [ 14.845535266534496, 36.945663862300293 ], [ 14.848440972811208, 36.947298343648526 ], [ 14.865381459247088, 36.943912291099707 ], [ 14.868341308177316, 36.941580498235879 ], [ 14.870295910247728, 36.940113109139254 ], [ 14.872725110224954, 36.938511887419573 ], [ 14.877510648198575, 36.93660458960494 ], [ 14.881600342122995, 36.935501295165892 ], [ 14.884141164178777, 36.933934802993527 ], [ 14.895740830729444, 36.926066576455199 ], [ 14.896819665362781, 36.925301743707706 ], [ 14.897175664159061, 36.924537972521037 ], [ 14.897201941561105, 36.924481594666183 ], [ 14.897046977115229, 36.923755919644229 ], [ 14.896611368510166, 36.92330337636826 ], [ 14.896564827270456, 36.923255409457902 ], [ 14.892344575669542, 36.921060011016188 ], [ 14.891513739635274, 36.920653558058874 ], [ 14.890987560416578, 36.920517726609226 ], [ 14.889855473029588, 36.9202297625908 ], [ 14.886779580701303, 36.919676181140694 ], [ 14.886195254927996, 36.919603979742597 ], [ 14.88549859585839, 36.919728636228911 ], [ 14.884600177362861, 36.919926327853418 ], [ 14.884279546748207, 36.920018867801062 ], [ 14.883724231249939, 36.920179140373008 ], [ 14.88216821330467, 36.920202617575711 ], [ 14.879232405899597, 36.920244804483048 ], [ 14.87849254816812, 36.920245546150305 ], [ 14.878201464262226, 36.92013405656445 ], [ 14.8778528728123, 36.92000053763222 ], [ 14.877613666770559, 36.919589397127147 ], [ 14.877514901682037, 36.919412977500713 ], [ 14.877405184360095, 36.918863840053724 ], [ 14.877431373266482, 36.916729253874031 ], [ 14.877558983020142, 36.91453784946934 ], [ 14.881587954807044, 36.908196659552004 ], [ 14.88262483030255, 36.9049699414469 ], [ 14.884066734044374, 36.898781954172975 ], [ 14.889741574429967, 36.895071183386143 ], [ 14.899830078268526, 36.88964216067145 ], [ 14.905520928037374, 36.889068572641413 ], [ 14.907986767966552, 36.888901694526645 ], [ 14.913456501558114, 36.887297189029916 ], [ 14.915130904099133, 36.886227929278569 ], [ 14.919670790233619, 36.880175106345227 ], [ 14.92081378672567, 36.877909743906741 ], [ 14.926979604822513, 36.873199078835839 ], [ 14.9368012787114, 36.866313695639832 ], [ 14.937791653931898, 36.86452687362079 ], [ 14.938357702364833, 36.863408645681154 ], [ 14.935572417380278, 36.860068994728344 ], [ 14.928927780267339, 36.850136759356175 ], [ 14.921576322601201, 36.848796681181412 ], [ 14.909468475002239, 36.853744403442633 ], [ 14.897066295790877, 36.859108382985205 ], [ 14.896795667297555, 36.859684419386397 ], [ 14.896132189204678, 36.860541062594045 ], [ 14.893235202509016, 36.863594190651312 ], [ 14.89293882179947, 36.863905325314285 ], [ 14.892446871655507, 36.864421712756673 ], [ 14.886181791375019, 36.868212209424129 ], [ 14.885215928423571, 36.868426747262824 ], [ 14.870067580612886, 36.870534771938786 ], [ 14.864365668234065, 36.865374638754631 ], [ 14.863849718998583, 36.864530868441811 ], [ 14.862453432087509, 36.861596276785313 ], [ 14.862381685190668, 36.861401078163183 ], [ 14.861916663744211, 36.86013588014255 ], [ 14.861014763657991, 36.856892199265005 ], [ 14.861105987945251, 36.855771597358171 ], [ 14.8617818746718, 36.8541494122031 ], [ 14.863748730105495, 36.851889488297751 ], [ 14.865032140917579, 36.850749976882135 ], [ 14.864415505098311, 36.846961315317451 ], [ 14.860494961921537, 36.833426844475738 ], [ 14.859927831343226, 36.831521793024848 ], [ 14.859875848242236, 36.831465133041903 ], [ 14.85969409022538, 36.831267023587266 ], [ 14.858752729935867, 36.830240956713794 ], [ 14.857051119801998, 36.828434807018219 ], [ 14.855627118443191, 36.828208152931722 ], [ 14.853773578705461, 36.827955017253231 ], [ 14.856454800439614, 36.823511308911932 ], [ 14.860547573105356, 36.817847386976723 ], [ 14.862524472246257, 36.815902071152102 ], [ 14.866471335557033, 36.814428551155963 ], [ 14.86722383380091, 36.815193921113803 ], [ 14.8674456866546, 36.815419969249888 ], [ 14.86707541294267, 36.816313671588361 ], [ 14.866109914775725, 36.816726018450034 ], [ 14.867884050738937, 36.821361611221533 ], [ 14.879496998492995, 36.82408622598679 ], [ 14.882322686463915, 36.824716860450678 ], [ 14.886906489288688, 36.824815119330431 ], [ 14.887053018336392, 36.824786240444361 ], [ 14.88792944335793, 36.824613503250418 ], [ 14.888265166646507, 36.824547332434207 ], [ 14.890494712062505, 36.824077281517823 ], [ 14.890655998177486, 36.823921024114334 ], [ 14.891833638427103, 36.822495449708768 ], [ 14.892674438305795, 36.820677808598859 ], [ 14.893452546363454, 36.81904703165376 ], [ 14.894823562713949, 36.817684120203758 ], [ 14.902328369580545, 36.814029598723508 ], [ 14.904927056090363, 36.813467298468026 ], [ 14.911657979578935, 36.812199801411403 ], [ 14.912656345095536, 36.81209927577617 ], [ 14.914427906869804, 36.812289903194525 ], [ 14.915526313962509, 36.812615369703998 ], [ 14.923539838415291, 36.813769988741768 ], [ 14.932088764013596, 36.80930982307072 ], [ 14.942410343056917, 36.803303780273616 ], [ 14.941665747097113, 36.802878941486838 ], [ 14.941276313874377, 36.802634360381155 ], [ 14.940995166155156, 36.802454935296375 ], [ 14.940168345089434, 36.800795207009436 ], [ 14.940153172927426, 36.800432966824268 ], [ 14.940145303002057, 36.800245056179293 ], [ 14.940635712605415, 36.798158538183642 ], [ 14.941207641981409, 36.797552140124544 ], [ 14.942758989979255, 36.796783665083787 ], [ 14.944429509870318, 36.796712340371712 ], [ 14.947331723422863, 36.79807345327729 ], [ 14.948666664077576, 36.798960265418046 ], [ 14.949213333219912, 36.799364955277376 ], [ 14.949618384986065, 36.799664804393913 ], [ 14.949774007633506, 36.799780006824392 ], [ 14.950995429889252, 36.80086179634506 ], [ 14.951211444185695, 36.8012264693158 ], [ 14.958123860689362, 36.799567514257163 ], [ 14.969582643764946, 36.791753448620007 ], [ 14.985199953748818, 36.780723603431895 ], [ 14.985348990159373, 36.780588295430213 ], [ 14.986014713517863, 36.779983886787882 ], [ 14.986042410609464, 36.779958740214695 ], [ 14.988192829468076, 36.777253401639953 ], [ 14.988462979596322, 36.776849757179768 ], [ 14.988686933016467, 36.776515134158764 ], [ 14.989012711004936, 36.775306398863528 ], [ 14.991590915745061, 36.765490998408445 ], [ 14.992153379927185, 36.761472693784171 ], [ 14.990190648677629, 36.757512860009051 ], [ 14.989047822876577, 36.756915806553792 ], [ 14.988868359963588, 36.756816307606847 ], [ 14.988390391321369, 36.756551300318712 ], [ 14.988141813385601, 36.756413475403797 ], [ 14.987794005358346, 36.756181860872566 ], [ 14.98755501187013, 36.756022586769305 ], [ 14.987355597463097, 36.755889688317787 ], [ 14.986840829447138, 36.755411639371715 ], [ 14.986791980309315, 36.755339115039575 ], [ 14.986602703482815, 36.755058098092277 ], [ 14.986466546868439, 36.754849485943907 ], [ 14.986384027353662, 36.754572795972308 ], [ 14.986303401038423, 36.75430244410542 ], [ 14.985938116285016, 36.751366859405096 ], [ 14.986527363273312, 36.750074284197069 ], [ 14.987748457812778, 36.748198984417407 ], [ 14.988005780319931, 36.747926657602669 ], [ 14.98827539715538, 36.74764131884973 ], [ 14.989157714302955, 36.747112246043187 ], [ 14.989335935209764, 36.747007562112159 ], [ 14.989640189348513, 36.7469065730442 ], [ 14.990179351178819, 36.746729483888579 ], [ 14.994112942059425, 36.743512028901996 ], [ 14.995782787860044, 36.738076685512375 ], [ 14.996828826473104, 36.734249645886877 ], [ 14.997464098511289, 36.731623357005255 ], [ 14.997518220203387, 36.731393473956793 ], [ 14.999045162100472, 36.720154403660672 ], [ 14.998486696518503, 36.713982356747444 ], [ 14.999270422988014, 36.706260640277144 ], [ 15.000375639499918, 36.702777324965432 ], [ 14.996140788801396, 36.702071560038036 ], [ 14.994272115927222, 36.70144262670037 ], [ 14.99355987805947, 36.701096013705026 ], [ 14.992516236307694, 36.700510761463164 ], [ 14.990968391447163, 36.698151088902634 ], [ 14.982824517184774, 36.695839056967088 ], [ 14.973191010295803, 36.692817293419672 ], [ 14.968470761828099, 36.693080143699703 ], [ 14.956615356819468, 36.694085557517283 ], [ 14.955774841312723, 36.694368134342405 ], [ 14.954900930162442, 36.694830913732368 ], [ 14.954141937980275, 36.695284471073926 ], [ 14.951667265714152, 36.696928558239875 ], [ 14.949840485889959, 36.698255410718943 ], [ 14.942946236363065, 36.70373635551789 ], [ 14.940630680915897, 36.705813749478281 ], [ 14.939633160270203, 36.706541431594587 ], [ 14.92891979171114, 36.713702258347389 ], [ 14.924366727859182, 36.716573268541602 ], [ 14.918546884268569, 36.719816790506123 ], [ 14.912264369367751, 36.723314131250099 ], [ 14.910269853410572, 36.724313665654023 ], [ 14.905439860055367, 36.726356729532952 ], [ 14.902125400836091, 36.727534355239221 ], [ 14.901016560464312, 36.727911322182649 ], [ 14.897979170714654, 36.728730731858782 ], [ 14.895123406899733, 36.729403794184755 ], [ 14.881590474056324, 36.730774969870552 ], [ 14.878837883657047, 36.731028114357642 ], [ 14.876857553111263, 36.731097576491941 ], [ 14.872573759807032, 36.7309783973799 ], [ 14.869490964789779, 36.730888720177738 ], [ 14.86758782872351, 36.73074989760719 ], [ 14.86302798054807, 36.730290464479666 ], [ 14.860683309661802, 36.729945041147886 ], [ 14.857555241354172, 36.729349594028342 ], [ 14.852562152196473, 36.728264195288375 ], [ 14.848935913834129, 36.727410582133764 ], [ 14.848507345731457, 36.727230149644868 ], [ 14.839181382725203, 36.722472260784734 ], [ 14.831845601994042, 36.717558664689591 ], [ 14.830999471609678, 36.716699122231887 ], [ 14.830303433195036, 36.71040020142982 ], [ 14.828332243015931, 36.712186281522044 ], [ 14.825497614103488, 36.715585161010139 ], [ 14.819859484407443, 36.716984238194826 ], [ 14.818469624794748, 36.717023587409088 ], [ 14.816668359105059, 36.716896438686994 ], [ 14.814661817208997, 36.716520181856055 ], [ 14.812559224781534, 36.716021725961255 ], [ 14.812379110609021, 36.715977273330111 ], [ 14.811671026592846, 36.715754390380305 ], [ 14.811160659675579, 36.715569195023171 ], [ 14.80895952605516, 36.713665154129188 ], [ 14.807589952295775, 36.712679432593887 ], [ 14.805306568848724, 36.711188512403687 ], [ 14.801437709151179, 36.708774072618667 ], [ 14.800591216195782, 36.708302485940536 ], [ 14.80011873652194, 36.708056081625919 ], [ 14.798157152336303, 36.707177256969359 ], [ 14.797157089262541, 36.706839927841557 ], [ 14.796947015070495, 36.706771824845355 ], [ 14.793585252772264, 36.705825921524735 ], [ 14.78308872077606, 36.703605209509533 ], [ 14.782574107020961, 36.70356713189409 ], [ 14.781048991797617, 36.703677698944134 ], [ 14.780659567184054, 36.703829427066587 ], [ 14.780417104081634, 36.704066115343153 ], [ 14.780343053091556, 36.704226904375091 ], [ 14.780394896029771, 36.704481092273916 ], [ 14.780845296839084, 36.705033152508115 ], [ 14.781126507931866, 36.705242242815963 ], [ 14.782408774814838, 36.706127869460957 ], [ 14.782671107086889, 36.706306203247337 ], [ 14.782617691428239, 36.706602537913106 ], [ 14.782279597768971, 36.707194773501506 ], [ 14.781878803646515, 36.707651392144129 ], [ 14.781319956469124, 36.708226287135666 ], [ 14.780550218330278, 36.709012531763449 ], [ 14.779791678798443, 36.709561662183688 ], [ 14.77764318364806, 36.710836541542392 ], [ 14.776790613750588, 36.711156786039822 ], [ 14.775935493213664, 36.711370922537171 ], [ 14.769892804967663, 36.710332721370058 ], [ 14.762254269986643, 36.709959229153775 ], [ 14.761489873772168, 36.709955525240971 ], [ 14.757715075850927, 36.710383618437518 ], [ 14.756766726188456, 36.71094976433649 ], [ 14.755841924601606, 36.712759896859872 ], [ 14.756339429994366, 36.714021027105588 ], [ 14.756413338100195, 36.714125843196818 ], [ 14.756459163813226, 36.714312806285889 ], [ 14.756290344241847, 36.714873071478884 ], [ 14.756193805165415, 36.714992000802354 ], [ 14.756169205290751, 36.715022305477611 ], [ 14.755748059471129, 36.715398487371701 ], [ 14.754215342870937, 36.716580536096878 ], [ 14.754162335501267, 36.716620509878638 ], [ 14.753899045113311, 36.716819058699336 ], [ 14.753715805100686, 36.716951203937896 ], [ 14.753626751113442, 36.717015425002131 ], [ 14.752773786783147, 36.717534310976923 ], [ 14.7525621372884, 36.717649744714002 ], [ 14.75212150093896, 36.717890065637981 ], [ 14.751797580503297, 36.71806672716226 ], [ 14.751146843041221, 36.718401745973992 ], [ 14.75077507554693, 36.718565409486466 ], [ 14.747968589584454, 36.719680713858914 ], [ 14.747689241020343, 36.71977376495812 ], [ 14.747522603374335, 36.719829271165814 ], [ 14.747142021559011, 36.719940500640725 ], [ 14.746585959409355, 36.720071380051401 ], [ 14.746275441454644, 36.720129575483107 ], [ 14.746157229044481, 36.7201515255042 ], [ 14.744384415582562, 36.720439308920895 ], [ 14.74318788406619, 36.720575695623282 ], [ 14.742056855730409, 36.720605797221289 ], [ 14.741350192963493, 36.720623580576181 ], [ 14.74048248575521, 36.72059675685184 ], [ 14.739609733713982, 36.720567869879574 ], [ 14.739562625400398, 36.720566306115323 ], [ 14.738425253706263, 36.72038518370465 ], [ 14.738036971454319, 36.720269790005624 ], [ 14.727185090499724, 36.721355550885043 ], [ 14.71844074187079, 36.720550923761344 ], [ 14.707827782334647, 36.717787119145939 ], [ 14.699684317342157, 36.717926362315978 ], [ 14.691251132890734, 36.720799552144065 ], [ 14.685417276328707, 36.725088912219462 ], [ 14.684079092928485, 36.728343848599344 ], [ 14.679585390383114, 36.733637786324067 ], [ 14.677506203068427, 36.735977352797917 ], [ 14.676738787958138, 36.736792299855139 ], [ 14.675467252834061, 36.738056618274015 ], [ 14.671590991683372, 36.741689462146539 ], [ 14.669417757560144, 36.743154546783842 ], [ 14.664356772425267, 36.745697163773464 ], [ 14.660585396527619, 36.747440574149991 ], [ 14.658628691663679, 36.748293785336692 ], [ 14.658595269318972, 36.74830767786942 ], [ 14.657839503544192, 36.748621810262939 ], [ 14.657139139286141, 36.74885404571895 ], [ 14.657020252888131, 36.748882861811914 ], [ 14.656515253072371, 36.748996974845845 ], [ 14.656214514900347, 36.748996107365386 ], [ 14.655903968625928, 36.748958146511988 ], [ 14.655126833339034, 36.749076770699688 ], [ 14.653865070357176, 36.749270940379326 ], [ 14.652945211677222, 36.749453226652449 ], [ 14.649878482542141, 36.750772086500916 ], [ 14.649145883243371, 36.751271991495074 ], [ 14.647613710812609, 36.752555657312584 ], [ 14.646047695421188, 36.754050614039201 ], [ 14.643540370895083, 36.756784676515039 ], [ 14.642253961457895, 36.758115250020666 ], [ 14.640695752340935, 36.759649780461231 ], [ 14.639657289771353, 36.760591320459042 ], [ 14.639124461714516, 36.761057884749597 ], [ 14.638982949009842, 36.761127571502918 ], [ 14.638451610843701, 36.761389197782648 ], [ 14.628192837126932, 36.765108878996649 ], [ 14.614446756182348, 36.766940050632066 ], [ 14.607012277015523, 36.768236944612966 ], [ 14.604908395071435, 36.768765077637575 ], [ 14.60242598180225, 36.769476862883231 ], [ 14.599297707596598, 36.770496217998712 ], [ 14.598728902810716, 36.770692265844119 ], [ 14.598228400594534, 36.770882825315176 ], [ 14.596332544350265, 36.771656184044616 ], [ 14.595501364559718, 36.772027611241732 ], [ 14.595450817982073, 36.772050198856981 ], [ 14.59521427734528, 36.772248163500379 ], [ 14.583689711973275, 36.777183031772374 ], [ 14.566566108366244, 36.780096404921679 ], [ 14.554935396164797, 36.782523457659416 ], [ 14.548288702490856, 36.782465319566789 ], [ 14.544358060679691, 36.780404753387231 ], [ 14.537907410509236, 36.78030943719687 ], [ 14.53314898463597, 36.780344639367421 ], [ 14.531337097851623, 36.780480055714868 ], [ 14.531042512607979, 36.780570312684596 ], [ 14.530720876970694, 36.78070888207683 ], [ 14.52990984412722, 36.781103696833533 ], [ 14.529614081564581, 36.781382198986819 ], [ 14.527157408651286, 36.783125828677896 ], [ 14.525832026852159, 36.783857193755779 ], [ 14.51746441610744, 36.787154654505031 ], [ 14.516688681105943, 36.78744933708245 ], [ 14.516418959129778, 36.787538512134866 ], [ 14.51416186549255, 36.787853763333636 ], [ 14.513443669616853, 36.787914004617022 ], [ 14.512737095704473, 36.787911103969037 ], [ 14.506490961335345, 36.787867777033121 ], [ 14.501171013037963, 36.786708364229554 ], [ 14.49859945157146, 36.78618214658951 ], [ 14.493513121027986, 36.786545913970173 ], [ 14.482868065952017, 36.7982641915806 ], [ 14.479549575513508, 36.802970117015676 ], [ 14.474156254235004, 36.808016862515331 ], [ 14.466994776653433, 36.814580052172488 ], [ 14.461094727142321, 36.815619070978315 ], [ 14.458673138739355, 36.821730381898696 ], [ 14.459415671253222, 36.823030917068721 ], [ 14.459591613558716, 36.823720481950154 ], [ 14.459702248504932, 36.824226071673344 ], [ 14.459793644468956, 36.824758361122285 ], [ 14.459649012453516, 36.826383941504091 ], [ 14.459569165539971, 36.826911634026416 ], [ 14.458568386635575, 36.831196502918083 ], [ 14.457453191965065, 36.835800158761238 ], [ 14.45668823811374, 36.838699217002507 ], [ 14.456490888779838, 36.839365798650789 ], [ 14.456483468469022, 36.839390861098451 ], [ 14.456376293064501, 36.839742399116076 ], [ 14.456250197846233, 36.840078544732378 ], [ 14.455950892951332, 36.840681758897013 ], [ 14.455810162028305, 36.840860376268992 ], [ 14.455317047900042, 36.841486229994437 ], [ 14.455192396032841, 36.841615761520046 ], [ 14.45503038649513, 36.841645620557244 ], [ 14.452797718666465, 36.843766342920304 ], [ 14.450204466999864, 36.851885107155155 ], [ 14.448157215758068, 36.858731576882342 ], [ 14.442540244590313, 36.871592821281887 ], [ 14.435149195514049, 36.885456442135727 ], [ 14.430042300474449, 36.889428072888805 ], [ 14.427829424434879, 36.890581693391098 ], [ 14.425348405897491, 36.892357891758387 ], [ 14.425027316419447, 36.892617827907607 ], [ 14.425258337971568, 36.893126539219104 ], [ 14.425680890729742, 36.894154126516639 ], [ 14.425597067095614, 36.895556900935873 ], [ 14.425247631802044, 36.89655210195712 ], [ 14.42473782333653, 36.897975724015346 ], [ 14.424525517293556, 36.898554036976023 ], [ 14.424102078196938, 36.899549121998845 ], [ 14.42208898000516, 36.903578070053626 ], [ 14.421906291577059, 36.903900274937946 ], [ 14.420461521257872, 36.906093621217614 ], [ 14.420096960561215, 36.906626622107673 ], [ 14.417461958383418, 36.910323780949277 ], [ 14.416494803380202, 36.91167826192266 ], [ 14.415892835046343, 36.91242176080042 ], [ 14.412701841548555, 36.91623305030717 ], [ 14.403780496790814, 36.926487499942787 ], [ 14.402412111195439, 36.928800753872459 ], [ 14.399304214563793, 36.933702958243792 ], [ 14.397947506927581, 36.93575682191311 ], [ 14.397117022446348, 36.936989024672584 ], [ 14.397006667408666, 36.937150202547983 ], [ 14.39668851737804, 36.937614868400182 ], [ 14.396569702588142, 36.93778839875953 ], [ 14.39422475075574, 36.941191954376229 ], [ 14.388235713973733, 36.949544261841744 ], [ 14.387592816131884, 36.950423220948586 ], [ 14.386670333592814, 36.951581344972631 ], [ 14.384651704136846, 36.954114718163822 ], [ 14.382915555426058, 36.956248494946017 ], [ 14.375120771979601, 36.965155861452793 ], [ 14.36839814546272, 36.972585629634473 ], [ 14.368321230403941, 36.972667128348121 ], [ 14.367875968353365, 36.973138913736619 ], [ 14.367843614662167, 36.973173194021257 ], [ 14.367322797638328, 36.973714909593689 ], [ 14.362642295191929, 36.978562728972449 ], [ 14.340920821219195, 36.999116419894257 ], [ 14.337888394300736, 37.001582377694355 ], [ 14.337917519408993, 37.00196944199125 ], [ 14.338161229785914, 37.00232308601219 ], [ 14.338343572612105, 37.002382216418454 ], [ 14.339226885887591, 37.002662163638142 ], [ 14.339707076259113, 37.002772601985725 ], [ 14.339832333518526, 37.002801409125325 ], [ 14.340217264122757, 37.002848912557084 ], [ 14.340673827995847, 37.002905254201984 ], [ 14.356559885395743, 37.003776198051703 ], [ 14.365359988478213, 37.005005107807207 ], [ 14.376052440901409, 37.01421874264922 ], [ 14.384877205028666, 37.021080926439929 ], [ 14.38573763349063, 37.021726010781542 ], [ 14.390034782386204, 37.02472576157129 ], [ 14.394547746126324, 37.026795017840548 ], [ 14.402439274305051, 37.028451149166351 ], [ 14.413074234740261, 37.029641557384373 ], [ 14.430346005875169, 37.042852178506372 ], [ 14.441981603576659, 37.050919915113617 ], [ 14.44410853103606, 37.052935512662309 ], [ 14.445899959157462, 37.054842722592333 ], [ 14.463442229517437, 37.050515748232023 ], [ 14.463989846692199, 37.050372986446426 ], [ 14.464365632215312, 37.050275027579985 ], [ 14.46489902274473, 37.050198916051066 ], [ 14.46534542486248, 37.050135223384117 ], [ 14.465411186996405, 37.050135603114398 ], [ 14.465721533156211, 37.050137396548898 ], [ 14.46580382488702, 37.050137872003191 ], [ 14.465951500083181, 37.050138725419487 ], [ 14.470404350627161, 37.050391991206304 ], [ 14.471021791483247, 37.050484976394507 ], [ 14.471321918984417, 37.050574358338991 ], [ 14.47148462659406, 37.050622815285195 ], [ 14.471627031224585, 37.050665225772754 ], [ 14.471852557783796, 37.050732391521116 ], [ 14.474937773234691, 37.05178250215846 ], [ 14.475304258635925, 37.051944900055759 ], [ 14.475682766353504, 37.052114291912204 ], [ 14.476339781394341, 37.052528746858933 ], [ 14.476450703256022, 37.052601507846106 ], [ 14.47661099128972, 37.052727139951472 ], [ 14.47709073418522, 37.053103162151622 ], [ 14.477166514266216, 37.053162558831445 ], [ 14.479074502456022, 37.054814954520786 ], [ 14.489625816711815, 37.05849981425677 ], [ 14.495879722602041, 37.060194482298343 ], [ 14.504325484002026, 37.063762925264044 ], [ 14.511270685589766, 37.06752438061082 ], [ 14.520259243104078, 37.071707867310444 ], [ 14.531992624086882, 37.075256571564296 ], [ 14.532891004117877, 37.075407610361445 ], [ 14.533961215478422, 37.075447782652219 ], [ 14.533545464811722, 37.071734401024202 ], [ 14.533524628182038, 37.071639845611955 ], [ 14.533477660530151, 37.071446502739683 ], [ 14.532910004924423, 37.065330651990152 ], [ 14.533205817194425, 37.064736136201624 ], [ 14.533253114222115, 37.064642270944894 ], [ 14.533718018018719, 37.063719616683954 ], [ 14.533921089860092, 37.063389733670817 ], [ 14.534116040928225, 37.063073041392386 ], [ 14.540723892140777, 37.058909167873715 ], [ 14.546884422297857, 37.055225388545956 ], [ 14.548352309187184, 37.055742672229393 ], [ 14.54886994174112, 37.055886223608425 ], [ 14.550679637291276, 37.056186140265012 ], [ 14.55134369175344, 37.056098698392177 ], [ 14.558922819685009, 37.054148621050807 ], [ 14.561382895012493, 37.052991514143145 ], [ 14.564638701305514, 37.051828895707352 ], [ 14.568390616643326, 37.052611310203723 ], [ 14.571300562313745, 37.054719586764826 ], [ 14.571329804857177, 37.054748671356165 ], [ 14.571717924529498, 37.055165264774963 ], [ 14.57882101870684, 37.064376322484193 ], [ 14.579891992084047, 37.065758445534705 ], [ 14.584204079824216, 37.069442042930142 ], [ 14.586281461095584, 37.07102297926518 ], [ 14.587902158790044, 37.071744936943581 ], [ 14.59631616604926, 37.077139774324245 ], [ 14.600773157961985, 37.080064115836969 ], [ 14.609482501221416, 37.087992983892434 ], [ 14.60931607427265, 37.088168621627851 ], [ 14.609280075388316, 37.088593438462681 ], [ 14.610669241671175, 37.090269681618281 ], [ 14.611903761447907, 37.091323129720877 ], [ 14.61196085500038, 37.091358682461582 ], [ 14.61264065138292, 37.091693567879204 ], [ 14.612718388788258, 37.091731862569183 ], [ 14.613243843824399, 37.091507896459468 ], [ 14.613332810200163, 37.091386332754304 ], [ 14.613724597203746, 37.090779342673052 ], [ 14.613753150144982, 37.090719119588826 ], [ 14.614054804503178, 37.090082845039525 ], [ 14.614406825786615, 37.089340317235475 ], [ 14.615832322418809, 37.085838126688216 ], [ 14.616383755577052, 37.084199446783003 ], [ 14.61671453771044, 37.083123543776352 ], [ 14.616722427237686, 37.082955648574206 ], [ 14.616816250804993, 37.082325516758608 ], [ 14.616931225607747, 37.081829430277516 ], [ 14.616962308109565, 37.081715342687239 ], [ 14.617086000891648, 37.081261353287509 ], [ 14.617115112645704, 37.081154512658117 ], [ 14.617125950318128, 37.081125690409792 ], [ 14.617260505002228, 37.080767872937187 ], [ 14.617360733087054, 37.080501340912122 ], [ 14.617376211418724, 37.080460181745146 ], [ 14.617411406905703, 37.080417947064312 ], [ 14.617727733043745, 37.080038364648544 ], [ 14.618212231891764, 37.07981518876354 ], [ 14.61951964398496, 37.07947607209244 ], [ 14.620398572115837, 37.079254253384306 ], [ 14.620700123297327, 37.079301619754496 ], [ 14.620926482783224, 37.079337176101625 ], [ 14.624421136839269, 37.080203982755037 ], [ 14.629013551075053, 37.082103214451102 ], [ 14.638980575086848, 37.085664442732302 ], [ 14.641567838654924, 37.085756299860243 ], [ 14.64365194381622, 37.089304753531202 ], [ 14.647964983675445, 37.098332819994098 ], [ 14.648341138008556, 37.099667432055455 ], [ 14.648406406171196, 37.099841096054618 ], [ 14.64866353788401, 37.100525255970716 ], [ 14.649319921158522, 37.101253955707655 ], [ 14.649378745729855, 37.10131925916636 ], [ 14.652095023818232, 37.102751284926434 ], [ 14.66031675810884, 37.10666987673352 ], [ 14.660487444149082, 37.106592248472261 ], [ 14.660638542066723, 37.106523527878132 ], [ 14.660947262451929, 37.106383116148045 ], [ 14.663137233738007, 37.105137160290006 ], [ 14.667657540535542, 37.103683109531893 ], [ 14.671340031132523, 37.102500027537268 ], [ 14.673698085895216, 37.101864101477723 ], [ 14.677123487386769, 37.100993573317744 ], [ 14.67772849775494, 37.101146809753764 ], [ 14.678030560962602, 37.10133381986477 ], [ 14.678211770892764, 37.101465660842962 ], [ 14.678878193189913, 37.104009221018309 ], [ 14.683565672693465, 37.110086650311921 ], [ 14.692657547854399, 37.114373688045774 ], [ 14.704587073447213, 37.121204577049923 ], [ 14.710686960807687, 37.12557008878953 ], [ 14.720939509076247, 37.121052501440566 ], [ 14.727781537640725, 37.117876418926897 ], [ 14.728785864152529, 37.116837592999076 ], [ 14.72917599311079, 37.115058738482041 ], [ 14.729240033973607, 37.113257505508436 ], [ 14.726037332221141, 37.105344769312417 ], [ 14.725057486898937, 37.102322575082631 ], [ 14.725002635208211, 37.10201465977412 ], [ 14.726380183846494, 37.097719268675853 ], [ 14.726615769852058, 37.097199136143196 ], [ 14.727025277470629, 37.096402988005195 ], [ 14.727385936157408, 37.096068166796059 ], [ 14.727421715977354, 37.096034951167987 ], [ 14.727819657066526, 37.095946012536849 ], [ 14.727858935375421, 37.095937234158697 ], [ 14.730976342055712, 37.095997659240368 ], [ 14.731730338271841, 37.096188390562617 ], [ 14.738224872475854, 37.099017139168971 ], [ 14.742192657031639, 37.10056629584831 ], [ 14.742923432732605, 37.10083908714747 ], [ 14.743799936127578, 37.100958521715867 ], [ 14.744734485480556, 37.100861347928287 ], [ 14.750569332102158, 37.09923180443522 ], [ 14.750727751976324, 37.09918677401005 ], [ 14.75102889709377, 37.099101173352217 ], [ 14.751199828802813, 37.099052585333169 ], [ 14.751876332418496, 37.098711361122916 ], [ 14.752486871403875, 37.098323704982214 ], [ 14.752599604422697, 37.098251755930825 ], [ 14.752678757343629, 37.098186921675754 ], [ 14.752768316718766, 37.098113543042516 ], [ 14.753376320465087, 37.097578349153849 ], [ 14.754231455813521, 37.096703462822241 ], [ 14.754266881322803, 37.096670816569393 ], [ 14.756656006589569, 37.095917604699189 ], [ 14.757043425095455, 37.09580911891134 ], [ 14.757580295000714, 37.095658781366332 ], [ 14.760449348970131, 37.095613264528225 ], [ 14.761773264185228, 37.095615930323234 ], [ 14.765142991916267, 37.095665939573351 ], [ 14.76555288395098, 37.097657819747482 ], [ 14.765112692147159, 37.098325184747431 ], [ 14.765115562473524, 37.098366367602893 ], [ 14.765144138910406, 37.098775991486299 ], [ 14.765261135825545, 37.098929730622544 ], [ 14.76551403545349, 37.09926204847384 ], [ 14.765852946269247, 37.09948854956501 ], [ 14.766996666133618, 37.100184396566547 ], [ 14.767648589315019, 37.100555398289472 ], [ 14.770917216038798, 37.102184920675292 ], [ 14.781751785518093, 37.106647079755064 ], [ 14.7898310277217, 37.107376352693322 ], [ 14.791558579770797, 37.110183482246377 ], [ 14.787060825831455, 37.112264943140524 ], [ 14.784506565828348, 37.115608418558523 ], [ 14.781139124810357, 37.121007421000293 ], [ 14.77464874173865, 37.131206680412852 ], [ 14.774314363562862, 37.131354053113753 ], [ 14.774280231205498, 37.131389397052288 ], [ 14.77407816697646, 37.131696720813295 ], [ 14.773939888720955, 37.131907032820962 ], [ 14.773761366645395, 37.132257075761487 ], [ 14.77356238143642, 37.132648052270817 ], [ 14.773486308124708, 37.132894909220283 ], [ 14.773370858714875, 37.13326954264452 ], [ 14.773353258766855, 37.133530717405527 ], [ 14.773323389005588, 37.133973999381077 ], [ 14.773332436213552, 37.13433751763705 ], [ 14.773340930232211, 37.13467877719151 ], [ 14.773350298773339, 37.135055144195675 ], [ 14.773563744130772, 37.135569055498756 ], [ 14.775230950322312, 37.139268280374139 ], [ 14.77542379387736, 37.139474897971873 ], [ 14.777561065587276, 37.139606682113744 ], [ 14.777977163317985, 37.13956157156818 ], [ 14.785405766372234, 37.13625828082035 ] ] ] ] } },
{ "type": "Feature", "properties": { "provincia": "Siracusa", "sigla": "SR" }, "geometry": { "type": "MultiPolygon", "coordinates": [ [ [ [ 15.078748220818525, 36.645632724878539 ], [ 15.078768218238583, 36.645387726989362 ], [ 15.078278565901039, 36.644356373443102 ], [ 15.078037651538512, 36.644081669028942 ], [ 15.077702917291687, 36.644101971057722 ], [ 15.077148239229274, 36.644285885160656 ], [ 15.076579714317511, 36.645007041060516 ], [ 15.076558338417144, 36.645102249714 ], [ 15.076499410966298, 36.645364717863217 ], [ 15.076783423289069, 36.645789166467736 ], [ 15.077308575730006, 36.646228125552888 ], [ 15.077459432496447, 36.646315371944034 ], [ 15.077881827930018, 36.646556651193649 ], [ 15.078694055269022, 36.646794631096085 ], [ 15.078790447527055, 36.646639051980358 ], [ 15.078748220818525, 36.645632724878539 ] ] ], [ [ [ 15.151918144367244, 36.689296579427115 ], [ 15.152192241235559, 36.689272059453181 ], [ 15.15389668331864, 36.689083495823169 ], [ 15.154025145964155, 36.689062619693516 ], [ 15.154179097438417, 36.688929534556003 ], [ 15.154149218628183, 36.688844917872565 ], [ 15.154107868824475, 36.688752493044049 ], [ 15.153026940976527, 36.68682041357571 ], [ 15.15154124584306, 36.684951581998973 ], [ 15.144099536776908, 36.681754357859653 ], [ 15.143962204441141, 36.681609574451414 ], [ 15.143900604211462, 36.681580336912837 ], [ 15.143776902187835, 36.681521624008965 ], [ 15.143619353548075, 36.681492630718346 ], [ 15.143482903856631, 36.681817224968249 ], [ 15.143185493505129, 36.683122278285012 ], [ 15.143220281515077, 36.683398356104703 ], [ 15.143332619861171, 36.683929756889746 ], [ 15.143582109391053, 36.684498952687939 ], [ 15.144950471611658, 36.68693958720889 ], [ 15.145379521264971, 36.687546199600774 ], [ 15.145747380750391, 36.687954748615809 ], [ 15.146142179384096, 36.688333933684177 ], [ 15.146288036972273, 36.688457997744244 ], [ 15.147805408461078, 36.688994560730471 ], [ 15.147947684536, 36.689038251583405 ], [ 15.148216635669485, 36.689108938163692 ], [ 15.151918144367244, 36.689296579427115 ] ] ], [ [ [ 15.11941751309457, 36.738498163218857 ], [ 15.119492589398476, 36.738326406720333 ], [ 15.119434615769634, 36.738211524636391 ], [ 15.119359530836878, 36.738104669175989 ], [ 15.11923724409046, 36.738018110837487 ], [ 15.119134904508496, 36.737959097499093 ], [ 15.118806043754223, 36.737830756478189 ], [ 15.118598346565049, 36.737872976383237 ], [ 15.118439157061886, 36.737980192169864 ], [ 15.118358900248122, 36.738060828419385 ], [ 15.118355722642638, 36.738117246280538 ], [ 15.118365911703881, 36.738341723345904 ], [ 15.11839916014921, 36.738434509445625 ], [ 15.118417887162623, 36.738485301264127 ], [ 15.119092486028332, 36.738601221576062 ], [ 15.119170801713492, 36.738601695678462 ], [ 15.119236177600845, 36.7385803128563 ], [ 15.11941751309457, 36.738498163218857 ] ] ], [ [ [ 15.105563225904294, 36.790035067879799 ], [ 15.105238049742111, 36.790039021312971 ], [ 15.104600466455912, 36.790583854307016 ], [ 15.103822413983908, 36.791409773016788 ], [ 15.103467556038032, 36.792344862466628 ], [ 15.104641912909567, 36.792963044002882 ], [ 15.105118437816653, 36.79299802586258 ], [ 15.105869427917275, 36.792947423361333 ], [ 15.106326686509304, 36.792554754977601 ], [ 15.106336908926504, 36.792125590083103 ], [ 15.106261133161794, 36.791546070528156 ], [ 15.106054557411685, 36.790997104919796 ], [ 15.105752912505832, 36.790369691566497 ], [ 15.105563225904294, 36.790035067879799 ] ] ], [ [ [ 15.2635454342191, 36.979780479026815 ], [ 15.263669135304065, 36.979726431259358 ], [ 15.264238141386651, 36.979458932560156 ], [ 15.264877023269086, 36.979011291038773 ], [ 15.264918997975636, 36.978963874077436 ], [ 15.264896297862398, 36.978896311157712 ], [ 15.264853910601154, 36.97882203276442 ], [ 15.264769429834965, 36.978759124441815 ], [ 15.264713102021695, 36.978718685836213 ], [ 15.264648433366776, 36.978700805506406 ], [ 15.26453320911639, 36.978683041329475 ], [ 15.264283104818325, 36.978654287539229 ], [ 15.263738410074579, 36.978723120002734 ], [ 15.263567181797114, 36.978757293496749 ], [ 15.262885950002016, 36.978967320101368 ], [ 15.262845454026085, 36.979106379841696 ], [ 15.263120732741154, 36.979746613345569 ], [ 15.263244300118753, 36.979805549132152 ], [ 15.263472271577584, 36.979870860970991 ], [ 15.2635454342191, 36.979780479026815 ] ] ], [ [ [ 15.302753076360526, 37.044018617306364 ], [ 15.302775911871937, 37.043986647445195 ], [ 15.302785046025956, 37.043927274477774 ], [ 15.302771344613776, 37.04388616979238 ], [ 15.302739375075701, 37.043845065764685 ], [ 15.302469914066592, 37.043603007394282 ], [ 15.302314631309903, 37.043497963607344 ], [ 15.302214154333472, 37.043525366499154 ], [ 15.302168483533952, 37.043557336521118 ], [ 15.302131945997131, 37.043781125825035 ], [ 15.302150214750968, 37.043840498776071 ], [ 15.302493079362712, 37.044205102390656 ], [ 15.302618503862323, 37.044278266984094 ], [ 15.302785737136015, 37.044246910637987 ], [ 15.302789613448038, 37.044201301915074 ], [ 15.302753076360526, 37.044018617306364 ] ] ], [ [ [ 15.205087114899698, 37.236203018276775 ], [ 15.205566155991486, 37.236168379816213 ], [ 15.20568395745698, 37.235958605598285 ], [ 15.205624017762121, 37.235679274474073 ], [ 15.203590728575405, 37.235234345780938 ], [ 15.203329355054699, 37.235514226738573 ], [ 15.203708329111985, 37.235993572941958 ], [ 15.204465165021659, 37.2365466208607 ], [ 15.204558058166134, 37.236501387301018 ], [ 15.205087114899698, 37.236203018276775 ] ] ], [ [ [ 14.925096508977367, 37.411011734586943 ], [ 14.932750871771857, 37.408394225374238 ], [ 14.941398391762879, 37.405261389832667 ], [ 14.951303092285555, 37.395008235124806 ], [ 14.95317971771763, 37.393053010536434 ], [ 14.954308100846553, 37.390628752543286 ], [ 14.955928565588552, 37.386899908232493 ], [ 14.956403384597346, 37.386287161615108 ], [ 14.956945809663067, 37.385933568874897 ], [ 14.957330008425659, 37.385701599910455 ], [ 14.960526057899875, 37.38397407176145 ], [ 14.964052882768451, 37.38228760496834 ], [ 14.971181388542961, 37.379871620732175 ], [ 14.981845334738564, 37.3751527555603 ], [ 14.984962952003855, 37.373636621687794 ], [ 14.992385572724277, 37.372326888502634 ], [ 15.007585313012127, 37.37033151299898 ], [ 15.012272153157763, 37.369492829470431 ], [ 15.013841940933645, 37.369267320740612 ], [ 15.014643792246408, 37.369249197575478 ], [ 15.015649002304817, 37.369627642181712 ], [ 15.022650297084166, 37.3723084079543 ], [ 15.024807226956133, 37.375286935722762 ], [ 15.024798954940556, 37.375584192925245 ], [ 15.024810475948339, 37.376287279282295 ], [ 15.025036653960044, 37.377134524386157 ], [ 15.02530792601279, 37.377684307378246 ], [ 15.025737317827835, 37.378188989686016 ], [ 15.025997177217157, 37.378459334582537 ], [ 15.032559392549134, 37.371291751241202 ], [ 15.032692260672647, 37.37078399800528 ], [ 15.032708747087428, 37.37065725040685 ], [ 15.032741220213444, 37.370407585387667 ], [ 15.032762224357754, 37.370246096924312 ], [ 15.032916646580404, 37.368272022164021 ], [ 15.033039563194752, 37.365261379014179 ], [ 15.03301514477349, 37.36468913997934 ], [ 15.03301093785576, 37.364590566431175 ], [ 15.033005822316738, 37.36447073655593 ], [ 15.032995522946878, 37.364430008257393 ], [ 15.032962926102368, 37.364333103267171 ], [ 15.032752204615862, 37.36372828759896 ], [ 15.032440069068411, 37.363026123379242 ], [ 15.032418959357248, 37.362501200555833 ], [ 15.032417323178164, 37.36246050035345 ], [ 15.032701089120337, 37.362356076870405 ], [ 15.033444694221215, 37.362088399004222 ], [ 15.036990620782472, 37.362132417850489 ], [ 15.039170159034107, 37.362203836360145 ], [ 15.040514012512155, 37.362257464638475 ], [ 15.042560915072574, 37.362428006350299 ], [ 15.044771632388491, 37.362699858265209 ], [ 15.048182338325445, 37.363164977673158 ], [ 15.06138569448839, 37.361047285190423 ], [ 15.073461381159989, 37.359116119041168 ], [ 15.076161600049014, 37.358823644527057 ], [ 15.077369758890367, 37.358714706771664 ], [ 15.078562324399941, 37.358618447929047 ], [ 15.079368311220511, 37.358553386084331 ], [ 15.080870073165034, 37.358489263325666 ], [ 15.086701086512555, 37.358494137211707 ], [ 15.088809643724558, 37.358507379555789 ], [ 15.089723180542414, 37.358550484673913 ], [ 15.090972663479114, 37.35864173443457 ], [ 15.091750657467786, 37.354710506619377 ], [ 15.092428056406041, 37.348382212331252 ], [ 15.093741812285128, 37.338109546860068 ], [ 15.094399565129942, 37.334473918782962 ], [ 15.094960658780829, 37.332023933055076 ], [ 15.095457516497476, 37.329901609646647 ], [ 15.096497726282523, 37.325604892729778 ], [ 15.097889928018656, 37.321145565420458 ], [ 15.098232281795894, 37.320381035918331 ], [ 15.099406308657366, 37.317999108073749 ], [ 15.100042309694492, 37.316783594983335 ], [ 15.101002229778665, 37.315182749791845 ], [ 15.102293857014075, 37.313381691197115 ], [ 15.103860369113702, 37.311263912923266 ], [ 15.10452170988521, 37.310734218883333 ], [ 15.105269748825517, 37.310177138266695 ], [ 15.120682634432116, 37.310155401716358 ], [ 15.134731932269982, 37.309531966520396 ], [ 15.137246366184392, 37.308314980722734 ], [ 15.138879121730168, 37.307338008897787 ], [ 15.143078574578247, 37.303744962409773 ], [ 15.150816973894171, 37.297411405896099 ], [ 15.154769818419645, 37.294437910422488 ], [ 15.160955194353022, 37.289788277867146 ], [ 15.161635809995287, 37.289290229840979 ], [ 15.161850858648599, 37.289184766568091 ], [ 15.162233155137125, 37.289002603087461 ], [ 15.163100598474388, 37.288759596439128 ], [ 15.163142744421494, 37.288749280720275 ], [ 15.163323232511821, 37.288705103997202 ], [ 15.163575050708152, 37.288704750292297 ], [ 15.164902696498874, 37.289066777700995 ], [ 15.165048130547747, 37.289143997482618 ], [ 15.165251854900808, 37.28929856967784 ], [ 15.165358706753576, 37.289445525924094 ], [ 15.165861475198046, 37.290201336696825 ], [ 15.166392072126955, 37.291073589826567 ], [ 15.166883957417104, 37.291556977462093 ], [ 15.167427061177749, 37.291881395239159 ], [ 15.168907066268526, 37.292747655721186 ], [ 15.168998083143292, 37.292773372214157 ], [ 15.169297858930138, 37.292850023740712 ], [ 15.170374114219129, 37.293065599355913 ], [ 15.171265493947642, 37.293199816995099 ], [ 15.171623841312831, 37.293191546320053 ], [ 15.17827287291259, 37.291079725400941 ], [ 15.178930820403561, 37.29079613740344 ], [ 15.180430366240444, 37.290097054099739 ], [ 15.180778607480665, 37.289918459704182 ], [ 15.184067138931651, 37.288090112548318 ], [ 15.185439893670639, 37.287066002703227 ], [ 15.185546154563202, 37.286957449105927 ], [ 15.185623220295355, 37.286786984239619 ], [ 15.185630529797963, 37.286677811389822 ], [ 15.189127335197178, 37.28177136322045 ], [ 15.191877186008666, 37.281608639266743 ], [ 15.192192643395812, 37.281634669054156 ], [ 15.194219460057623, 37.282308148802855 ], [ 15.194453492263493, 37.282401269646087 ], [ 15.194742719636732, 37.282527830198596 ], [ 15.194784459561092, 37.282546095058095 ], [ 15.19700544548423, 37.287447643757389 ], [ 15.197446630051562, 37.292147521967181 ], [ 15.200445010089959, 37.293337563163355 ], [ 15.203601382009325, 37.293840045166846 ], [ 15.204652272750286, 37.293987880005403 ], [ 15.206157255209247, 37.293421786427764 ], [ 15.208592667270773, 37.291479176678358 ], [ 15.20968769688991, 37.290109004645444 ], [ 15.210939522439995, 37.288145211838824 ], [ 15.212262657969021, 37.284819404235371 ], [ 15.212499393629708, 37.284254738106441 ], [ 15.213905231902435, 37.281967752759755 ], [ 15.216596459260911, 37.27836418881521 ], [ 15.219021200132858, 37.275871739110904 ], [ 15.224896520314221, 37.27018009159876 ], [ 15.233713960984419, 37.264323728092499 ], [ 15.239030125677765, 37.262036389266662 ], [ 15.240930318311261, 37.26043040324457 ], [ 15.242977163880656, 37.255523664385336 ], [ 15.243962637087987, 37.251084288294763 ], [ 15.245113121306542, 37.248152151268563 ], [ 15.246619873426731, 37.246855059772038 ], [ 15.248025645906207, 37.245733807974169 ], [ 15.250096284550217, 37.244838480346587 ], [ 15.255602746559266, 37.24139992991234 ], [ 15.254494735345716, 37.235791545796467 ], [ 15.25217592815299, 37.233552169900896 ], [ 15.247160616871758, 37.232026975272703 ], [ 15.245126070765664, 37.23295569635966 ], [ 15.242549676462104, 37.234206927689215 ], [ 15.241928754010463, 37.234544661163802 ], [ 15.239332863357127, 37.236037980415496 ], [ 15.238234166216353, 37.237049602685083 ], [ 15.237938866564697, 37.237336917162281 ], [ 15.23743851981628, 37.238359168733254 ], [ 15.236944874889781, 37.239637317252118 ], [ 15.235687031543963, 37.240933556783268 ], [ 15.235113412208419, 37.24127590683576 ], [ 15.235054290608566, 37.241309204783143 ], [ 15.234728868650809, 37.24144728011558 ], [ 15.231156975029601, 37.242924806022245 ], [ 15.230881726155733, 37.242976924758644 ], [ 15.230336452978836, 37.24307356481858 ], [ 15.229992543978261, 37.243104372573384 ], [ 15.229822890683547, 37.243105334504307 ], [ 15.229775989362233, 37.243102464971983 ], [ 15.229509772742889, 37.243086171200567 ], [ 15.229278970725941, 37.243047066613897 ], [ 15.229081062742308, 37.242991442195049 ], [ 15.229006852198719, 37.242965226456867 ], [ 15.227869974594029, 37.242374753435676 ], [ 15.227059236171675, 37.241861876446762 ], [ 15.225553743526154, 37.240780181277245 ], [ 15.225365791237541, 37.240604920310489 ], [ 15.224146469226497, 37.239347861116833 ], [ 15.223963801783691, 37.239140451303243 ], [ 15.22380241593708, 37.238892308233687 ], [ 15.223750357455074, 37.238757636806191 ], [ 15.223738985139436, 37.238695834795735 ], [ 15.223073302802486, 37.234287805221619 ], [ 15.22369314743672, 37.230890066529085 ], [ 15.223926530709655, 37.226665767103157 ], [ 15.224510847964627, 37.221974203487967 ], [ 15.225356629133817, 37.216206712702409 ], [ 15.233534252219062, 37.19856039746751 ], [ 15.232453212024017, 37.198446054687352 ], [ 15.22533132351405, 37.214644243171016 ], [ 15.221019028808634, 37.217538949825929 ], [ 15.220173727596848, 37.218331305906652 ], [ 15.218968469456659, 37.219585313057706 ], [ 15.217897376165958, 37.221582457948919 ], [ 15.216551843008352, 37.224154247539339 ], [ 15.216620553136176, 37.230546021552207 ], [ 15.217984288623157, 37.235834823101115 ], [ 15.215948673773166, 37.243789990055838 ], [ 15.212806697972333, 37.246564744325745 ], [ 15.206981992854265, 37.245251054114767 ], [ 15.206294968047001, 37.245058742917379 ], [ 15.20588245285154, 37.244788624383688 ], [ 15.205701007961931, 37.244655240726246 ], [ 15.205464442442841, 37.244479774298455 ], [ 15.205387137487598, 37.244409890934008 ], [ 15.204891746964874, 37.243962054254872 ], [ 15.204702606808516, 37.24364863904345 ], [ 15.204385592319266, 37.242450668062006 ], [ 15.204385342621208, 37.242359814502962 ], [ 15.204385903327545, 37.242285333252468 ], [ 15.197464196537384, 37.235409390705613 ], [ 15.193590755740297, 37.236131167121584 ], [ 15.185951361217381, 37.236425791599579 ], [ 15.190224502226245, 37.232547370780871 ], [ 15.194412714593186, 37.228656329435793 ], [ 15.194571596734475, 37.228052675900713 ], [ 15.194931325074007, 37.22617523279073 ], [ 15.193766052802074, 37.223231459018322 ], [ 15.192307673395316, 37.220975179960718 ], [ 15.192000865476176, 37.220719820695493 ], [ 15.185069782199783, 37.216396916003895 ], [ 15.182220150331096, 37.207472121076755 ], [ 15.184271982073312, 37.19980323854017 ], [ 15.187705422649808, 37.190052439567189 ], [ 15.192498560927557, 37.185318527391679 ], [ 15.195892056416671, 37.183598330474759 ], [ 15.198192826027508, 37.184461956946656 ], [ 15.198595575001464, 37.184655115989393 ], [ 15.198755870472725, 37.184432385321337 ], [ 15.201237695207006, 37.178391986961266 ], [ 15.201247558194112, 37.171134535378158 ], [ 15.200165275770168, 37.170455590925364 ], [ 15.200048832112993, 37.170233109716797 ], [ 15.199674160162282, 37.165020751111129 ], [ 15.201026985342748, 37.161071869001113 ], [ 15.204531030600958, 37.154987720777029 ], [ 15.205831380766588, 37.153556755911083 ], [ 15.206263828678322, 37.153172608663553 ], [ 15.208587731364961, 37.151500283676988 ], [ 15.20925663721049, 37.151205381076736 ], [ 15.211704061641795, 37.150265382981658 ], [ 15.212701896898658, 37.150045451951193 ], [ 15.213102878913853, 37.149969229158692 ], [ 15.214438343063437, 37.149855511408468 ], [ 15.214778087632437, 37.149832213474788 ], [ 15.214972914587383, 37.149818853981159 ], [ 15.218659543754951, 37.149908076708641 ], [ 15.21928374285358, 37.149934693600088 ], [ 15.219343460000132, 37.149937240005883 ], [ 15.220266539356656, 37.150037098610504 ], [ 15.220572854588653, 37.150070235277923 ], [ 15.221053662228702, 37.150171375627714 ], [ 15.221570736807394, 37.150316460275292 ], [ 15.222034900600498, 37.150453892349347 ], [ 15.222285556710517, 37.150528107189402 ], [ 15.222716854822872, 37.150666376821675 ], [ 15.222907346336617, 37.150727445843039 ], [ 15.223590458608408, 37.150968582336745 ], [ 15.224858823270427, 37.151459006204739 ], [ 15.225151735327469, 37.151572261358176 ], [ 15.226104729399543, 37.152206490177996 ], [ 15.226853346027358, 37.153112623451761 ], [ 15.22693743688567, 37.156257643263061 ], [ 15.226565595767454, 37.156832781552083 ], [ 15.225961096017679, 37.158179097188246 ], [ 15.226170027851948, 37.158469777357944 ], [ 15.226633178918803, 37.158698402085136 ], [ 15.227005920535925, 37.158877281552051 ], [ 15.22756004453349, 37.158932763377585 ], [ 15.233205512654139, 37.159155265597313 ], [ 15.233610819262328, 37.159127097704967 ], [ 15.234042896090033, 37.158994354975995 ], [ 15.234331231819981, 37.158853811881244 ], [ 15.234415958603904, 37.158800364037567 ], [ 15.234539598722689, 37.158722366927918 ], [ 15.234614514878221, 37.158674979153318 ], [ 15.235369555804475, 37.158162705077032 ], [ 15.235529351104203, 37.158054285990076 ], [ 15.237111020785374, 37.155982149581213 ], [ 15.244091860658113, 37.146391604541265 ], [ 15.244239054446101, 37.145798408409057 ], [ 15.242427851565353, 37.145802990487269 ], [ 15.240718466249927, 37.145812564115829 ], [ 15.240313520506954, 37.145910893856112 ], [ 15.238069561710775, 37.146651590336887 ], [ 15.236772365342647, 37.147287057955772 ], [ 15.234345146654313, 37.148560305636202 ], [ 15.233811965204534, 37.148870292875401 ], [ 15.233696252118792, 37.148937705703133 ], [ 15.233617897035662, 37.14899176383048 ], [ 15.233097811615627, 37.149369421363332 ], [ 15.233070065572843, 37.149421768225622 ], [ 15.23291735650615, 37.149710179602465 ], [ 15.231563924363874, 37.151621304880237 ], [ 15.230077848545138, 37.152430438162021 ], [ 15.229866722418018, 37.152509589510331 ], [ 15.229693683672963, 37.152556161958685 ], [ 15.229616197667834, 37.152577016643257 ], [ 15.229236384736733, 37.152608173722491 ], [ 15.22907090137147, 37.152579308283016 ], [ 15.228787855981944, 37.152529934323191 ], [ 15.227909971382253, 37.152290149288724 ], [ 15.22671154003644, 37.151858477514232 ], [ 15.225227889891517, 37.15117366502944 ], [ 15.224537468095647, 37.150765002942883 ], [ 15.224394157773933, 37.15066593852368 ], [ 15.224184920034284, 37.150481928652695 ], [ 15.223050468922134, 37.149161607609322 ], [ 15.220836625466243, 37.145309032980151 ], [ 15.220796664511305, 37.145227587065385 ], [ 15.22078162447615, 37.145196933313926 ], [ 15.220654237052477, 37.144937296998641 ], [ 15.220482546739607, 37.144501020947189 ], [ 15.220117159398074, 37.143368268262712 ], [ 15.219999563390255, 37.142408893670066 ], [ 15.219772814007747, 37.138149344706861 ], [ 15.219821173005364, 37.134996525710974 ], [ 15.220189148821962, 37.13179288344385 ], [ 15.22056138262964, 37.130069836294396 ], [ 15.22073603087742, 37.129403424595878 ], [ 15.22118556006351, 37.12838027618271 ], [ 15.221535483446727, 37.128053241716529 ], [ 15.222480203986036, 37.127280799367561 ], [ 15.223053314716321, 37.126844662081943 ], [ 15.234686682492411, 37.118477505298756 ], [ 15.240576858164275, 37.115020907536127 ], [ 15.251009278720691, 37.112072167794899 ], [ 15.259221761541539, 37.109966014151532 ], [ 15.259375480967794, 37.109645480838928 ], [ 15.259566450739953, 37.107921658329076 ], [ 15.259749482785242, 37.107507983776962 ], [ 15.259940106035485, 37.107315983011809 ], [ 15.260685536836144, 37.106842783038083 ], [ 15.260908288629476, 37.106766484797674 ], [ 15.262776956218513, 37.106241987260255 ], [ 15.263438808839393, 37.106107426516459 ], [ 15.267075071142411, 37.106202622101385 ], [ 15.277031745469129, 37.107526930430517 ], [ 15.27855931128224, 37.108261722560172 ], [ 15.279608130371336, 37.109244536314065 ], [ 15.280112278503802, 37.109580749017802 ], [ 15.281489844635665, 37.110058427627138 ], [ 15.28175130610858, 37.110142422825341 ], [ 15.282180347749442, 37.110193618857316 ], [ 15.286686071640036, 37.109339845614628 ], [ 15.287996599630034, 37.109038357224563 ], [ 15.293763285580088, 37.107587399564963 ], [ 15.295748407340158, 37.106744899405278 ], [ 15.296399732314395, 37.105596515213385 ], [ 15.298386605740765, 37.100439976260411 ], [ 15.299366581766938, 37.097760724634561 ], [ 15.300686466777174, 37.092967656102068 ], [ 15.299997894949524, 37.079432215902045 ], [ 15.295558439807541, 37.074026842570937 ], [ 15.291190958442366, 37.068969597157739 ], [ 15.290278329004794, 37.066455641415359 ], [ 15.291864523253439, 37.066874958754759 ], [ 15.293538761932096, 37.067119829471949 ], [ 15.296177833290445, 37.065532689232292 ], [ 15.298050275251979, 37.061652074415576 ], [ 15.29719626206507, 37.058004419058101 ], [ 15.295744721876222, 37.054380817685207 ], [ 15.294252563307721, 37.054412436183497 ], [ 15.292885360880151, 37.057114867686899 ], [ 15.291468503039502, 37.06049451544699 ], [ 15.287434195438628, 37.063682756178515 ], [ 15.280796435724953, 37.065516194482456 ], [ 15.280546412684588, 37.06553418742179 ], [ 15.27980590942701, 37.065587471902205 ], [ 15.27956973626787, 37.065604464704379 ], [ 15.278044178072509, 37.065250390330043 ], [ 15.277224133824648, 37.064656200725295 ], [ 15.276235888832709, 37.063816502915579 ], [ 15.274520453954551, 37.062337675032104 ], [ 15.273979600558146, 37.061832233939072 ], [ 15.271429855271917, 37.05789479280817 ], [ 15.271250614946066, 37.057551354941261 ], [ 15.271004988163778, 37.056740933757588 ], [ 15.2705381683909, 37.054188636624225 ], [ 15.271040029126922, 37.051188642790471 ], [ 15.271888569088295, 37.049271270604926 ], [ 15.272198198205901, 37.048728928471895 ], [ 15.275507319626534, 37.039777744742977 ], [ 15.275635329610337, 37.039378442480754 ], [ 15.275844176108224, 37.03897246955146 ], [ 15.276986579588975, 37.037227819711127 ], [ 15.277598726520146, 37.036493252562465 ], [ 15.278646796621864, 37.035520859104651 ], [ 15.279178984130462, 37.035052471697327 ], [ 15.280074731904845, 37.034463209043849 ], [ 15.281051231900138, 37.03384454688247 ], [ 15.281559738835618, 37.033544907775919 ], [ 15.282173810080822, 37.033352046190089 ], [ 15.283886870892779, 37.03285812781774 ], [ 15.284153580234271, 37.032799103467468 ], [ 15.288244091697326, 37.032585027502869 ], [ 15.288801715194959, 37.032583505975971 ], [ 15.288917224501898, 37.032583222398117 ], [ 15.289124447189435, 37.032606195795857 ], [ 15.289289476813295, 37.03262449186817 ], [ 15.290204319822312, 37.032829868647937 ], [ 15.290593024215175, 37.032945714119684 ], [ 15.291135633037847, 37.033113060585777 ], [ 15.291678667490178, 37.033390709599047 ], [ 15.291938493294223, 37.033646333460027 ], [ 15.292133676518617, 37.033918354943239 ], [ 15.292223249518948, 37.034073840707293 ], [ 15.292288977334882, 37.034339688175706 ], [ 15.292232931166414, 37.034489030271267 ], [ 15.29760597602505, 37.04116469280698 ], [ 15.298320160209727, 37.041746801869465 ], [ 15.299170754120542, 37.042036623142813 ], [ 15.300823316063429, 37.042593643519332 ], [ 15.301511389942322, 37.042702184796937 ], [ 15.302466610148585, 37.042848982643378 ], [ 15.303073678340173, 37.042925286647673 ], [ 15.303275950732576, 37.042931250375382 ], [ 15.303396749557455, 37.042794705044699 ], [ 15.303443896712443, 37.042444237447 ], [ 15.306341220682633, 37.039562683364309 ], [ 15.307345242272287, 37.038909648257317 ], [ 15.308257420510097, 37.038423930535203 ], [ 15.310332304248032, 37.03733933307835 ], [ 15.31073713871436, 37.03748971004179 ], [ 15.311500047481278, 37.038100811482565 ], [ 15.315976928204543, 37.035000735279063 ], [ 15.318235759005194, 37.029645451907456 ], [ 15.320689315020356, 37.024510160888269 ], [ 15.322224712943555, 37.022274162133236 ], [ 15.323932268323745, 37.02060538150382 ], [ 15.33047094648045, 37.016460179723509 ], [ 15.334937833228556, 37.010966256559001 ], [ 15.336107731708449, 37.008523497729627 ], [ 15.336562503302105, 37.007127297667054 ], [ 15.33628336248859, 37.002498974460096 ], [ 15.335966157400422, 37.002078147596066 ], [ 15.335462555260992, 37.001836116548439 ], [ 15.335323029136234, 37.001791155013997 ], [ 15.335056143558667, 37.001710565838522 ], [ 15.334488431953659, 37.001722782862423 ], [ 15.333541671802925, 37.001744163933878 ], [ 15.333094589713561, 37.001768235186574 ], [ 15.332076005157553, 37.001871752146933 ], [ 15.320244515243642, 37.003100673371982 ], [ 15.314767161005609, 37.003689733233749 ], [ 15.31285379766714, 37.004703394876564 ], [ 15.310149648033605, 37.008269667355464 ], [ 15.303953468353633, 37.014665552072962 ], [ 15.303817577394064, 37.014788986974615 ], [ 15.303137208614597, 37.015166809124175 ], [ 15.302978162021731, 37.015214751872314 ], [ 15.302771129686683, 37.01527715759034 ], [ 15.30172283654624, 37.015307176724413 ], [ 15.301414577033507, 37.015301672378918 ], [ 15.301219925020836, 37.015298195861774 ], [ 15.29953165112914, 37.015145198912293 ], [ 15.298780737702771, 37.014931686777018 ], [ 15.298055145891899, 37.014653159502714 ], [ 15.297892664027238, 37.014516805812413 ], [ 15.297319359220019, 37.01394385843038 ], [ 15.294410605922582, 37.011147524648784 ], [ 15.29373499219577, 37.010554295118062 ], [ 15.293273223104642, 37.010158827708274 ], [ 15.292513071420485, 37.009740169709062 ], [ 15.283481369755142, 37.005861002191942 ], [ 15.282811245972727, 37.006713935894162 ], [ 15.28223317602686, 37.007111910998752 ], [ 15.281960808378606, 37.007204882557787 ], [ 15.281066811575002, 37.00744631788853 ], [ 15.280887993418968, 37.007487779047139 ], [ 15.280504697889677, 37.007550221171243 ], [ 15.279797533079542, 37.007610019268938 ], [ 15.277609208403947, 37.007623903098605 ], [ 15.276806803878477, 37.007542693265187 ], [ 15.275969793933278, 37.007329972014375 ], [ 15.275338495025485, 37.007163472330276 ], [ 15.270752097901306, 37.004415419554213 ], [ 15.268727915941067, 37.003172085947227 ], [ 15.26777966285449, 37.002517769667193 ], [ 15.265706439040061, 36.999397463462834 ], [ 15.265389314884102, 36.998878482464384 ], [ 15.264865650234391, 36.997622886983628 ], [ 15.264591278574525, 36.996902730380839 ], [ 15.264491335894014, 36.995745899006089 ], [ 15.264445712717368, 36.994831173621336 ], [ 15.264453940402584, 36.9946707560322 ], [ 15.264594079842116, 36.994543530131004 ], [ 15.266345354728003, 36.991823482155311 ], [ 15.269030893663162, 36.987017700133634 ], [ 15.267892245211828, 36.985493838498726 ], [ 15.262140977832889, 36.981223478630803 ], [ 15.256629723770502, 36.980227287826068 ], [ 15.257706194458908, 36.979040464107946 ], [ 15.26113532528489, 36.976163454894582 ], [ 15.262572637805944, 36.975412789678593 ], [ 15.262740617546465, 36.97521457400255 ], [ 15.262620657878502, 36.975102545065923 ], [ 15.261669274757624, 36.97430794078381 ], [ 15.257348627109568, 36.97309612747236 ], [ 15.244516083607813, 36.971747623984868 ], [ 15.238983044265241, 36.972198309142684 ], [ 15.227198949227031, 36.967423536736355 ], [ 15.226300288862348, 36.966484003676541 ], [ 15.223351814972013, 36.964356786933067 ], [ 15.222384102721735, 36.963798088499068 ], [ 15.219885738129761, 36.96236090567529 ], [ 15.219543117008104, 36.962326283738015 ], [ 15.216487074196806, 36.962402409753736 ], [ 15.216109657205184, 36.962480637780558 ], [ 15.215723594206814, 36.962615312051767 ], [ 15.215399026238007, 36.962749852107009 ], [ 15.21514478397766, 36.962905429886128 ], [ 15.214382518775682, 36.963551933701261 ], [ 15.214084750364878, 36.96384860373378 ], [ 15.205674996423014, 36.958779994764178 ], [ 15.206354621100935, 36.953540254026585 ], [ 15.202210048733159, 36.953624943101786 ], [ 15.196198497432299, 36.951650287343853 ], [ 15.189830812821096, 36.947691033617929 ], [ 15.186221076202537, 36.945128193393856 ], [ 15.179683146399611, 36.938682515449948 ], [ 15.174901096711006, 36.928837801486416 ], [ 15.172730156545029, 36.924488483271283 ], [ 15.171912588332976, 36.924004922160123 ], [ 15.1662272247133, 36.92152161558262 ], [ 15.163322529861217, 36.920267462394733 ], [ 15.160846082132464, 36.920053427469767 ], [ 15.160861364658533, 36.920120257114284 ], [ 15.160855301818643, 36.920210226560847 ], [ 15.160766617106736, 36.920238860416553 ], [ 15.160296326297518, 36.920268027224168 ], [ 15.1601455561847, 36.920246207553475 ], [ 15.160101027366139, 36.920239762308348 ], [ 15.159708830902266, 36.920082677212221 ], [ 15.159096289005976, 36.919801457990857 ], [ 15.158795012952648, 36.919648763344462 ], [ 15.157951333627741, 36.919174439433675 ], [ 15.157760414455888, 36.919013529413483 ], [ 15.1569965193335, 36.918305397537736 ], [ 15.156524117612816, 36.917862819347803 ], [ 15.155599386915613, 36.916973587554637 ], [ 15.154996207687677, 36.916345816950802 ], [ 15.154403097284929, 36.915722072335903 ], [ 15.153430412870341, 36.914459302644595 ], [ 15.151970039521448, 36.911996561011144 ], [ 15.15155452587689, 36.9112878110843 ], [ 15.143683090154681, 36.895795187032419 ], [ 15.142263146432933, 36.892650825334414 ], [ 15.141047831048279, 36.889604741039598 ], [ 15.139063723328981, 36.882002652302177 ], [ 15.137550647933475, 36.87606545193632 ], [ 15.137943495326205, 36.875822332716915 ], [ 15.1385961782174, 36.874629737741486 ], [ 15.138916291195153, 36.873611888259902 ], [ 15.13800773737964, 36.869692220997713 ], [ 15.137920380949913, 36.869412107386566 ], [ 15.137793674646019, 36.869005811562822 ], [ 15.137310359866829, 36.867572849238378 ], [ 15.136786211283876, 36.866260917628423 ], [ 15.136600559039968, 36.866163381828045 ], [ 15.136437185812062, 36.866121842765494 ], [ 15.136306085807007, 36.866150068487428 ], [ 15.136046742144334, 36.86624209209878 ], [ 15.135883080336896, 36.866307724601228 ], [ 15.135694569341236, 36.866396076644428 ], [ 15.134430966484347, 36.86682588974994 ], [ 15.133593510257841, 36.867026442580361 ], [ 15.133168617239473, 36.867119221336935 ], [ 15.131478888603571, 36.867414269707062 ], [ 15.130874297888647, 36.867362872776319 ], [ 15.126791541469276, 36.865630696556821 ], [ 15.125141728937885, 36.864449955219989 ], [ 15.120893032811093, 36.86111012560891 ], [ 15.118376173684311, 36.858841706847265 ], [ 15.117048009531459, 36.857202533977841 ], [ 15.114143779229666, 36.853491472637785 ], [ 15.112371259105768, 36.850905436125935 ], [ 15.107702763418219, 36.840506866239018 ], [ 15.106237847128677, 36.834926744225719 ], [ 15.106177463845047, 36.834615522990482 ], [ 15.106125701726858, 36.83418955297838 ], [ 15.106059391825676, 36.833135662528704 ], [ 15.106170223917157, 36.831935657706552 ], [ 15.108716551604102, 36.819329413101826 ], [ 15.108314012194821, 36.815025690760855 ], [ 15.106040016085746, 36.806401375080121 ], [ 15.105181675397436, 36.805358637634257 ], [ 15.10300342831883, 36.803441972461947 ], [ 15.101742627389688, 36.802335297633256 ], [ 15.100916200218146, 36.802220687152257 ], [ 15.099728456160166, 36.802589032810019 ], [ 15.099026419058744, 36.802844451229966 ], [ 15.095507917199521, 36.795511837798678 ], [ 15.096318756552638, 36.787101486379164 ], [ 15.095376241651891, 36.776347681829279 ], [ 15.100062523898886, 36.767377499806145 ], [ 15.100041837096654, 36.766176862346512 ], [ 15.100079356860366, 36.765622676849311 ], [ 15.101706861271344, 36.76112026364963 ], [ 15.103066345361565, 36.75785521639915 ], [ 15.104403840443466, 36.755545305357955 ], [ 15.1087762217697, 36.749329275908693 ], [ 15.109873140560673, 36.748130869312988 ], [ 15.111067037906375, 36.746972032788783 ], [ 15.112407939754572, 36.74593915846237 ], [ 15.11410045138339, 36.744828110676231 ], [ 15.114562028831823, 36.744552020203244 ], [ 15.115058853390281, 36.744397607133031 ], [ 15.11612919131794, 36.744258021004192 ], [ 15.116492399147104, 36.744242267366353 ], [ 15.117740657534547, 36.735802101296095 ], [ 15.118283169814964, 36.73402219431636 ], [ 15.120826410878889, 36.732185037564534 ], [ 15.121340945292394, 36.722330504325278 ], [ 15.121080361821834, 36.714004402010588 ], [ 15.123210652300294, 36.702589855436244 ], [ 15.123602325151305, 36.701599855351937 ], [ 15.12366667380026, 36.701476280890674 ], [ 15.125969123182657, 36.698425369877839 ], [ 15.127590566807111, 36.697085550034259 ], [ 15.13206387825177, 36.694635408243528 ], [ 15.135091924566391, 36.69065607176438 ], [ 15.137550626458946, 36.687139714907865 ], [ 15.138435869184379, 36.682491870892939 ], [ 15.135614945934643, 36.672241364102995 ], [ 15.132721975486479, 36.667772398623484 ], [ 15.129044038617849, 36.667176667474159 ], [ 15.124872317756182, 36.66913546252669 ], [ 15.124637378124737, 36.669474264962453 ], [ 15.125980700577104, 36.669742141887738 ], [ 15.126058911322302, 36.669787543845011 ], [ 15.126256575249087, 36.669902290410228 ], [ 15.126369282517865, 36.669988453543553 ], [ 15.127477123071898, 36.67119342672089 ], [ 15.124661363976831, 36.672916024313295 ], [ 15.122939868196736, 36.673888452521517 ], [ 15.122522251941893, 36.674116056248693 ], [ 15.122251547516015, 36.67426358983225 ], [ 15.12113078739249, 36.674703745264068 ], [ 15.120896665567333, 36.674749375850929 ], [ 15.119865497411359, 36.674950342985802 ], [ 15.119239852211884, 36.674990264529313 ], [ 15.11863197834219, 36.675029048385355 ], [ 15.117318163252179, 36.674985160687122 ], [ 15.117000352893397, 36.674928942759912 ], [ 15.116804213184935, 36.674894246781136 ], [ 15.116084221343064, 36.674766881230994 ], [ 15.113307391996507, 36.673703876013278 ], [ 15.112978467747986, 36.673527612383737 ], [ 15.112942330393736, 36.673508246565731 ], [ 15.112638139975436, 36.673308957569404 ], [ 15.112392896905146, 36.673147428564242 ], [ 15.109808335081039, 36.670304680096663 ], [ 15.108984976521546, 36.669388135532401 ], [ 15.10886270833582, 36.669009534157148 ], [ 15.10884206881081, 36.668637005016087 ], [ 15.108841953427847, 36.668554414153078 ], [ 15.108841116035602, 36.667951059234483 ], [ 15.108890171450097, 36.667651916819096 ], [ 15.108981745336399, 36.667093517321476 ], [ 15.10366659661609, 36.662386511055523 ], [ 15.088444874892403, 36.652927177815073 ], [ 15.079763200496412, 36.64771437491784 ], [ 15.076646959629953, 36.652048528804386 ], [ 15.074632089494177, 36.654560412184686 ], [ 15.07357755533817, 36.655714891027102 ], [ 15.071884159292724, 36.657496795963873 ], [ 15.070872686476838, 36.658450681662671 ], [ 15.070471252566234, 36.658727620582795 ], [ 15.070380262051179, 36.658790391958433 ], [ 15.069937823439348, 36.65904639757624 ], [ 15.068705805432929, 36.659751872865485 ], [ 15.06467238900299, 36.661370109206061 ], [ 15.064129275870618, 36.661574312103518 ], [ 15.062185549168044, 36.662116980459551 ], [ 15.061806621182175, 36.662186333971995 ], [ 15.061604118082624, 36.662217776941375 ], [ 15.060523475980949, 36.662373715858372 ], [ 15.059808776041605, 36.662422090106332 ], [ 15.058700539356746, 36.662328179431825 ], [ 15.057863545146315, 36.662163641202149 ], [ 15.05714133059624, 36.661931739400565 ], [ 15.05522627903925, 36.665030792422762 ], [ 15.052632110145177, 36.673136264896925 ], [ 15.052348485485199, 36.675676994142734 ], [ 15.052226297279388, 36.676134077115918 ], [ 15.052059891318549, 36.676667570682767 ], [ 15.051998971054315, 36.676862771264986 ], [ 15.051705822579667, 36.677789766155463 ], [ 15.051045276402474, 36.679166638956652 ], [ 15.050874008702921, 36.679444250525698 ], [ 15.050397712718242, 36.680134839940784 ], [ 15.047871944138375, 36.68363297986383 ], [ 15.047259034951322, 36.684309942622619 ], [ 15.046957125394814, 36.684643397622644 ], [ 15.045476860663996, 36.68619594733493 ], [ 15.045221946196261, 36.686454796873676 ], [ 15.044645745240167, 36.687001663848513 ], [ 15.043974420702403, 36.687627495946032 ], [ 15.043877706443343, 36.687717654788436 ], [ 15.04339491245538, 36.688107043612611 ], [ 15.04293002876317, 36.688481981493219 ], [ 15.042776222100057, 36.688588584615829 ], [ 15.042291544418003, 36.688924508504591 ], [ 15.032015436799274, 36.695455915259679 ], [ 15.027633506718349, 36.698116091602394 ], [ 15.024885150151993, 36.699479147603569 ], [ 15.020715971958628, 36.701244483610012 ], [ 15.019597531728492, 36.70159866932687 ], [ 15.017959738622526, 36.702017297882485 ], [ 15.013126172531628, 36.702919029496165 ], [ 15.011437257180221, 36.70311619715271 ], [ 15.009719010573217, 36.703259507789532 ], [ 15.008640514611059, 36.703347531190055 ], [ 15.006632562591975, 36.703405416804159 ], [ 15.005001086328122, 36.703311618024799 ], [ 15.004481168738831, 36.703261090905364 ], [ 15.003530993533158, 36.703167231369093 ], [ 15.002912459204753, 36.703095033747871 ], [ 15.000375639499918, 36.702777324965432 ], [ 14.999270422988014, 36.706260640277144 ], [ 14.998486696518503, 36.713982356747444 ], [ 14.999045162100472, 36.720154403660672 ], [ 14.997518220203387, 36.731393473956793 ], [ 14.997464098511289, 36.731623357005255 ], [ 14.996828826473104, 36.734249645886877 ], [ 14.995782787860044, 36.738076685512375 ], [ 14.994112942059425, 36.743512028901996 ], [ 14.990179351178819, 36.746729483888579 ], [ 14.989640189348513, 36.7469065730442 ], [ 14.989335935209764, 36.747007562112159 ], [ 14.989157714302955, 36.747112246043187 ], [ 14.98827539715538, 36.74764131884973 ], [ 14.988005780319931, 36.747926657602669 ], [ 14.987748457812778, 36.748198984417407 ], [ 14.986527363273312, 36.750074284197069 ], [ 14.985938116285016, 36.751366859405096 ], [ 14.986303401038423, 36.75430244410542 ], [ 14.986384027353662, 36.754572795972308 ], [ 14.986466546868439, 36.754849485943907 ], [ 14.986602703482815, 36.755058098092277 ], [ 14.986791980309315, 36.755339115039575 ], [ 14.986840829447138, 36.755411639371715 ], [ 14.987355597463097, 36.755889688317787 ], [ 14.98755501187013, 36.756022586769305 ], [ 14.987794005358346, 36.756181860872566 ], [ 14.988141813385601, 36.756413475403797 ], [ 14.988390391321369, 36.756551300318712 ], [ 14.988868359963588, 36.756816307606847 ], [ 14.989047822876577, 36.756915806553792 ], [ 14.990190648677629, 36.757512860009051 ], [ 14.992153379927185, 36.761472693784171 ], [ 14.991590915745061, 36.765490998408445 ], [ 14.989012711004936, 36.775306398863528 ], [ 14.988686933016467, 36.776515134158764 ], [ 14.988462979596322, 36.776849757179768 ], [ 14.988192829468076, 36.777253401639953 ], [ 14.986042410609464, 36.779958740214695 ], [ 14.986014713517863, 36.779983886787882 ], [ 14.985348990159373, 36.780588295430213 ], [ 14.985199953748818, 36.780723603431895 ], [ 14.969582643764946, 36.791753448620007 ], [ 14.958123860689362, 36.799567514257163 ], [ 14.951211444185695, 36.8012264693158 ], [ 14.950995429889252, 36.80086179634506 ], [ 14.949774007633506, 36.799780006824392 ], [ 14.949618384986065, 36.799664804393913 ], [ 14.949213333219912, 36.799364955277376 ], [ 14.948666664077576, 36.798960265418046 ], [ 14.947331723422863, 36.79807345327729 ], [ 14.944429509870318, 36.796712340371712 ], [ 14.942758989979255, 36.796783665083787 ], [ 14.941207641981409, 36.797552140124544 ], [ 14.940635712605415, 36.798158538183642 ], [ 14.940145303002057, 36.800245056179293 ], [ 14.940153172927426, 36.800432966824268 ], [ 14.940168345089434, 36.800795207009436 ], [ 14.940995166155156, 36.802454935296375 ], [ 14.941276313874377, 36.802634360381155 ], [ 14.941665747097113, 36.802878941486838 ], [ 14.942410343056917, 36.803303780273616 ], [ 14.932088764013596, 36.80930982307072 ], [ 14.923539838415291, 36.813769988741768 ], [ 14.915526313962509, 36.812615369703998 ], [ 14.914427906869804, 36.812289903194525 ], [ 14.912656345095536, 36.81209927577617 ], [ 14.911657979578935, 36.812199801411403 ], [ 14.904927056090363, 36.813467298468026 ], [ 14.902328369580545, 36.814029598723508 ], [ 14.894823562713949, 36.817684120203758 ], [ 14.893452546363454, 36.81904703165376 ], [ 14.892674438305795, 36.820677808598859 ], [ 14.891833638427103, 36.822495449708768 ], [ 14.890655998177486, 36.823921024114334 ], [ 14.890494712062505, 36.824077281517823 ], [ 14.888265166646507, 36.824547332434207 ], [ 14.88792944335793, 36.824613503250418 ], [ 14.887053018336392, 36.824786240444361 ], [ 14.886906489288688, 36.824815119330431 ], [ 14.882322686463915, 36.824716860450678 ], [ 14.879496998492995, 36.82408622598679 ], [ 14.867884050738937, 36.821361611221533 ], [ 14.866109914775725, 36.816726018450034 ], [ 14.86707541294267, 36.816313671588361 ], [ 14.8674456866546, 36.815419969249888 ], [ 14.86722383380091, 36.815193921113803 ], [ 14.866471335557033, 36.814428551155963 ], [ 14.862524472246257, 36.815902071152102 ], [ 14.860547573105356, 36.817847386976723 ], [ 14.856454800439614, 36.823511308911932 ], [ 14.853773578705461, 36.827955017253231 ], [ 14.855627118443191, 36.828208152931722 ], [ 14.857051119801998, 36.828434807018219 ], [ 14.858752729935867, 36.830240956713794 ], [ 14.85969409022538, 36.831267023587266 ], [ 14.859875848242236, 36.831465133041903 ], [ 14.859927831343226, 36.831521793024848 ], [ 14.860494961921537, 36.833426844475738 ], [ 14.864415505098311, 36.846961315317451 ], [ 14.865032140917579, 36.850749976882135 ], [ 14.863748730105495, 36.851889488297751 ], [ 14.8617818746718, 36.8541494122031 ], [ 14.861105987945251, 36.855771597358171 ], [ 14.861014763657991, 36.856892199265005 ], [ 14.861916663744211, 36.86013588014255 ], [ 14.862381685190668, 36.861401078163183 ], [ 14.862453432087509, 36.861596276785313 ], [ 14.863849718998583, 36.864530868441811 ], [ 14.864365668234065, 36.865374638754631 ], [ 14.870067580612886, 36.870534771938786 ], [ 14.885215928423571, 36.868426747262824 ], [ 14.886181791375019, 36.868212209424129 ], [ 14.892446871655507, 36.864421712756673 ], [ 14.89293882179947, 36.863905325314285 ], [ 14.893235202509016, 36.863594190651312 ], [ 14.896132189204678, 36.860541062594045 ], [ 14.896795667297555, 36.859684419386397 ], [ 14.897066295790877, 36.859108382985205 ], [ 14.909468475002239, 36.853744403442633 ], [ 14.921576322601201, 36.848796681181412 ], [ 14.928927780267339, 36.850136759356175 ], [ 14.935572417380278, 36.860068994728344 ], [ 14.938357702364833, 36.863408645681154 ], [ 14.937791653931898, 36.86452687362079 ], [ 14.9368012787114, 36.866313695639832 ], [ 14.926979604822513, 36.873199078835839 ], [ 14.92081378672567, 36.877909743906741 ], [ 14.919670790233619, 36.880175106345227 ], [ 14.915130904099133, 36.886227929278569 ], [ 14.913456501558114, 36.887297189029916 ], [ 14.907986767966552, 36.888901694526645 ], [ 14.905520928037374, 36.889068572641413 ], [ 14.899830078268526, 36.88964216067145 ], [ 14.889741574429967, 36.895071183386143 ], [ 14.884066734044374, 36.898781954172975 ], [ 14.88262483030255, 36.9049699414469 ], [ 14.881587954807044, 36.908196659552004 ], [ 14.877558983020142, 36.91453784946934 ], [ 14.877431373266482, 36.916729253874031 ], [ 14.877405184360095, 36.918863840053724 ], [ 14.877514901682037, 36.919412977500713 ], [ 14.877613666770559, 36.919589397127147 ], [ 14.8778528728123, 36.92000053763222 ], [ 14.878201464262226, 36.92013405656445 ], [ 14.87849254816812, 36.920245546150305 ], [ 14.879232405899597, 36.920244804483048 ], [ 14.88216821330467, 36.920202617575711 ], [ 14.883724231249939, 36.920179140373008 ], [ 14.884279546748207, 36.920018867801062 ], [ 14.884600177362861, 36.919926327853418 ], [ 14.88549859585839, 36.919728636228911 ], [ 14.886195254927996, 36.919603979742597 ], [ 14.886779580701303, 36.919676181140694 ], [ 14.889855473029588, 36.9202297625908 ], [ 14.890987560416578, 36.920517726609226 ], [ 14.891513739635274, 36.920653558058874 ], [ 14.892344575669542, 36.921060011016188 ], [ 14.896564827270456, 36.923255409457902 ], [ 14.896611368510166, 36.92330337636826 ], [ 14.897046977115229, 36.923755919644229 ], [ 14.897201941561105, 36.924481594666183 ], [ 14.897175664159061, 36.924537972521037 ], [ 14.896819665362781, 36.925301743707706 ], [ 14.895740830729444, 36.926066576455199 ], [ 14.884141164178777, 36.933934802993527 ], [ 14.881600342122995, 36.935501295165892 ], [ 14.877510648198575, 36.93660458960494 ], [ 14.872725110224954, 36.938511887419573 ], [ 14.870295910247728, 36.940113109139254 ], [ 14.868341308177316, 36.941580498235879 ], [ 14.865381459247088, 36.943912291099707 ], [ 14.848440972811208, 36.947298343648526 ], [ 14.845535266534496, 36.945663862300293 ], [ 14.842830180315966, 36.944970978817146 ], [ 14.841041803377649, 36.945009707957936 ], [ 14.840142986883178, 36.945662301247147 ], [ 14.839209247900833, 36.946484743923094 ], [ 14.840517986671717, 36.949283310424725 ], [ 14.83998784076948, 36.959309838180928 ], [ 14.839513676249798, 36.964877638427701 ], [ 14.839499605819002, 36.965039045522978 ], [ 14.83941890538633, 36.965964740843688 ], [ 14.839258456835115, 36.966634088996784 ], [ 14.839240944774426, 36.966707141617491 ], [ 14.839162584896563, 36.967027600290329 ], [ 14.839112837334373, 36.967231042519572 ], [ 14.838185016590346, 36.969981766241965 ], [ 14.837040110360215, 36.973068347485167 ], [ 14.840251742294974, 36.974303964288325 ], [ 14.846934678103024, 36.975801164264219 ], [ 14.850527556162731, 36.975855327191809 ], [ 14.856052312824577, 36.975581989827141 ], [ 14.856440788000198, 36.975472761860196 ], [ 14.857565495153276, 36.975153777199665 ], [ 14.859675521667997, 36.974554223782057 ], [ 14.860560572134622, 36.974301095408237 ], [ 14.860504390262456, 36.974079989148649 ], [ 14.860464009724719, 36.973921072170178 ], [ 14.860340651048958, 36.973446488652534 ], [ 14.860246874565375, 36.973085709887222 ], [ 14.859042845818212, 36.972674983362552 ], [ 14.857001984495245, 36.966576382726295 ], [ 14.859171806507286, 36.959090113127445 ], [ 14.85944400247131, 36.958823884360292 ], [ 14.860658072700526, 36.957636409206273 ], [ 14.860713123221084, 36.957582563719271 ], [ 14.883147692535164, 36.937953733451735 ], [ 14.893299009110603, 36.929869667885491 ], [ 14.903302793219478, 36.922143207455953 ], [ 14.909110589156821, 36.919083320962656 ], [ 14.915626877604709, 36.916257765724595 ], [ 14.922332032416138, 36.911655984399964 ], [ 14.927594795249185, 36.906373694547447 ], [ 14.93461198167237, 36.900269035045874 ], [ 14.937581234267599, 36.903346950368437 ], [ 14.932068409964513, 36.91462965911257 ], [ 14.925124197916972, 36.923599446277329 ], [ 14.920516254331515, 36.927388417570192 ], [ 14.91864463783793, 36.935492523067097 ], [ 14.911097900488127, 36.936522172967265 ], [ 14.907452271397503, 36.939334641225273 ], [ 14.905035910444678, 36.942573451412123 ], [ 14.899461829171008, 36.950412546426357 ], [ 14.890675742434274, 36.961369433737758 ], [ 14.888304606216815, 36.964133821835979 ], [ 14.887330978807697, 36.966818079524813 ], [ 14.88653500042156, 36.969814569157855 ], [ 14.885864742106213, 36.97410707575488 ], [ 14.887543011300721, 36.982216912709923 ], [ 14.887314800853849, 36.986244344932601 ], [ 14.887120581929228, 36.988506296506486 ], [ 14.88692379781777, 36.98890257097878 ], [ 14.886499029074747, 36.98975563385855 ], [ 14.881270890019842, 36.99663853759872 ], [ 14.877966776322927, 37.000551631482374 ], [ 14.87315138312696, 37.004500903483958 ], [ 14.867264484909064, 37.010505791476028 ], [ 14.85946811512207, 37.019782722158581 ], [ 14.856095970292831, 37.029205172710689 ], [ 14.847680810779904, 37.036562663133694 ], [ 14.844024208702965, 37.037104018467424 ], [ 14.840590513691126, 37.03848764232923 ], [ 14.840511609219933, 37.038522352007675 ], [ 14.840138116895089, 37.03868665155278 ], [ 14.840058437307738, 37.038724152784198 ], [ 14.839990160490183, 37.038841558759003 ], [ 14.839835338384349, 37.039107783475771 ], [ 14.839745699205123, 37.039460327507228 ], [ 14.839619779210446, 37.039955559341017 ], [ 14.838870931443058, 37.043361345103776 ], [ 14.839014734417839, 37.044182376290472 ], [ 14.839350849337366, 37.044975899977416 ], [ 14.839900516856158, 37.045653112230625 ], [ 14.84045972661273, 37.046169506513024 ], [ 14.837933988361836, 37.05507796697696 ], [ 14.837560368663011, 37.055409834515423 ], [ 14.837416233246904, 37.055537860826789 ], [ 14.83697834754337, 37.055797603213591 ], [ 14.836886538065913, 37.055852061258122 ], [ 14.836100381406682, 37.05572435370641 ], [ 14.835567688388295, 37.055172597322404 ], [ 14.835011455760091, 37.054497649460764 ], [ 14.833396123091187, 37.052466523515818 ], [ 14.832846717453851, 37.051555216873219 ], [ 14.832523115008172, 37.050997355865135 ], [ 14.831727605736196, 37.049220549686794 ], [ 14.825933590569058, 37.050401858696695 ], [ 14.820347722872048, 37.052781079961647 ], [ 14.818886439255197, 37.053410167183294 ], [ 14.818333703802306, 37.053960405646421 ], [ 14.818003882090162, 37.055464149729829 ], [ 14.817971588033569, 37.056551490667005 ], [ 14.818154969841677, 37.059660406596265 ], [ 14.821556544185052, 37.065033384738918 ], [ 14.821920985522402, 37.065551916197336 ], [ 14.822039621587741, 37.065720708379686 ], [ 14.822241618264593, 37.065968711467477 ], [ 14.822612353209303, 37.06642387442254 ], [ 14.82358899463067, 37.06700137526952 ], [ 14.824683197655807, 37.067480218995499 ], [ 14.824915484927851, 37.067581869422639 ], [ 14.825703900691698, 37.067747243584307 ], [ 14.826253372420007, 37.067862494098136 ], [ 14.82854859114788, 37.067863576495959 ], [ 14.829110463383381, 37.06715453609835 ], [ 14.829124004058922, 37.066937828545242 ], [ 14.833170139392188, 37.062536802159144 ], [ 14.83389390474473, 37.061943002127833 ], [ 14.837564503762918, 37.059621698678811 ], [ 14.83803562353002, 37.059494920655908 ], [ 14.838937928015268, 37.059452604847444 ], [ 14.839420839705587, 37.059552504357782 ], [ 14.842591877435821, 37.060215435913264 ], [ 14.843106957849137, 37.060738581178335 ], [ 14.842875159461373, 37.060881774253616 ], [ 14.842758492426476, 37.060953833002401 ], [ 14.840900676520846, 37.061752254950576 ], [ 14.840528204721549, 37.061809375502612 ], [ 14.836529822633617, 37.064452550248866 ], [ 14.833217605921694, 37.067494264663054 ], [ 14.832095964313915, 37.071170449695515 ], [ 14.826581141434271, 37.075734721785572 ], [ 14.820624570966668, 37.080060052032962 ], [ 14.819788688271679, 37.080724580389713 ], [ 14.819550568587188, 37.081355153510195 ], [ 14.819406411131057, 37.081831164041837 ], [ 14.819323647396628, 37.082104451396461 ], [ 14.81985475248168, 37.083865104139825 ], [ 14.820554644314566, 37.085079598319339 ], [ 14.820755896014335, 37.085395988908871 ], [ 14.820868771809605, 37.085604219139285 ], [ 14.821405544137153, 37.087236314614849 ], [ 14.822163980909707, 37.089642856722158 ], [ 14.821284992417915, 37.09492504361355 ], [ 14.816683306160131, 37.108692192305149 ], [ 14.813332111573168, 37.113094586772831 ], [ 14.811240253536077, 37.111649229498468 ], [ 14.810464240432193, 37.111349826822938 ], [ 14.80295957102822, 37.11022888790896 ], [ 14.799195790790794, 37.1118359179507 ], [ 14.794964576246475, 37.113644679703675 ], [ 14.794143070644125, 37.115477413087675 ], [ 14.797214659401812, 37.121081034933006 ], [ 14.79949165563006, 37.122934228861084 ], [ 14.799752159613504, 37.123042618234827 ], [ 14.80012279027657, 37.123267472561523 ], [ 14.800195426663093, 37.123321719004714 ], [ 14.800617586669059, 37.123636995897286 ], [ 14.800844390998703, 37.123855397561222 ], [ 14.800868967790576, 37.123892692819368 ], [ 14.801053710183458, 37.124174208553335 ], [ 14.801157601728024, 37.124449894672175 ], [ 14.801121221532993, 37.124928749749046 ], [ 14.801040396536562, 37.125387313560836 ], [ 14.800578434670594, 37.12610760629817 ], [ 14.800104790941772, 37.126675457862888 ], [ 14.796244162205761, 37.130535350330184 ], [ 14.795408289510323, 37.131291982481834 ], [ 14.793869687646696, 37.132043468904222 ], [ 14.800603222254081, 37.130109966266332 ], [ 14.801988419645728, 37.129068018930013 ], [ 14.804568731830882, 37.127604092658068 ], [ 14.804855161267895, 37.127472988854095 ], [ 14.804965208949262, 37.127423011752498 ], [ 14.806992963554139, 37.126524465979692 ], [ 14.807692919036747, 37.126242510593208 ], [ 14.808389095647099, 37.126057511820953 ], [ 14.808684112568889, 37.126032974874491 ], [ 14.808918292096708, 37.12601349977426 ], [ 14.818914064497591, 37.126705271360947 ], [ 14.824258234151518, 37.12784840497455 ], [ 14.824604054288486, 37.127925379545701 ], [ 14.824782708660253, 37.127965174244288 ], [ 14.83144509100156, 37.124841083514411 ], [ 14.831854799996817, 37.124606662532031 ], [ 14.83241639622789, 37.124335909099415 ], [ 14.832959618008417, 37.124237064247275 ], [ 14.83366921981643, 37.124328048590115 ], [ 14.836830535607758, 37.124780215025176 ], [ 14.8434935441127, 37.13014800567074 ], [ 14.846510568163115, 37.141167219881631 ], [ 14.846030029807237, 37.14571872845395 ], [ 14.845113498786604, 37.147528363311721 ], [ 14.842898455983125, 37.151690860488998 ], [ 14.841869020472968, 37.153132497818092 ], [ 14.836926838357593, 37.158028410966359 ], [ 14.834956245029888, 37.16317330551005 ], [ 14.836748403941192, 37.165951257413333 ], [ 14.838297343187405, 37.16721636193919 ], [ 14.845896538732134, 37.172110408318801 ], [ 14.856066788188995, 37.179145442644426 ], [ 14.865186566149941, 37.18253407578284 ], [ 14.865668853349238, 37.182714187611595 ], [ 14.86594960249252, 37.182891070230369 ], [ 14.866367838668854, 37.183159482881528 ], [ 14.867886326137665, 37.184233943016892 ], [ 14.870002485888367, 37.185805255312182 ], [ 14.870249134524553, 37.186373573747368 ], [ 14.870707180644594, 37.188043045344521 ], [ 14.870843129773215, 37.189341345827195 ], [ 14.871479395136095, 37.204132754752081 ], [ 14.871345511437223, 37.204753749614369 ], [ 14.871038800542788, 37.205223567720616 ], [ 14.869907947788482, 37.206672770160537 ], [ 14.869468942353821, 37.207223418463059 ], [ 14.869074183174693, 37.207528840653588 ], [ 14.866819381114794, 37.208680574719097 ], [ 14.866277520466051, 37.208797198480895 ], [ 14.866153163462497, 37.208823963019356 ], [ 14.863493518039796, 37.20881208041061 ], [ 14.859194029854905, 37.206303128436929 ], [ 14.855532230900035, 37.203936840673869 ], [ 14.848846925048662, 37.200789364266029 ], [ 14.827374252468511, 37.195919312637201 ], [ 14.827031271969934, 37.195922846197789 ], [ 14.826682778789401, 37.195926436586063 ], [ 14.826470453408914, 37.195946047468979 ], [ 14.82591182381662, 37.195997643308651 ], [ 14.825728848636654, 37.196014543394185 ], [ 14.825633160152998, 37.196023382453561 ], [ 14.825532002642976, 37.196032727138494 ], [ 14.825113438800148, 37.19621318026266 ], [ 14.824707693343255, 37.196825057944771 ], [ 14.822805794546335, 37.200690515714975 ], [ 14.82143170242818, 37.204680670092209 ], [ 14.821353625079835, 37.204921636503684 ], [ 14.821046470057324, 37.205869859430855 ], [ 14.820831682149199, 37.206879616141002 ], [ 14.820768263998305, 37.207186127393648 ], [ 14.813499479168048, 37.210165377663557 ], [ 14.803525250352104, 37.213936072994358 ], [ 14.799622852751501, 37.214553194141295 ], [ 14.797976352780394, 37.214730845679881 ], [ 14.796511515967964, 37.214782527342372 ], [ 14.795362727615595, 37.214708411965539 ], [ 14.794281564489427, 37.214507191470716 ], [ 14.792650189584341, 37.213900893384036 ], [ 14.789339470643529, 37.212217966547684 ], [ 14.788415926792382, 37.211612893673362 ], [ 14.785985322083867, 37.210525824385428 ], [ 14.785063516835725, 37.210172687816325 ], [ 14.783993069544421, 37.210009095791328 ], [ 14.783000533346138, 37.20997220165426 ], [ 14.782415251502004, 37.210421716279839 ], [ 14.781771286235655, 37.210977600997502 ], [ 14.774243689547397, 37.221349207295972 ], [ 14.77335059383679, 37.222803117797575 ], [ 14.773006299833963, 37.22422052913771 ], [ 14.772961231438488, 37.224771835613758 ], [ 14.77307176641928, 37.225085948089074 ], [ 14.774480788780641, 37.228669529535779 ], [ 14.777249996691003, 37.229314750268337 ], [ 14.783974723641224, 37.235968586709902 ], [ 14.78917962076504, 37.241323661297102 ], [ 14.790629862430043, 37.242688275214725 ], [ 14.791316844874464, 37.243203661902506 ], [ 14.791475783541085, 37.243278802039754 ], [ 14.791952332526364, 37.243504092865585 ], [ 14.792002525786373, 37.243527820774837 ], [ 14.797667793670623, 37.245792031959638 ], [ 14.801765259458378, 37.247849995719669 ], [ 14.806470995649956, 37.251269329863348 ], [ 14.809032375405051, 37.254675956437637 ], [ 14.812062836247179, 37.256023710341189 ], [ 14.824082015410461, 37.257877141638041 ], [ 14.834985056117567, 37.257847058053187 ], [ 14.835921344724866, 37.257721996182781 ], [ 14.837962026340556, 37.257643530766977 ], [ 14.838920258592712, 37.25775331431808 ], [ 14.842133307880923, 37.258387208902427 ], [ 14.844141114529007, 37.258798060194472 ], [ 14.846664245864501, 37.259458417285721 ], [ 14.847534709943655, 37.260018374535314 ], [ 14.848060199371046, 37.260622433473209 ], [ 14.854865990766916, 37.271205864577269 ], [ 14.857693889892907, 37.277337140538926 ], [ 14.86204489854304, 37.280403209538427 ], [ 14.873636513955031, 37.282422239221546 ], [ 14.881900730288185, 37.285856208029706 ], [ 14.882401293209467, 37.286073949025926 ], [ 14.88284750877293, 37.286268047002423 ], [ 14.882781156078805, 37.286390220744572 ], [ 14.882607534959343, 37.28670982110097 ], [ 14.882542181900538, 37.286830119409821 ], [ 14.882191472284365, 37.287225648849315 ], [ 14.882067914006932, 37.287352324161766 ], [ 14.881750788968823, 37.28767744699995 ], [ 14.881700533143476, 37.287719585976276 ], [ 14.87969650199809, 37.295741518889393 ], [ 14.882883249736384, 37.29931361457966 ], [ 14.888200624250219, 37.305327591443849 ], [ 14.891872218775069, 37.309868873778889 ], [ 14.892221844834989, 37.310708774100945 ], [ 14.892163975103207, 37.311022195890885 ], [ 14.891892835255446, 37.311229286743824 ], [ 14.891361931286374, 37.311474078169084 ], [ 14.890775752672347, 37.311624881724249 ], [ 14.890343159557558, 37.311650749805679 ], [ 14.889861582977627, 37.311679544482381 ], [ 14.889251570867428, 37.311705514498556 ], [ 14.874428235588402, 37.315035053910208 ], [ 14.863732776343625, 37.31783251251472 ], [ 14.856942126136561, 37.320364764343758 ], [ 14.849053485406152, 37.322928214338766 ], [ 14.848560571978091, 37.323081992729179 ], [ 14.848367612055595, 37.32314219135683 ], [ 14.848287246119275, 37.323167262437941 ], [ 14.848157830696671, 37.323207118009094 ], [ 14.843384896496945, 37.324534736367632 ], [ 14.842481938205358, 37.324675084649343 ], [ 14.842447878389571, 37.324678720203153 ], [ 14.842042783797067, 37.324712592568275 ], [ 14.841612152969766, 37.324748598198028 ], [ 14.841074364466984, 37.324666592589871 ], [ 14.840721011390658, 37.324612708741746 ], [ 14.840179131598816, 37.324511279198603 ], [ 14.839591718178545, 37.324313088132556 ], [ 14.837724977307198, 37.323419051416494 ], [ 14.836404124023364, 37.322463507367225 ], [ 14.835016103951595, 37.32122482040964 ], [ 14.833901246408384, 37.320447347994083 ], [ 14.830052613105305, 37.319326041397716 ], [ 14.828876625010849, 37.319009496770143 ], [ 14.823515866097463, 37.317803302938508 ], [ 14.804049521174733, 37.315830922519055 ], [ 14.799789040481294, 37.317627080932709 ], [ 14.795178386372536, 37.319809358216467 ], [ 14.79485044903814, 37.320115723613192 ], [ 14.790571410845052, 37.324705283695614 ], [ 14.783178063136994, 37.325313401512851 ], [ 14.779464922838541, 37.325000361518796 ], [ 14.778652532580473, 37.32874883414469 ], [ 14.778434789542978, 37.329857707538991 ], [ 14.778471583841176, 37.330013006098348 ], [ 14.778579738037473, 37.330469483418625 ], [ 14.779502420881258, 37.331418948321492 ], [ 14.780482134775331, 37.332358861570903 ], [ 14.780977620949479, 37.332773389954497 ], [ 14.782341788939933, 37.333892487054747 ], [ 14.790170087537815, 37.33951472073695 ], [ 14.799461179047832, 37.344671982420984 ], [ 14.808499930396394, 37.349630975265036 ], [ 14.809183123201269, 37.349945455177021 ], [ 14.812228304484799, 37.351044655096807 ], [ 14.817866434872059, 37.353047224016457 ], [ 14.82175718669656, 37.353970636404476 ], [ 14.829129340417188, 37.354639237599038 ], [ 14.838441766239848, 37.35781096038518 ], [ 14.841344088164275, 37.361325746661024 ], [ 14.839376753651706, 37.36797628983085 ], [ 14.839310030664459, 37.368261881349362 ], [ 14.83919377798318, 37.368759476650787 ], [ 14.839046070718474, 37.369552179708904 ], [ 14.838954315619256, 37.370103562372996 ], [ 14.839054058851145, 37.370733227432616 ], [ 14.839277331533637, 37.371428778196687 ], [ 14.841266128238514, 37.376704091062123 ], [ 14.841615603407432, 37.377208847267596 ], [ 14.84294468238485, 37.378923003817782 ], [ 14.84383640059157, 37.379483536600752 ], [ 14.844570951907695, 37.379925732954419 ], [ 14.844682960923841, 37.379993160416767 ], [ 14.854490149951028, 37.38352295265922 ], [ 14.860440481671937, 37.385074721946054 ], [ 14.868447701783149, 37.386264874289282 ], [ 14.877761759054023, 37.389583546076885 ], [ 14.88088866733316, 37.39155182327498 ], [ 14.887486944586607, 37.397786478695821 ], [ 14.887587259892147, 37.399558856888426 ], [ 14.887323561567243, 37.401552677055683 ], [ 14.887295601268885, 37.404420963659732 ], [ 14.887397249386872, 37.405167499170282 ], [ 14.88753157700754, 37.406105908267932 ], [ 14.887792428570522, 37.407827769079688 ], [ 14.891785149545052, 37.410004597302873 ], [ 14.89272150403464, 37.410261836348802 ], [ 14.893659168190885, 37.410302408459742 ], [ 14.897826767519067, 37.410406229721431 ], [ 14.912623983744584, 37.41202626421002 ], [ 14.913400552567241, 37.412229495203604 ], [ 14.914596226096787, 37.412509269141808 ], [ 14.915421618212211, 37.41269959995843 ], [ 14.916189793851622, 37.412683532013276 ], [ 14.916925306732946, 37.412646591167075 ], [ 14.92122887201282, 37.412306580284017 ], [ 14.925096508977367, 37.411011734586943 ] ] ] ] } }
]
}
